발생년,발생년월일시,발생분,주야,요일,사망자수,사상자수,중상자수,경상자수,부상신고자수,발생지시도,발생지시군구,사고유형_대분류,사고유형_중분류,사고유형,법규위반_대분류,법규위반,도로형태_대분류,도로형태,당사자종별_1당_대분류,당사자종별_1당,당사자종별_2당_대분류,당사자종별_2당,발생위치X_UTMK,발생위치Y_UTMK,경도,위도
2015,2015061911,0,주간,금,1,1,0,0,0,서울,용산구,차대차,측면직각충돌,측면직각충돌,운전자법규위반,신호위반,교차로,교차로내,자전거,자전거,승용차,중형,953359,1949578,126.9720171,37.54435358
2015,2015062001,35,야간,토,1,1,0,0,0,서울,동작구,차대사람,차도통행중,차도통행중,운전자법규위반,안전운전 의무 불이행,교차로,교차로내,승용차,대형,보행자,보행자,951054,1945196,126.9462173,37.50473816
2015,2015062004,48,야간,토,1,1,0,0,0,경북,포항시,차량단독,공작물충돌,공작물충돌,운전자법규위반,안전운전 의무 불이행,단일로,기타단일로,승용차,소형,0,0,1165852,1793886,129.3430722,36.12784023
2015,2015062320,20,야간,화,1,1,0,0,0,전남,영광군,차대사람,횡단중,횡단중,운전자법규위반,안전운전 의무 불이행,단일로,횡단보도부근,승용차,중형,보행자,보행자,904232,1711427,126.4454473,35.39394533
2015,2015062321,37,야간,화,1,1,0,0,0,충남,논산시,차대사람,길가장자리구역통행중,길가장자리구역통행중,운전자법규위반,안전운전 의무 불이행,단일로,기타단일로,승용차,중형,보행자,보행자,956607,1796623,127.0175285,36.16572653
2015,2015062412,18,주간,수,1,1,0,0,0,부산,수영구,차대차,측면직각충돌,측면직각충돌,운전자법규위반,부당한 회전,교차로,교차로부근,자전거,자전거,승용차,소형,1147055,1684724,129.1143525,35.14701087
2015,2015063003,15,야간,화,1,1,0,0,0,경기,화성시,차량단독,공작물충돌,공작물충돌,운전자법규위반,안전운전 의무 불이행,단일로,기타단일로,승용차,소형,0,0,957542,1911953,127.0215268,37.20542132
2015,2015052804,5,야간,목,1,1,0,0,0,대구,달서구,차량단독,공작물충돌,공작물충돌,운전자법규위반,안전운전 의무 불이행,단일로,기타단일로,이륜차,소형,0,0,1093730,1758587,128.5375896,35.81928938
2015,2015052714,55,주간,수,1,1,0,0,0,경남,창원시(통합),차대차,기타,기타,운전자법규위반,중앙선 침범,단일로,기타단일로,원동기장치자전거,원동기장치자전거,화물차,소형,1109883,1706876,128.7093394,35.35146204
2015,2015052623,35,야간,화,1,2,0,1,0,경기,시흥시,차대차,정면충돌,정면충돌,운전자법규위반,중앙선 침범,단일로,기타단일로,화물차,소형,승합차,대형,940093,1934741,126.82306,37.40985973
2015,2015060221,3,야간,화,1,1,0,0,0,경기,구리시,차대사람,차도통행중,차도통행중,운전자법규위반,안전운전 의무 불이행,단일로,기타단일로,자전거,자전거,보행자,보행자,968454,1958084,127.1425245,37.62166165
2015,2015053113,50,주간,일,1,2,0,1,0,경기,화성시,차대차,측면직각충돌,측면직각충돌,운전자법규위반,교차로 통행방법 위반,교차로,교차로내,승용차,대형,승용차,소형,943239,1899711,126.8612783,37.09431567
2015,2015053120,20,야간,일,1,1,0,0,0,경남,함안군,차대사람,횡단중,횡단중,운전자법규위반,안전운전 의무 불이행,단일로,기타단일로,승용차,소형,보행자,보행자,1076338,1699526,128.339511,35.28832458
2015,2015021702,25,야간,화,1,2,1,0,0,강원,속초시,차대사람,기타,기타,운전자법규위반,안전운전 의무 불이행,단일로,기타단일로,승용차,소형,보행자,보행자,1093738,2022746,128.5705645,38.2001226
2015,2015022410,30,주간,화,1,1,0,0,0,경기,평택시,차대사람,기타,기타,운전자법규위반,안전운전 의무 불이행,기타/불명,기타/불명,승용차,중형,보행자,보행자,959173,1885112,127.0413665,36.96354908
2015,2015022421,36,야간,화,1,1,0,0,0,광주,광산구,차량단독,공작물충돌,공작물충돌,운전자법규위반,안전운전 의무 불이행,단일로,기타단일로,원동기장치자전거,원동기장치자전거,0,0,935832,1687291,126.7952709,35.17886365
2015,2015022723,54,야간,금,1,1,0,0,0,경남,양산시,차대사람,기타,기타,운전자법규위반,안전운전 의무 불이행,단일로,기타단일로,승용차,중형,보행자,보행자,1150002,1709709,129.1512554,35.37177313
2015,2015022607,25,주간,목,1,2,1,0,0,강원,원주시,차대차,추돌,주정차중 추돌,운전자법규위반,중앙선 침범,단일로,기타단일로,승용차,중형,승용차,중형,1054567,1917167,128.1153089,37.25178827
2015,2015030504,55,야간,목,1,1,0,0,0,인천,계양구,차량단독,전도전복,전도전복,운전자법규위반,안전운전 의무 불이행,단일로,기타단일로,원동기장치자전거,원동기장치자전거,0,0,933525,1948191,126.7476341,37.53063548
2015,2015030415,35,주간,수,1,1,0,0,0,전북,전주시,차대차,측면직각충돌,측면직각충돌,운전자법규위반,안전거리 미확보,교차로,교차로부근,화물차,대형,원동기장치자전거,원동기장치자전거,964458,1759979,127.1064639,35.83567409
2015,2015031006,15,주간,화,1,1,0,0,0,경북,포항시,차량단독,공작물충돌,공작물충돌,운전자법규위반,안전운전 의무 불이행,단일로,기타단일로,화물차,소형,0,0,1167440,1785348,129.3579845,36.04898754
2015,2015031022,40,야간,화,1,1,0,0,0,대구,달성군,차대사람,횡단중,횡단중,운전자법규위반,과속,교차로,교차로부근,화물차,경형,보행자,보행자,1086220,1747745,128.4532976,35.72223721
2015,2015031104,3,야간,수,1,1,0,0,0,경기,고양시,차대차,기타,기타,운전자법규위반,과속,단일로,기타단일로,승용차,중형,이륜차,소형,933585,1966512,126.7466491,37.69576174
2015,2015031100,50,야간,수,1,1,0,0,0,서울,강남구,차량단독,기타,기타,운전자법규위반,안전운전 의무 불이행,교차로,교차로부근,승용차,중형,0,0,962455,1943068,127.0753149,37.48609188
2015,2015031714,20,주간,화,1,2,1,0,0,전북,익산시,차대차,측면직각충돌,측면직각충돌,운전자법규위반,안전운전 의무 불이행,단일로,기타단일로,이륜차,소형,화물차,소형,962716,1784722,127.0860141,36.05868703
2015,2015031506,20,주간,일,1,2,1,0,0,경기,성남시,차대차,추돌,진행중 추돌,운전자법규위반,신호위반,교차로,교차로내,승용차,중형,승합차,대형,968335,1934235,127.1422038,37.40669535
2015,2015031915,50,주간,목,1,1,0,0,0,경북,의성군,차대차,측면직각충돌,측면직각충돌,운전자법규위반,과속,단일로,기타단일로,화물차,소형,이륜차,사발이,1076135,1834039,128.3501471,36.50099109
2015,2015032013,10,주간,금,1,1,0,0,0,경북,김천시,차대차,측면직각충돌,측면직각충돌,운전자법규위반,안전거리 미확보,단일로,기타단일로,이륜차,소형,승합차,중형,1042214,1776364,127.9682789,35.98313303
2015,2015032601,28,야간,목,1,2,0,1,0,서울,중랑구,차대차,정면충돌,정면충돌,운전자법규위반,중앙선 침범,단일로,횡단보도부근,이륜차,중형,승합차,대형,963453,1955307,127.0859938,37.59644653
2015,2015033017,52,주간,월,1,1,0,0,0,경기,용인시,차대사람,기타,기타,운전자법규위반,기타(운전자법규위반),교차로,교차로부근,승합차,경형,보행자,보행자,969048,1919865,127.1508603,37.27719201
2015,2015032919,40,야간,일,1,2,0,1,0,전남,나주시,차대차,기타,기타,운전자법규위반,안전운전 의무 불이행,단일로,기타단일로,승용차,중형,승용차,소형,927635,1663863,126.7072995,34.96706868
2015,2015032821,5,야간,토,1,1,0,0,0,경남,김해시,차대사람,횡단중,횡단중,운전자법규위반,안전운전 의무 불이행,교차로,교차로내,화물차,중형,보행자,보행자,1119046,1690792,128.8078286,35.20541916
2015,2015040321,50,야간,금,1,1,0,0,0,인천,남구,차대사람,차도통행중,차도통행중,운전자법규위반,과속,교차로,교차로부근,화물차,소형,보행자,보행자,924803,1938534,126.6499145,37.44292981
2015,2015021822,10,야간,수,1,1,0,0,0,경기,광주시,차대차,정면충돌,정면충돌,운전자법규위반,중앙선 침범,단일로,기타단일로,승용차,중형,이륜차,소형,978405,1934001,127.2559946,37.40487572
2015,2015021911,15,주간,목,1,3,2,0,0,경북,경주시,차량단독,공작물충돌,공작물충돌,운전자법규위반,안전운전 의무 불이행,단일로,기타단일로,승용차,중형,0,0,1173292,1748364,129.4157879,35.71634187
2015,2015021719,40,야간,화,1,1,0,0,0,경북,구미시,차대사람,기타,기타,운전자법규위반,안전운전 의무 불이행,단일로,횡단보도상,승용차,중형,보행자,보행자,1076773,1796506,128.3535714,36.16260129
2015,2015022420,10,야간,화,1,1,0,0,0,경남,함안군,차대사람,횡단중,횡단중,운전자법규위반,안전운전 의무 불이행,단일로,기타단일로,승용차,소형,보행자,보행자,1091765,1703250,128.5095617,35.32060228
2015,2015030406,0,주간,수,1,2,1,0,0,충남,태안군,차대차,측면직각충돌,측면직각충돌,운전자법규위반,신호위반,교차로,교차로내,승용차,중형,승합차,소형,889844,1863095,126.2658617,36.7595586
2015,2015030405,40,야간,수,1,1,0,0,0,광주,북구,차대사람,횡단중,횡단중,운전자법규위반,안전운전 의무 불이행,단일로,횡단보도상,화물차,소형,보행자,보행자,948429,1687480,126.9335996,35.18129372
2015,2015030713,13,주간,토,1,1,0,0,0,강원,강릉시,차대차,측면직각충돌,측면직각충돌,운전자법규위반,안전운전 의무 불이행,교차로,교차로내,이륜차,사발이,승용차,중형,1117038,1989320,128.831093,37.89629746
2015,2015030818,45,야간,일,1,1,0,0,0,대구,동구,차대사람,횡단중,횡단중,운전자법규위반,안전운전 의무 불이행,단일로,횡단보도상,승용차,중형,보행자,보행자,1103068,1766961,128.6420258,35.89383901
2015,2015030716,40,주간,토,1,1,0,0,0,경북,김천시,차량단독,전도전복,전도전복,운전자법규위반,안전운전 의무 불이행,교차로,교차로부근,승용차,중형,0,0,1044646,1786589,127.9958335,36.07520883
2015,2015030700,20,야간,토,1,2,1,0,0,울산,중구,차대사람,기타,기타,운전자법규위반,안전운전 의무 불이행,교차로,교차로내,이륜차,소형,보행자,보행자,1165127,1730054,129.3218142,35.5527367
2015,2015030517,5,주간,목,1,1,0,0,0,충남,아산시,차대차,추돌,진행중 추돌,운전자법규위반,안전운전 의무 불이행,단일로,기타단일로,이륜차,중형,승용차,중형,953982,1864451,126.9843084,36.7770659
2015,2015031210,21,주간,목,1,1,0,0,0,전남,무안군,차량단독,전도전복,전도전복,운전자법규위반,안전운전 의무 불이행,교차로,교차로부근,이륜차,소형,0,0,892613,1678920,126.3217749,35.09970518
2015,2015031000,54,야간,화,1,1,0,0,0,경기,안산시,차대차,추돌,주정차중 추돌,운전자법규위반,안전운전 의무 불이행,단일로,기타단일로,승용차,중형,건설기계,건설기계,941869,1921477,126.8441681,37.29042048
2015,2015031010,10,주간,화,1,1,0,0,0,부산,강서구,차대차,측면직각충돌,측면직각충돌,운전자법규위반,안전운전 의무 불이행,단일로,기타단일로,자전거,자전거,화물차,소형,1123902,1682886,128.8599756,35.13356152
2015,2015031119,55,야간,수,1,1,0,0,0,강원,평창군,차대사람,횡단중,횡단중,운전자법규위반,보행자 보호의무 위반,단일로,횡단보도상,승용차,중형,보행자,보행자,1080009,1933163,128.4038961,37.39411903
2015,2015031322,20,야간,금,1,2,1,0,0,경기,의정부시,차대차,정면충돌,정면충돌,운전자법규위반,중앙선 침범,단일로,기타단일로,승합차,경형,원동기장치자전거,원동기장치자전거,960097,1969516,127.0472008,37.72437476
2015,2015031416,50,주간,토,1,2,1,0,0,충북,음성군,차대차,기타,기타,운전자법규위반,신호위반,교차로,교차로내,이륜차,중형,승용차,소형,997694,1886296,127.4740847,36.97497802
2015,2015032004,0,야간,금,1,1,0,0,0,서울,강남구,차대사람,보도통행중,보도통행중,운전자법규위반,중앙선 침범,교차로,교차로부근,승용차,소형,보행자,보행자,960544,1942506,127.0536886,37.4808059
2015,2015032306,30,주간,월,1,1,0,0,0,전남,영광군,차량단독,도로이탈,도로이탈 추락,운전자법규위반,안전운전 의무 불이행,단일로,기타단일로,원동기장치자전거,원동기장치자전거,0,0,917359,1701832,126.5909481,35.30861424
2015,2015032201,0,야간,일,1,1,0,0,0,서울,강북구,차대차,측면직각충돌,측면직각충돌,운전자법규위반,안전운전 의무 불이행,단일로,기타단일로,승용차,중형,원동기장치자전거,원동기장치자전거,958243,1957662,127.026842,37.61745083
2015,2015032201,30,야간,일,1,1,0,0,0,대구,수성구,차대사람,횡단중,횡단중,운전자법규위반,안전운전 의무 불이행,단일로,횡단보도상,승용차,중형,보행자,보행자,1102071,1763062,128.6304812,35.85879651
2015,2015033117,20,주간,화,1,1,0,0,0,경남,창원시(통합),차량단독,공작물충돌,공작물충돌,운전자법규위반,안전운전 의무 불이행,단일로,기타단일로,승용차,중형,0,0,1109353,1681848,128.7001785,35.12589043
2015,2015070310,30,주간,금,1,1,0,0,0,대구,동구,차대차,측면직각충돌,측면직각충돌,운전자법규위반,신호위반,단일로,횡단보도상,승용차,중형,이륜차,소형,1108022,1764782,128.6966117,35.87366272
2015,2015070321,5,야간,금,1,4,2,1,0,서울,은평구,차대차,추돌,진행중 추돌,운전자법규위반,안전운전 의무 불이행,교차로,교차로내,승용차,중형,승용차,중형,945475,1954807,126.8823845,37.59104999
2015,2015070400,10,야간,토,1,1,0,0,0,부산,해운대구,차대사람,기타,기타,운전자법규위반,안전운전 의무 불이행,단일로,교량위,승용차,중형,보행자,보행자,1148168,1686871,129.1269519,35.16619961
2015,2015070417,53,주간,토,1,1,0,0,0,충남,당진시,차대차,측면직각충돌,측면직각충돌,운전자법규위반,교차로 통행방법 위반,교차로,교차로내,화물차,소형,원동기장치자전거,원동기장치자전거,937427,1868739,126.7984466,36.81476939
2015,2015070515,35,주간,일,1,6,0,5,0,충북,청주시,차대차,측면직각충돌,측면직각충돌,운전자법규위반,신호위반,교차로,교차로내,승용차,경형,이륜차,소형,997969,1845808,127.4772891,36.61011679
2015,2015071020,55,야간,금,1,1,0,0,0,부산,강서구,차대사람,기타,기타,운전자법규위반,과속,교차로,교차로내,승용차,중형,보행자,보행자,1127848,1681321,128.9030344,35.11896003
2015,2015071003,0,야간,금,1,1,0,0,0,광주,북구,차대사람,횡단중,횡단중,운전자법규위반,과속,단일로,횡단보도상,승용차,중형,보행자,보행자,942993,1690128,126.8737163,35.20487582
2015,2015070914,12,주간,목,1,1,0,0,0,경남,밀양시,차대사람,기타,기타,운전자법규위반,안전운전 의무 불이행,교차로,교차로부근,승합차,대형,보행자,보행자,1125167,1733126,128.8815515,35.58628288
2015,2015070918,40,야간,목,1,2,1,0,0,대구,달성군,차량단독,공작물충돌,공작물충돌,운전자법규위반,안전운전 의무 불이행,단일로,기타단일로,승용차,중형,0,0,1090746,1744903,128.5030119,35.69620979
2015,2015060904,50,야간,화,1,1,0,0,0,충남,아산시,차량단독,기타,기타,운전자법규위반,안전운전 의무 불이행,기타/불명,기타/불명,농기계,농기계,0,0,948308,1873388,126.9201192,36.8573336
2015,2015060910,30,주간,화,1,1,0,0,0,경기,안산시,차대차,추돌,주정차중 추돌,운전자법규위반,안전운전 의무 불이행,단일로,기타단일로,화물차,소형,승용차,중형,945917,1921511,126.8898326,37.29097117
2015,2015060908,42,주간,화,1,1,0,0,0,충북,음성군,차대차,측면직각충돌,측면직각충돌,운전자법규위반,안전운전 의무 불이행,단일로,기타단일로,이륜차,소형,승용차,중형,1013275,1902137,127.6494282,37.11781024
2015,2015060810,20,주간,월,1,1,0,0,0,강원,철원군,차대차,추돌,진행중 추돌,운전자법규위반,안전거리 미확보,단일로,기타단일로,이륜차,소형,건설기계,건설기계,983646,2018001,127.3133185,38.16209061
2015,2015061503,50,야간,월,1,2,1,0,0,전남,무안군,차대차,기타,기타,운전자법규위반,과속,단일로,기타단일로,화물차,소형,승용차,중형,909771,1644482,126.5137267,34.79088933
2015,2015061214,40,주간,금,2,3,1,0,0,충남,태안군,차대차,추돌,주정차중 추돌,운전자법규위반,안전운전 의무 불이행,단일로,기타단일로,건설기계,건설기계,특수차,소형,894294,1846128,126.3180502,36.60714195
2015,2015061208,13,주간,금,1,1,0,0,0,강원,영월군,차대사람,횡단중,횡단중,운전자법규위반,안전운전 의무 불이행,단일로,기타단일로,승용차,중형,보행자,보행자,1086741,1909484,128.4771768,37.18010213
2015,2015061214,40,주간,금,1,3,1,0,1,경기,고양시,차량단독,공작물충돌,공작물충돌,운전자법규위반,안전운전 의무 불이행,단일로,기타단일로,승용차,대형,0,0,943429,1953390,126.8593198,37.57815507
2015,2015061721,25,야간,수,1,1,0,0,0,강원,원주시,차대사람,기타,기타,운전자법규위반,안전운전 의무 불이행,단일로,기타단일로,승용차,중형,보행자,보행자,1037271,1928867,127.9208689,37.35810168
2015,2015061613,30,주간,화,1,1,0,0,0,경북,칠곡군,차대사람,횡단중,횡단중,운전자법규위반,안전운전 의무 불이행,단일로,기타단일로,승용차,중형,보행자,보행자,1089516,1771363,128.4923827,35.93485574
2015,2015061420,25,야간,일,1,1,0,0,0,경기,파주시,차대사람,차도통행중,차도통행중,운전자법규위반,안전운전 의무 불이행,기타/불명,기타/불명,승용차,소형,보행자,보행자,940484,1971261,126.8245112,37.73903705
2015,2015062016,50,주간,토,1,1,0,0,0,경기,연천군,차량단독,공작물충돌,공작물충돌,운전자법규위반,안전운전 의무 불이행,단일로,기타단일로,승용차,소형,0,0,962303,1998913,127.0706988,37.98941949
2015,2015062323,15,야간,화,1,2,0,0,1,부산,기장군,차대사람,횡단중,횡단중,운전자법규위반,과속,교차로,교차로부근,승용차,대형,보행자,보행자,1155994,1693566,129.2141191,35.22535796
2015,2015062321,10,야간,화,1,1,0,0,0,전북,부안군,차대사람,길가장자리구역통행중,길가장자리구역통행중,운전자법규위반,안전운전 의무 불이행,단일로,기타단일로,승용차,중형,보행자,보행자,920129,1733593,126.6182965,35.59518709
2015,2015062923,30,야간,월,1,1,0,0,0,경남,창원시(통합),차대차,정면충돌,정면충돌,운전자법규위반,과속,단일로,기타단일로,승용차,중형,원동기장치자전거,원동기장치자전거,1094865,1695959,128.5428184,35.25458062
2015,2015062910,30,주간,월,1,1,0,0,0,제주,서귀포시,차대사람,횡단중,횡단중,운전자법규위반,보행자 보호의무 위반,단일로,횡단보도상,승용차,소형,보행자,보행자,905783,1473695,126.4885773,33.25046459
2015,2015052104,35,야간,목,1,1,0,0,0,서울,서대문구,차대사람,보도통행중,보도통행중,운전자법규위반,보행자 보호의무 위반,교차로,교차로내,화물차,중형,보행자,보행자,948200,1953838,126.9133181,37.58247381
2015,2015052521,30,야간,월,1,1,0,0,0,경북,영천시,차량단독,공작물충돌,공작물충돌,운전자법규위반,안전운전 의무 불이행,교차로,교차로부근,화물차,소형,0,0,1115976,1783973,128.7875077,36.04573527
2015,2015052522,10,야간,월,1,1,0,0,0,전북,전주시,차대사람,차도통행중,차도통행중,운전자법규위반,안전운전 의무 불이행,교차로,교차로부근,승용차,중형,보행자,보행자,968135,1763414,127.1470392,35.86677045
2015,2015052505,33,야간,월,1,3,2,0,0,강원,속초시,차량단독,공작물충돌,공작물충돌,운전자법규위반,안전운전 의무 불이행,단일로,기타단일로,이륜차,소형,0,0,1097042,2019228,128.6078123,38.16807204
2015,2015053007,50,주간,토,1,2,0,1,0,경남,함양군,차대차,측면직각충돌,측면직각충돌,운전자법규위반,중앙선 침범,단일로,기타단일로,이륜차,사발이,화물차,소형,1020090,1723901,127.7215458,35.51082005
2015,2015053104,35,야간,일,1,1,0,0,0,전북,군산시,차대사람,횡단중,횡단중,운전자법규위반,보행자 보호의무 위반,교차로,교차로부근,승용차,소형,보행자,보행자,926233,1776145,126.68175,35.97928222
2015,2015052806,45,주간,목,1,1,0,0,0,서울,성북구,차대사람,횡단중,횡단중,운전자법규위반,안전운전 의무 불이행,단일로,기타단일로,화물차,중형,보행자,보행자,957066,1955976,127.0136045,37.60220039
2015,2015060301,0,야간,수,1,1,0,0,0,서울,관악구,차대차,기타,기타,운전자법규위반,신호위반,교차로,교차로내,원동기장치자전거,원동기장치자전거,화물차,경형,950194,1941433,126.9367423,37.47077529
2015,2015060320,43,야간,수,1,1,0,0,0,경기,화성시,차대사람,기타,기타,운전자법규위반,안전운전 의무 불이행,단일로,기타단일로,승용차,중형,보행자,보행자,950829,1908666,126.9460952,37.17546352
2015,2015060423,20,야간,목,1,1,0,0,0,대전,대덕구,차대차,기타,기타,운전자법규위반,교차로 통행방법 위반,단일로,기타단일로,승용차,중형,자전거,자전거,991987,1817235,127.4106936,36.35249378
2015,2015060516,20,주간,금,1,1,0,0,0,서울,성북구,차대사람,기타,기타,운전자법규위반,기타(운전자법규위반),단일로,기타단일로,승합차,소형,보행자,보행자,957575,1955136,127.0194195,37.59465293
2015,2015060513,30,주간,금,1,1,0,0,0,전북,남원시,차대차,기타,기타,운전자법규위반,교차로 통행방법 위반,교차로,교차로내,승용차,중형,이륜차,소형,988794,1712727,127.3765777,35.4102072
2015,2015060421,3,야간,목,1,1,0,0,0,경북,영천시,차대사람,길가장자리구역통행중,길가장자리구역통행중,운전자법규위반,안전운전 의무 불이행,단일로,기타단일로,승용차,중형,보행자,보행자,1125003,1771808,128.8857762,35.93497043
2015,2015060412,37,주간,목,1,2,0,1,0,충남,서산시,차대차,측면직각충돌,측면직각충돌,운전자법규위반,신호위반,교차로,교차로내,승용차,중형,화물차,대형,915873,1868242,126.5568692,36.80861861
2015,2015061020,55,야간,수,1,1,0,0,0,충남,보령시,차대차,기타,기타,운전자법규위반,안전운전 의무 불이행,단일로,기타단일로,이륜차,사발이,승합차,대형,920225,1802692,126.6124264,36.21812288
2015,2015060722,43,야간,일,1,1,0,0,0,부산,남구,차대차,추돌,진행중 추돌,운전자법규위반,안전운전 의무 불이행,단일로,기타단일로,원동기장치자전거,원동기장치자전거,불명,불명,1146919,1682137,129.1124001,35.12371242
2015,2015060720,30,야간,일,1,1,0,0,0,경북,예천군,차대차,측면직각충돌,측면직각충돌,운전자법규위반,안전운전 의무 불이행,단일로,기타단일로,승용차,중형,이륜차,중형,1082047,1844104,128.4172263,36.59122797
2015,2015040116,25,주간,수,1,2,1,0,0,충북,음성군,차대차,측면직각충돌,측면직각충돌,운전자법규위반,중앙선 침범,고가도로위,고가도로위,화물차,소형,화물차,중형,1016677,1879083,127.6872118,36.90993873
2015,2015033102,10,야간,화,1,2,1,0,0,경기,파주시,차대차,추돌,진행중 추돌,운전자법규위반,안전운전 의무 불이행,교차로,교차로부근,승용차,중형,승용차,중형,932500,1970842,126.7339412,37.73470673
2015,2015032912,10,주간,일,1,1,0,0,0,경기,파주시,차량단독,공작물충돌,공작물충돌,운전자법규위반,안전운전 의무 불이행,단일로,기타단일로,이륜차,대형,0,0,936982,1983901,126.7836682,37.8527207
2015,2015032818,15,야간,토,1,1,0,0,0,충남,서천군,차량단독,공작물충돌,공작물충돌,운전자법규위반,안전운전 의무 불이행,단일로,기타단일로,원동기장치자전거,원동기장치자전거,0,0,926144,1785050,126.6799314,36.05955397
2015,2015040409,0,주간,토,1,2,1,0,0,경북,청도군,차대차,추돌,진행중 추돌,운전자법규위반,안전운전 의무 불이행,단일로,기타단일로,승용차,중형,농기계,농기계,1103905,1738797,128.6476451,35.63986679
2015,2015040310,45,주간,금,1,1,0,0,0,경북,경주시,차대차,측면직각충돌,측면직각충돌,운전자법규위반,교차로 통행방법 위반,교차로,교차로내,승합차,대형,원동기장치자전거,원동기장치자전거,1165810,1754300,129.3343385,35.77112348
2015,2015022306,58,주간,월,1,3,1,1,0,경남,거창군,차대차,정면충돌,정면충돌,운전자법규위반,중앙선 침범,단일로,기타단일로,화물차,소형,화물차,소형,1032037,1745939,127.8541663,35.70920867
2015,2015021317,35,주간,금,1,1,0,0,0,경북,영주시,차대차,측면직각충돌,측면직각충돌,운전자법규위반,안전운전 의무 불이행,교차로,교차로내,이륜차,소형,화물차,소형,1098918,1869873,128.6091357,36.82188834
2015,2015021520,30,야간,일,1,1,0,0,0,광주,광산구,차량단독,공작물충돌,공작물충돌,운전자법규위반,안전운전 의무 불이행,교차로,교차로내,승용차,경형,0,0,934052,1682708,126.7760894,35.13742579
2015,2015022405,58,야간,화,1,2,1,0,0,제주,제주시,차대사람,횡단중,횡단중,운전자법규위반,과속,단일로,횡단보도상,승용차,중형,보행자,보행자,906522,1500869,126.4940369,33.49595423
2015,2015022519,15,야간,수,1,1,0,0,0,강원,강릉시,차대사람,횡단중,횡단중,운전자법규위반,안전운전 의무 불이행,교차로,교차로부근,승용차,중형,보행자,보행자,1119303,1980225,128.8553969,37.81396853
2015,2015030713,30,주간,토,1,1,0,0,0,충남,부여군,차대사람,횡단중,횡단중,운전자법규위반,안전운전 의무 불이행,단일로,기타단일로,승용차,중형,보행자,보행자,944908,1808333,126.8866339,36.27069857
2015,2015030909,25,주간,월,1,1,0,0,0,경기,수원시,차대차,측면직각충돌,측면직각충돌,운전자법규위반,신호위반,교차로,교차로내,이륜차,중형,화물차,소형,956919,1918284,127.0141401,37.2624588
2015,2015030512,40,주간,목,1,1,0,0,0,경기,용인시,차대사람,횡단중,횡단중,운전자법규위반,안전운전 의무 불이행,단일로,기타단일로,화물차,소형,보행자,보행자,977049,1926578,127.2409033,37.33793388
2015,2015031220,50,야간,목,1,2,0,1,0,울산,중구,차대차,추돌,진행중 추돌,운전자법규위반,안전운전 의무 불이행,교차로,교차로내,이륜차,중형,화물차,중형,1164062,1731521,129.3103669,35.56613437
2015,2015031222,15,야간,목,1,3,0,2,0,경기,김포시,차대차,측면직각충돌,측면직각충돌,운전자법규위반,신호위반,교차로,교차로부근,승용차,소형,승용차,중형,926536,1962483,126.6671051,37.65891272
2015,2015031704,0,야간,화,1,1,0,0,0,전북,전주시,차대차,측면직각충돌,측면직각충돌,운전자법규위반,안전운전 의무 불이행,단일로,기타단일로,이륜차,중형,승용차,중형,967553,1760760,127.1407007,35.84282292
2015,2015031617,17,주간,월,1,1,0,0,0,전남,화순군,차대사람,길가장자리구역통행중,길가장자리구역통행중,운전자법규위반,안전운전 의무 불이행,기타/불명,기타/불명,건설기계,건설기계,보행자,보행자,953843,1674526,126.9937822,35.0647522
2015,2015031619,10,야간,월,1,1,0,0,0,충남,금산군,차대차,추돌,진행중 추돌,운전자법규위반,안전운전 의무 불이행,단일로,기타단일로,승용차,중형,농기계,농기계,999106,1785975,127.4900719,36.0706983
2015,2015031623,1,야간,월,1,1,0,0,0,경기,평택시,차대사람,기타,기타,운전자법규위반,안전운전 의무 불이행,교차로,교차로부근,승용차,중형,보행자,보행자,950006,1888834,126.9381457,36.99665689
2015,2015031422,45,야간,토,1,1,0,0,0,대구,수성구,차대사람,횡단중,횡단중,운전자법규위반,안전운전 의무 불이행,교차로,교차로내,승용차,중형,보행자,보행자,1100859,1759796,128.6166433,35.82959176
2015,2015031919,5,야간,목,1,1,0,0,0,경남,거창군,차대차,측면직각충돌,측면직각충돌,운전자법규위반,교차로 통행방법 위반,교차로,교차로내,승용차,대형,이륜차,중형,1038530,1745423,127.9259194,35.70432372
2015,2015031914,58,주간,목,1,1,0,0,0,부산,동래구,차대사람,횡단중,횡단중,운전자법규위반,안전운전 의무 불이행,교차로,교차로내,승용차,중형,보행자,보행자,1146486,1690419,129.1091197,35.19842648
2015,2015031918,20,야간,목,1,1,0,0,0,경북,영천시,차대사람,횡단중,횡단중,운전자법규위반,안전운전 의무 불이행,단일로,기타단일로,화물차,소형,보행자,보행자,1135063,1778057,128.9983316,35.98995306
2015,2015032003,25,야간,금,1,1,0,0,0,경기,남양주시,차량단독,공작물충돌,공작물충돌,운전자법규위반,안전운전 의무 불이행,단일로,기타단일로,승용차,경형,0,0,969990,1961870,127.1597744,37.65583743
2015,2015031821,30,야간,수,1,1,0,0,0,경북,포항시,차대사람,기타,기타,운전자법규위반,안전운전 의무 불이행,교차로,교차로부근,승합차,대형,보행자,보행자,1170687,1773244,129.3923201,35.94099756