발생년,발생년월일시,발생분,주야,요일,사망자수,사상자수,중상자수,경상자수,부상신고자수,발생지시도,발생지시군구,사고유형_대분류,사고유형_중분류,사고유형,법규위반_대분류,법규위반,도로형태_대분류,도로형태,당사자종별_1당_대분류,당사자종별_1당,당사자종별_2당_대분류,당사자종별_2당,발생위치X_UTMK,발생위치Y_UTMK,경도,위도
2015,2015032418,29,야간,화,1,1,0,0,0,인천,중구,차대사람,기타,기타,운전자법규위반,안전운전 의무 불이행,교차로,교차로부근,승합차,대형,보행자,보행자,914880,1946785,126.5367967,37.51643132
2015,2015032811,50,주간,토,1,1,0,0,0,전북,무주군,차대사람,횡단중,횡단중,운전자법규위반,안전운전 의무 불이행,단일로,기타단일로,승용차,중형,보행자,보행자,1018858,1781736,127.7093219,36.03229776
2015,2015032618,16,야간,목,1,1,0,0,0,서울,강서구,차대사람,횡단중,횡단중,운전자법규위반,안전운전 의무 불이행,단일로,기타단일로,승합차,대형,보행자,보행자,944232,1950137,126.8686609,37.54888472
2015,2015032619,10,야간,목,1,1,0,0,0,대구,달성군,차대차,정면충돌,정면충돌,운전자법규위반,중앙선 침범,단일로,기타단일로,승용차,소형,이륜차,중형,1098415,1754956,128.5889974,35.7860985
2015,2015032613,45,주간,목,1,1,0,0,0,경기,안산시,차량단독,기타,기타,운전자법규위반,기타(운전자법규위반),기타/불명,기타/불명,승용차,대형,0,0,916582,1920166,126.559058,37.27668034
2015,2015033016,35,주간,월,1,1,0,0,0,경북,포항시,차대차,기타,기타,운전자법규위반,신호위반,교차로,교차로내,화물차,소형,원동기장치자전거,원동기장치자전거,1168019,1807424,129.3699644,36.24502882
2015,2015032723,40,야간,금,1,1,0,0,0,경기,광주시,차량단독,공작물충돌,공작물충돌,운전자법규위반,안전운전 의무 불이행,단일로,기타단일로,승용차,중형,0,0,979025,1939090,127.2628554,37.45076068
2015,2015032917,20,주간,일,1,1,0,0,0,충남,공주시,차량단독,공작물충돌,공작물충돌,운전자법규위반,안전운전 의무 불이행,단일로,기타단일로,승용차,대형,0,0,960834,1826652,127.0630182,36.43662495
2015,2015032910,5,주간,일,1,1,0,0,0,전남,구례군,차량단독,도로이탈,도로이탈 추락,운전자법규위반,안전운전 의무 불이행,단일로,기타단일로,화물차,소형,0,0,1008878,1692191,127.5975593,35.2250585
2015,2015040300,15,야간,금,1,1,0,0,0,전남,영암군,차대사람,차도통행중,차도통행중,운전자법규위반,안전운전 의무 불이행,단일로,기타단일로,승용차,중형,보행자,보행자,897176,1639827,126.3766444,34.74772632
2015,2015040305,25,야간,금,1,1,0,0,0,경기,시흥시,차량단독,공작물충돌,공작물충돌,운전자법규위반,안전운전 의무 불이행,단일로,기타단일로,화물차,소형,0,0,935777,1928600,126.7748265,37.35422085
2015,2015040114,5,주간,수,1,1,0,0,0,전남,영광군,차대사람,횡단중,횡단중,운전자법규위반,안전운전 의무 불이행,단일로,기타단일로,승합차,대형,보행자,보행자,909266,1698286,126.5021007,35.27598879
2015,2015022200,40,야간,일,1,3,2,0,0,경기,시흥시,차대차,기타,기타,운전자법규위반,안전거리 미확보,교차로,교차로부근,원동기장치자전거,원동기장치자전거,승용차,중형,937043,1938338,126.788291,37.44207744
2015,2015021302,55,야간,금,1,1,0,0,0,전남,광양시,차대사람,차도통행중,차도통행중,운전자법규위반,안전운전 의무 불이행,단일로,기타단일로,승용차,대형,보행자,보행자,1013357,1663340,127.6651948,34.95913821
2015,2015021915,10,주간,목,1,31,7,21,2,서울,강북구,차대차,추돌,진행중 추돌,운전자법규위반,신호위반,교차로,교차로내,승용차,중형,승합차,대형,958343,1958135,127.0279481,37.6217186
2015,2015022304,34,야간,월,1,2,1,0,0,전남,영암군,차대차,정면충돌,정면충돌,운전자법규위반,중앙선 침범,교차로,교차로부근,승용차,소형,승용차,중형,902274,1642748,126.4319923,34.77456369
2015,2015022613,50,주간,목,1,1,0,0,0,경기,수원시,차대차,추돌,진행중 추돌,운전자법규위반,안전거리 미확보,단일로,기타단일로,승용차,중형,원동기장치자전거,원동기장치자전거,955785,1919152,127.0012999,37.2702295
2015,2015030411,0,주간,수,1,1,0,0,0,경기,하남시,차대사람,횡단중,횡단중,운전자법규위반,안전운전 의무 불이행,단일로,기타단일로,승합차,대형,보행자,보행자,973869,1948790,127.2042174,37.53806083
2015,2015060702,0,야간,일,1,5,0,4,0,울산,남구,차대차,정면충돌,정면충돌,운전자법규위반,중앙선 침범,단일로,터널안,승용차,중형,승합차,대형,1160193,1728253,129.2670456,35.5373156
2015,2015060717,0,주간,일,1,1,0,0,0,경북,구미시,차량단독,공작물충돌,공작물충돌,운전자법규위반,안전운전 의무 불이행,단일로,기타단일로,이륜차,소형,0,0,1081921,1792523,128.4103862,36.12627454
2015,2015061408,5,주간,일,1,1,0,0,0,경남,창원시(통합),차대사람,횡단중,횡단중,운전자법규위반,안전운전 의무 불이행,교차로,교차로부근,승합차,대형,보행자,보행자,1120323,1678726,128.820096,35.0964941
2015,2015061723,40,야간,수,1,1,0,0,0,경남,김해시,차대차,추돌,주정차중 추돌,운전자법규위반,기타(운전자법규위반),교차로,교차로부근,화물차,대형,화물차,소형,1116022,1697172,128.7755147,35.26328817
2015,2015061806,45,주간,목,1,1,0,0,0,경남,창녕군,차대차,측면직각충돌,측면직각충돌,운전자법규위반,과속,교차로,교차로부근,화물차,중형,이륜차,소형,1081506,1714990,128.3978812,35.42733713
2015,2015061716,40,주간,수,1,1,0,0,0,경북,경주시,차대사람,기타,기타,운전자법규위반,안전운전 의무 불이행,기타/불명,기타/불명,승용차,중형,보행자,보행자,1154610,1764332,129.2124264,35.8633595
2015,2015061513,30,주간,월,1,1,0,0,0,서울,중랑구,차대사람,횡단중,횡단중,운전자법규위반,안전운전 의무 불이행,단일로,기타단일로,화물차,소형,보행자,보행자,964086,1955088,127.0931751,37.59449755
2015,2015061700,30,야간,수,1,1,0,0,0,충북,충주시,차량단독,전도전복,전도전복,운전자법규위반,안전운전 의무 불이행,단일로,기타단일로,화물차,경형,0,0,1039912,1893947,127.9278393,37.04682413
2015,2015062120,20,야간,일,1,1,0,0,0,전북,부안군,차대차,측면직각충돌,측면직각충돌,운전자법규위반,교차로 통행방법 위반,교차로,교차로내,승합차,대형,이륜차,소형,930368,1746938,126.7301622,35.71627479
2015,2015062222,20,야간,월,1,1,0,0,0,인천,연수구,차대차,기타,기타,운전자법규위반,안전운전 의무 불이행,단일로,터널안,승용차,중형,이륜차,소형,929016,1936233,126.6977585,37.42252411
2015,2015061904,30,야간,금,1,1,0,0,0,경기,화성시,차량단독,전도전복,전도전복,운전자법규위반,안전운전 의무 불이행,단일로,기타단일로,승용차,중형,0,0,960402,1912248,127.0537405,37.2082062
2015,2015062307,10,주간,화,1,3,2,0,0,전북,익산시,차대차,측면직각충돌,측면직각충돌,운전자법규위반,신호위반,교차로,교차로내,원동기장치자전거,원동기장치자전거,화물차,소형,950366,1784054,126.9489319,36.05211275
2015,2015062923,27,야간,월,1,1,0,0,0,경기,시흥시,차대사람,횡단중,횡단중,운전자법규위반,안전운전 의무 불이행,교차로,교차로부근,승용차,중형,보행자,보행자,936901,1938086,126.7867074,37.43979647
2015,2015062804,0,야간,일,1,1,0,0,0,강원,원주시,차량단독,전도전복,전도전복,운전자법규위반,안전운전 의무 불이행,단일로,기타단일로,승용차,경형,0,0,1037607,1925821,127.9245083,37.33063252
2015,2015062617,22,주간,금,1,1,0,0,0,충남,청양군,차량단독,전도전복,전도전복,운전자법규위반,안전운전 의무 불이행,단일로,기타단일로,원동기장치자전거,원동기장치자전거,0,0,951082,1816474,126.9548585,36.34442302
2015,2015062707,30,주간,토,1,1,0,0,0,경북,영천시,차대차,측면직각충돌,측면직각충돌,운전자법규위반,안전운전 의무 불이행,교차로,교차로내,화물차,소형,원동기장치자전거,원동기장치자전거,1132904,1772405,128.9734409,35.93930826
2015,2015062608,14,주간,금,1,1,0,0,0,충남,논산시,차대차,측면직각충돌,측면직각충돌,운전자법규위반,중앙선 침범,단일로,기타단일로,원동기장치자전거,원동기장치자전거,승용차,중형,956556,1798692,127.016847,36.18437703
2015,2015052016,0,주간,수,1,1,0,0,0,강원,삼척시,차대사람,횡단중,횡단중,운전자법규위반,보행자 보호의무 위반,교차로,교차로내,승용차,중형,보행자,보행자,1147348,1939621,129.1657158,37.44404508
2015,2015052600,1,야간,화,1,1,0,0,0,충남,천안시,차대차,기타,기타,운전자법규위반,차로위반(진로변경 위반),단일로,기타단일로,승용차,중형,화물차,대형,966250,1865422,127.1217411,36.78633555
2015,2015052700,20,야간,수,1,3,1,1,0,전남,나주시,차대차,정면충돌,정면충돌,운전자법규위반,중앙선 침범,단일로,기타단일로,승용차,중형,승용차,중형,924090,1668683,126.6680308,35.01026857
2015,2015052500,26,야간,월,1,1,0,0,0,경북,포항시,차대사람,횡단중,횡단중,운전자법규위반,안전운전 의무 불이행,교차로,교차로내,승용차,소형,보행자,보행자,1168305,1808484,129.3734507,36.25895783
2015,2015052903,9,야간,금,1,2,1,0,0,경기,광주시,차대차,측면직각충돌,측면직각충돌,운전자법규위반,안전운전 의무 불이행,교차로,교차로내,화물차,대형,이륜차,중형,974540,1927821,127.2125365,37.34907261
2015,2015053004,30,야간,토,1,1,0,0,0,울산,울주군,차대차,추돌,진행중 추돌,운전자법규위반,안전운전 의무 불이행,교차로,교차로내,승용차,대형,화물차,대형,1166425,1719353,129.3339338,35.45608155
2015,2015053106,20,주간,일,1,2,0,0,1,서울,중랑구,차대차,추돌,주정차중 추돌,운전자법규위반,안전운전 의무 불이행,단일로,기타단일로,이륜차,소형,화물차,소형,962196,1955461,127.0717469,37.59778377
2015,2015060217,30,주간,화,1,1,0,0,0,전북,남원시,차량단독,전도전복,전도전복,운전자법규위반,안전운전 의무 불이행,단일로,기타단일로,화물차,중형,0,0,985430,1714073,127.3395028,35.42230025
2015,2015060307,10,주간,수,1,19,11,7,0,경남,합천군,차대차,측면직각충돌,측면직각충돌,운전자법규위반,신호위반,교차로,교차로내,승합차,소형,화물차,소형,1069575,1729292,128.2676847,35.55718818
2015,2015060402,5,야간,목,1,2,0,1,0,경기,파주시,차대차,정면충돌,정면충돌,운전자법규위반,중앙선 침범,단일로,기타단일로,화물차,대형,화물차,대형,939879,1988355,126.8162255,37.89305787
2015,2015060107,55,주간,월,1,1,0,0,0,경남,창원시(통합),차대차,측면직각충돌,측면직각충돌,운전자법규위반,안전운전 의무 불이행,단일로,횡단보도상,승용차,소형,자전거,자전거,1108188,1684232,128.6877069,35.14750882
2015,2015060510,12,주간,금,1,2,0,0,1,경남,하동군,차대차,정면충돌,정면충돌,운전자법규위반,안전운전 의무 불이행,단일로,기타단일로,승용차,경형,승용차,소형,1031353,1668459,127.843632,35.01061364
2015,2015060517,0,주간,금,1,1,0,0,0,충남,금산군,차대차,측면직각충돌,측면직각충돌,운전자법규위반,안전운전 의무 불이행,교차로,교차로내,화물차,소형,자전거,자전거,996580,1789326,127.4620054,36.10090468
2015,2015060316,10,주간,수,1,1,0,0,0,충남,아산시,차대차,측면직각충돌,측면직각충돌,운전자법규위반,직진 및 우회전차의 통행방해,교차로,교차로내,화물차,대형,원동기장치자전거,원동기장치자전거,944491,1865831,126.877854,36.78899695
2015,2015060923,59,야간,화,1,1,0,0,0,경기,평택시,차량단독,기타,기타,운전자법규위반,안전운전 의무 불이행,단일로,기타단일로,이륜차,소형,0,0,961324,1896054,127.0649674,37.06227277
2015,2015060713,5,주간,일,1,1,0,0,0,경남,고성군,차대차,측면직각충돌,측면직각충돌,운전자법규위반,신호위반,교차로,교차로내,이륜차,중형,화물차,소형,1074804,1665482,128.3195608,34.98148916
2015,2015060723,10,야간,일,1,1,0,0,0,서울,도봉구,차량단독,공작물충돌,공작물충돌,운전자법규위반,안전운전 의무 불이행,교차로,교차로부근,승용차,소형,0,0,960673,1960440,127.0542265,37.64259667
2015,2015060820,50,야간,월,1,1,0,0,0,충북,청주시,차대사람,횡단중,횡단중,운전자법규위반,안전운전 의무 불이행,단일로,기타단일로,승용차,중형,보행자,보행자,999200,1848164,127.4910518,36.63135797
2015,2015060818,37,야간,월,1,1,0,0,0,인천,연수구,차대사람,기타,기타,운전자법규위반,안전운전 의무 불이행,교차로,교차로내,승합차,소형,보행자,보행자,927203,1935973,126.677296,37.42003994
2015,2015060814,0,주간,월,1,7,3,3,0,전남,구례군,차대차,정면충돌,정면충돌,운전자법규위반,중앙선 침범,단일로,기타단일로,승합차,대형,승용차,소형,996117,1686840,127.4573554,35.17683958
2015,2015061406,52,주간,일,1,1,0,0,0,충남,예산군,차량단독,공작물충돌,공작물충돌,운전자법규위반,안전운전 의무 불이행,단일로,기타단일로,승용차,경형,0,0,939918,1854730,126.8274764,36.68865117
2015,2015061317,0,주간,토,1,1,0,0,0,충남,아산시,차대사람,횡단중,횡단중,운전자법규위반,보행자 보호의무 위반,단일로,기타단일로,화물차,소형,보행자,보행자,954339,1855633,126.9888362,36.69759359
2015,2015061118,30,야간,목,1,1,0,0,0,충남,서산시,차대차,추돌,주정차중 추돌,운전자법규위반,안전운전 의무 불이행,단일로,기타단일로,이륜차,소형,화물차,소형,907153,1865871,126.4594141,36.78643281
2015,2015061116,25,주간,목,1,1,0,0,0,부산,해운대구,차대사람,길가장자리구역통행중,길가장자리구역통행중,운전자법규위반,중앙선 침범,단일로,기타단일로,승용차,중형,보행자,보행자,1148597,1689785,129.1321859,35.19240162
2015,2015061204,38,야간,금,1,1,0,0,0,서울,영등포구,차대사람,횡단중,횡단중,운전자법규위반,안전운전 의무 불이행,교차로,교차로부근,승용차,중형,보행자,보행자,946763,1943328,126.8978058,37.48766398
2015,2015120918,59,야간,수,1,1,0,0,0,전북,김제시,차대차,정면충돌,정면충돌,운전자법규위반,신호위반,교차로,교차로내,원동기장치자전거,원동기장치자전거,화물차,소형,946603,1756327,126.9090177,35.80193868
2015,2015121118,20,야간,금,1,1,0,0,0,전남,무안군,차대사람,횡단중,횡단중,운전자법규위반,안전운전 의무 불이행,단일로,기타단일로,승용차,중형,보행자,보행자,890012,1680131,126.2930819,35.11034202
2015,2015121422,15,야간,월,1,1,0,0,0,경북,영주시,차대사람,기타,기타,운전자법규위반,안전운전 의무 불이행,단일로,기타단일로,승용차,경형,보행자,보행자,1099823,1868578,128.6191115,36.81012145
2015,2015121200,27,야간,토,4,7,3,0,0,경기,고양시,차대차,정면충돌,정면충돌,운전자법규위반,중앙선 침범,단일로,기타단일로,승용차,중형,승용차,중형,941886,1956652,126.841587,37.60745911
2015,2015082218,10,야간,토,1,1,0,0,0,경기,평택시,차량단독,공작물충돌,공작물충돌,운전자법규위반,안전운전 의무 불이행,단일로,기타단일로,화물차,경형,0,0,961087,1898254,127.0621877,37.08209389
2015,2015121308,20,주간,일,1,1,0,0,0,서울,용산구,차대차,기타,기타,운전자법규위반,안전거리 미확보,단일로,교량위,승용차,중형,이륜차,소형,952128,1946529,126.9582814,37.51680916
2015,2015121305,30,야간,일,1,1,0,0,0,제주,제주시,차대사람,횡단중,횡단중,운전자법규위반,과속,교차로,교차로내,화물차,소형,보행자,보행자,937473,1505440,126.8265403,33.53907989
2015,2015121319,49,야간,일,1,1,0,0,0,충북,보은군,차대사람,횡단중,횡단중,운전자법규위반,안전운전 의무 불이행,단일로,기타단일로,승용차,중형,보행자,보행자,1026957,1828242,127.7995254,36.45305099
2015,2015121102,50,야간,금,1,1,0,0,0,경북,경주시,차대사람,기타,기타,운전자법규위반,안전운전 의무 불이행,단일로,기타단일로,승용차,중형,보행자,보행자,1159900,1778080,129.273758,35.98640351
2015,2015121518,0,야간,화,1,1,0,0,0,경기,동두천시,차대사람,횡단중,횡단중,운전자법규위반,안전운전 의무 불이행,단일로,기타단일로,승용차,중형,보행자,보행자,958775,1989919,127.0310379,37.90820598
2015,2015121220,25,야간,토,1,1,0,0,0,경남,밀양시,차대사람,기타,기타,운전자법규위반,안전운전 의무 불이행,단일로,기타단일로,승용차,소형,보행자,보행자,1130502,1726880,128.939414,35.52929369
2015,2015120918,10,야간,수,1,1,0,0,0,충남,논산시,차대사람,횡단중,횡단중,운전자법규위반,안전운전 의무 불이행,교차로,교차로내,승용차,경형,보행자,보행자,956039,1794574,127.011328,36.14722841
2015,2015120915,0,주간,수,1,1,0,0,0,경기,고양시,차대사람,횡단중,횡단중,운전자법규위반,안전운전 의무 불이행,단일로,기타단일로,화물차,대형,보행자,보행자,941135,1962081,126.8326415,37.65634211
2015,2015121320,44,야간,일,1,3,1,1,0,인천,부평구,차대차,추돌,진행중 추돌,운전자법규위반,신호위반,교차로,교차로내,이륜차,중형,이륜차,소형,929600,1945786,126.7034451,37.50866844
2015,2015121303,47,야간,일,1,1,0,0,0,경북,경산시,차대사람,횡단중,횡단중,운전자법규위반,안전운전 의무 불이행,단일로,기타단일로,승용차,중형,보행자,보행자,1119068,1764819,128.8189513,35.87271519
2015,2015101618,45,야간,금,1,1,0,0,0,세종,세종,차대차,추돌,진행중 추돌,운전자법규위반,안전운전 의무 불이행,단일로,기타단일로,자전거,자전거,승용차,중형,981305,1844219,127.2909749,36.59589385
2015,2015031311,15,주간,금,1,1,0,0,0,전남,순천시,차대차,측면직각충돌,측면직각충돌,운전자법규위반,안전운전 의무 불이행,교차로,교차로내,원동기장치자전거,원동기장치자전거,승용차,대형,1003877,1658037,127.5424441,34.91711231
2015,2015031303,20,야간,금,1,1,0,0,0,대구,서구,차량단독,도로이탈,도로이탈 기타,운전자법규위반,안전운전 의무 불이행,단일로,기타단일로,이륜차,대형,0,0,1094712,1763391,128.5490288,35.86250152
2015,2015031106,30,주간,수,1,1,0,0,0,충북,청주시,차대사람,기타,기타,운전자법규위반,과속,단일로,기타단일로,승용차,중형,보행자,보행자,998555,1852522,127.4840251,36.67035595
2015,2015031010,8,주간,화,1,1,0,0,0,경기,광주시,차대사람,길가장자리구역통행중,길가장자리구역통행중,운전자법규위반,안전운전 의무 불이행,단일로,기타단일로,승합차,중형,보행자,보행자,981885,1935141,127.2952875,37.415226
2015,2015031511,15,주간,일,1,2,1,0,0,전북,익산시,차량단독,공작물충돌,공작물충돌,운전자법규위반,안전운전 의무 불이행,단일로,기타단일로,승용차,중형,0,0,950339,1777632,126.9490354,35.99421389
2015,2015031617,0,주간,월,1,1,0,0,0,경북,경주시,차량단독,전도전복,전도전복,운전자법규위반,안전운전 의무 불이행,단일로,기타단일로,승용차,중형,0,0,1150449,1778790,129.1690948,35.99430616
2015,2015031508,5,주간,일,1,6,1,4,0,경기,김포시,차대차,추돌,주정차중 추돌,운전자법규위반,안전운전 의무 불이행,단일로,기타단일로,승용차,중형,승합차,대형,930461,1958722,126.7119589,37.62532215
2015,2015031806,30,주간,수,1,1,0,0,0,경남,창원시(통합),차대사람,차도통행중,차도통행중,운전자법규위반,안전운전 의무 불이행,교차로,교차로부근,승용차,중형,보행자,보행자,1097750,1690768,128.5739104,35.20750369
2015,2015032409,45,주간,화,1,2,0,1,0,광주,북구,차량단독,공작물충돌,공작물충돌,운전자법규위반,안전운전 의무 불이행,단일로,기타단일로,승합차,중형,0,0,948706,1686036,126.9367316,35.16828773
2015,2015032203,20,야간,일,1,1,0,0,0,경남,고성군,차량단독,공작물충돌,공작물충돌,운전자법규위반,안전운전 의무 불이행,단일로,기타단일로,승용차,중형,0,0,1076005,1664009,128.3325835,34.9681183
2015,2015032602,0,야간,목,1,1,0,0,0,경기,의왕시,차대차,기타,기타,운전자법규위반,안전운전 의무 불이행,단일로,기타단일로,승용차,소형,승용차,중형,956752,1932691,127.0114167,37.39231002
2015,2015033114,20,주간,화,1,4,3,0,0,경북,영덕군,차대차,측면직각충돌,측면직각충돌,운전자법규위반,중앙선 침범,단일로,기타단일로,건설기계,건설기계,승용차,중형,1148914,1834078,129.1625937,36.49278595
2015,2015033116,0,주간,화,1,1,0,0,0,강원,정선군,차량단독,공작물충돌,공작물충돌,운전자법규위반,안전운전 의무 불이행,단일로,기타단일로,이륜차,중형,0,0,1096142,1935079,128.5863794,37.40985283
2015,2015032913,41,주간,일,1,4,0,3,0,대전,대덕구,차대차,측면직각충돌,측면직각충돌,운전자법규위반,과속,단일로,기타단일로,승용차,대형,이륜차,소형,993513,1817961,127.4276951,36.35905046
2015,2015040312,57,주간,금,2,5,3,0,0,부산,해운대구,차대사람,기타,기타,운전자법규위반,안전운전 의무 불이행,단일로,기타단일로,승용차,중형,보행자,보행자,1148030,1688850,129.1257923,35.18405774
2015,2015040416,50,주간,토,1,1,0,0,0,전남,영암군,차량단독,공작물충돌,공작물충돌,운전자법규위반,안전운전 의무 불이행,단일로,기타단일로,승용차,중형,0,0,899275,1638480,126.3997333,34.73579091
2015,2015040320,12,야간,금,1,1,0,0,0,경북,칠곡군,차량단독,도로이탈,도로이탈 기타,운전자법규위반,안전운전 의무 불이행,단일로,기타단일로,승용차,중형,0,0,1079990,1777998,128.3874577,35.99549622
2015,2015040111,20,주간,수,1,1,0,0,0,전남,여수시,차대사람,횡단중,횡단중,운전자법규위반,안전운전 의무 불이행,단일로,기타단일로,승용차,중형,보행자,보행자,1020883,1639443,127.7281566,34.74923109
2015,2015022022,0,야간,금,1,1,0,0,0,경북,안동시,차대차,추돌,주정차중 추돌,운전자법규위반,안전운전 의무 불이행,단일로,기타단일로,원동기장치자전거,원동기장치자전거,화물차,소형,1095487,1843144,128.5673347,36.58132419
2015,2015022107,35,주간,토,1,1,0,0,0,광주,남구,차대차,측면직각충돌,측면직각충돌,운전자법규위반,신호위반,교차로,교차로내,승용차,경형,화물차,중형,939067,1676249,126.8316113,35.07950348
2015,2015022002,25,야간,금,1,1,0,0,0,강원,강릉시,차대사람,차도통행중,차도통행중,운전자법규위반,안전운전 의무 불이행,단일로,기타단일로,승용차,중형,보행자,보행자,1115312,1991287,128.8118324,37.91415832
2015,2015021200,28,야간,목,1,1,0,0,0,전남,목포시,차대사람,기타,기타,운전자법규위반,안전운전 의무 불이행,단일로,기타단일로,승용차,중형,보행자,보행자,898318,1646668,126.3882916,34.80951969
2015,2015021919,56,야간,목,1,1,0,0,0,전북,진안군,차대차,정면충돌,정면충돌,운전자법규위반,안전운전 의무 불이행,교차로,교차로내,화물차,소형,원동기장치자전거,원동기장치자전거,992986,1754359,127.4223865,35.78562215
2015,2015021709,58,주간,화,1,1,0,0,0,경북,안동시,차대사람,횡단중,횡단중,운전자법규위반,보행자 보호의무 위반,교차로,교차로내,승용차,중형,보행자,보행자,1110051,1841454,128.7298549,36.56452359
2015,2015022322,0,야간,월,1,2,1,0,0,충남,서산시,차대차,추돌,진행중 추돌,운전자법규위반,안전운전 의무 불이행,교차로,교차로부근,화물차,대형,승용차,경형,911411,1861598,126.5076256,36.74832632
2015,2015030320,20,야간,화,1,1,0,0,0,충북,청주시,차대사람,횡단중,횡단중,운전자법규위반,신호위반,교차로,교차로내,승용차,중형,보행자,보행자,995927,1841965,127.4544755,36.57546543
2015,2015030800,23,야간,일,1,1,0,0,0,경기,가평군,차대사람,기타,기타,운전자법규위반,안전운전 의무 불이행,단일로,교량위,화물차,소형,보행자,보행자,987149,1980264,127.353981,37.8220282
2015,2015030706,50,주간,토,1,1,0,0,0,경기,안산시,차대차,추돌,주정차중 추돌,운전자법규위반,안전운전 의무 불이행,단일로,기타단일로,승용차,중형,화물차,대형,940366,1927822,126.8267024,37.34751483
2015,2015031110,45,주간,수,1,2,1,0,0,경북,경주시,차대차,기타,기타,운전자법규위반,안전운전 의무 불이행,교차로,교차로내,화물차,소형,승용차,경형,1157645,1767595,129.2466731,35.89228166
2015,2015031215,5,주간,목,1,1,0,0,0,광주,남구,차대사람,횡단중,횡단중,운전자법규위반,보행자 보호의무 위반,단일로,횡단보도부근,승용차,중형,보행자,보행자,945032,1678975,126.8968584,35.10442625
2015,2015031213,35,주간,목,1,1,0,0,0,경남,사천시,차대사람,횡단중,횡단중,운전자법규위반,안전운전 의무 불이행,교차로,교차로부근,화물차,경형,보행자,보행자,1051447,1659387,128.0632963,34.9279877
2015,2015031203,35,야간,목,1,2,1,0,0,전남,광양시,차량단독,공작물충돌,공작물충돌,운전자법규위반,중앙선 침범,단일로,기타단일로,승용차,중형,0,0,1015031,1657121,127.6645378,34.90874825
2015,2015031601,5,야간,월,1,1,0,0,0,경북,경주시,차대사람,기타,기타,운전자법규위반,안전운전 의무 불이행,단일로,기타단일로,승용차,중형,보행자,보행자,1155089,1762334,129.2173411,35.84527759
2015,2015022106,38,주간,토,1,1,0,0,0,서울,서대문구,차대사람,횡단중,횡단중,운전자법규위반,안전운전 의무 불이행,단일로,기타단일로,승합차,대형,보행자,보행자,952806,1952084,126.965596,37.56691247
2015,2015031919,25,야간,목,1,1,0,0,0,경북,문경시,차량단독,전도전복,전도전복,운전자법규위반,안전운전 의무 불이행,단일로,기타단일로,이륜차,소형,0,0,1054256,1859328,128.1076405,36.73044967
2015,2015032317,33,주간,월,1,1,0,0,0,서울,영등포구,차대차,기타,기타,운전자법규위반,안전운전 의무 불이행,단일로,기타단일로,승용차,중형,자전거,자전거,947601,1946845,126.9070338,37.51941126
2015,2015032423,12,야간,화,1,1,0,0,0,전북,전주시,차대사람,차도통행중,차도통행중,운전자법규위반,안전운전 의무 불이행,단일로,기타단일로,승용차,중형,보행자,보행자,965100,1761674,127.1134981,35.85097923
2015,2015032416,20,주간,화,1,1,0,0,0,제주,서귀포시,차대차,기타,기타,운전자법규위반,신호위반,교차로,교차로내,화물차,경형,화물차,소형,918318,1478333,126.622708,33.29331589
2015,2015033113,31,주간,화,1,1,0,0,0,전북,김제시,차량단독,공작물충돌,공작물충돌,운전자법규위반,안전운전 의무 불이행,기타/불명,기타/불명,원동기장치자전거,원동기장치자전거,0,0,951632,1751106,126.9649903,35.75512746
2015,2015032913,35,주간,일,1,1,0,0,0,울산,중구,차대차,측면직각충돌,측면직각충돌,운전자법규위반,직진 및 우회전차의 통행방해,교차로,교차로내,이륜차,소형,화물차,중형,1167112,1730447,129.3437854,35.55594555
2015,2015033004,35,야간,월,1,1,0,0,0,대전,서구,차량단독,전도전복,전도전복,운전자법규위반,안전운전 의무 불이행,교차로,교차로부근,승용차,중형,0,0,990433,1818861,127.393354,36.36713859
2015,2015040411,40,주간,토,1,1,0,0,0,전북,정읍시,차대차,측면직각충돌,측면직각충돌,운전자법규위반,중앙선 침범,단일로,기타단일로,원동기장치자전거,원동기장치자전거,승합차,경형,953050,1744308,126.9810722,35.69390552
2015,2015040218,20,야간,목,1,1,0,0,0,경북,경산시,차대사람,횡단중,횡단중,운전자법규위반,안전운전 의무 불이행,단일로,기타단일로,화물차,소형,보행자,보행자,1113563,1758285,128.7570545,35.81447171
2015,2015040311,20,주간,금,1,1,0,0,0,경기,평택시,차대사람,기타,기타,운전자법규위반,안전운전 의무 불이행,단일로,터널안,화물차,소형,보행자,보행자,954328,1890066,126.9866417,37.00798218
2015,2015061723,24,야간,수,1,1,0,0,0,경남,거제시,차대사람,횡단중,횡단중,운전자법규위반,안전운전 의무 불이행,단일로,기타단일로,승용차,중형,보행자,보행자,1109199,1653130,128.6947195,34.86700075
2015,2015061720,15,야간,수,1,1,0,0,0,경남,진주시,차대사람,기타,기타,운전자법규위반,안전운전 의무 불이행,단일로,기타단일로,승용차,소형,보행자,보행자,1053948,1686947,128.0924707,35.17636294
2015,2015061518,0,야간,월,1,1,0,0,0,경기,평택시,차량단독,공작물충돌,공작물충돌,운전자법규위반,안전운전 의무 불이행,단일로,기타단일로,원동기장치자전거,원동기장치자전거,0,0,958516,1901121,127.0331036,37.10782668