발생년,발생년월일시,발생분,주야,요일,사망자수,사상자수,중상자수,경상자수,부상신고자수,발생지시도,발생지시군구,사고유형_대분류,사고유형_중분류,사고유형,법규위반_대분류,법규위반,도로형태_대분류,도로형태,당사자종별_1당_대분류,당사자종별_1당,당사자종별_2당_대분류,당사자종별_2당,발생위치X_UTMK,발생위치Y_UTMK,경도,위도
2015,2015062112,35,주간,일,1,1,0,0,0,강원,춘천시,차량단독,전도전복,전도전복,운전자법규위반,안전운전 의무 불이행,단일로,기타단일로,이륜차,소형,0,0,1023528,1982136,127.7673959,37.83868779
2015,2015062118,45,야간,일,1,3,1,0,1,경북,경주시,차대차,기타,기타,운전자법규위반,과속,교차로,교차로내,승용차,대형,승용차,경형,1164339,1751101,129.3174164,35.74254193
2015,2015062203,5,야간,월,1,1,0,0,0,경북,구미시,차대사람,기타,기타,운전자법규위반,안전운전 의무 불이행,교차로,교차로부근,승용차,대형,보행자,보행자,1072846,1814218,128.3115637,36.32257244
2015,2015062000,34,야간,토,1,2,0,1,0,전북,전주시,차대차,정면충돌,정면충돌,운전자법규위반,신호위반,교차로,교차로내,원동기장치자전거,원동기장치자전거,승용차,경형,963372,1758042,127.0945283,35.81817016
2015,2015062402,57,야간,수,1,1,0,0,0,서울,서초구,차량단독,기타,기타,운전자법규위반,안전운전 의무 불이행,단일로,기타단일로,승용차,중형,0,0,957835,1943711,127.0230211,37.49168808
2015,2015062417,10,주간,수,1,1,0,0,0,인천,부평구,차대차,측면직각충돌,측면직각충돌,운전자법규위반,안전운전 의무 불이행,교차로,교차로부근,승용차,중형,자전거,자전거,933084,1947227,126.742731,37.52191521
2015,2015062209,19,주간,월,1,1,0,0,0,경남,김해시,차대차,기타,기타,운전자법규위반,안전운전 의무 불이행,단일로,기타단일로,건설기계,건설기계,자전거,자전거,1112825,1702397,128.741094,35.31075636
2015,2015062923,50,야간,월,1,1,0,0,0,서울,송파구,차대사람,횡단중,횡단중,운전자법규위반,안전운전 의무 불이행,단일로,횡단보도상,승합차,대형,보행자,보행자,966622,1943040,127.1224496,37.48599953
2015,2015062707,30,주간,토,1,1,0,0,0,부산,해운대구,차대차,추돌,진행중 추돌,운전자법규위반,안전운전 의무 불이행,단일로,교량위,승용차,중형,화물차,소형,1146756,1683430,129.1108414,35.13539088
2015,2015062704,5,야간,토,1,1,0,0,0,경기,수원시,차대사람,횡단중,횡단중,운전자법규위반,안전운전 의무 불이행,단일로,기타단일로,승용차,중형,보행자,보행자,955194,1923494,126.9943725,37.30933844
2015,2015062712,45,주간,토,1,1,0,0,0,인천,부평구,차대사람,횡단중,횡단중,운전자법규위반,보행자 보호의무 위반,단일로,횡단보도상,화물차,소형,보행자,보행자,929563,1941618,126.7034255,37.47110023
2015,2015070214,48,주간,목,1,1,0,0,0,전북,고창군,차대사람,기타,기타,운전자법규위반,안전운전 의무 불이행,기타/불명,기타/불명,화물차,소형,보행자,보행자,926607,1725482,126.6905367,35.52256266
2015,2015052018,40,야간,수,1,3,1,1,0,경기,평택시,차대차,기타,기타,운전자법규위반,직진 및 우회전차의 통행방해,교차로,교차로내,승용차,소형,승용차,대형,960538,1896174,127.0561204,37.06332171
2015,2015052622,40,야간,화,1,1,0,0,0,서울,구로구,차대사람,차도통행중,차도통행중,운전자법규위반,안전운전 의무 불이행,단일로,기타단일로,승합차,대형,보행자,보행자,946297,1942355,126.8926059,37.47886717
2015,2015052614,50,주간,화,3,4,1,0,0,전남,순천시,차대차,기타,기타,운전자법규위반,중앙선 침범,단일로,기타단일로,승용차,중형,화물차,소형,972929,1676905,127.203023,35.0868971
2015,2015053020,49,야간,토,1,1,0,0,0,강원,동해시,차대사람,횡단중,횡단중,운전자법규위반,보행자 보호의무 위반,단일로,기타단일로,이륜차,소형,보행자,보행자,1141519,1950340,129.1019069,37.54153509
2015,2015053101,45,야간,일,1,2,0,1,0,경기,남양주시,차량단독,공작물충돌,공작물충돌,운전자법규위반,안전운전 의무 불이행,교차로,교차로내,승용차,소형,0,0,971367,1966179,127.1752161,37.69471953
2015,2015052904,55,야간,금,1,2,1,0,0,충남,금산군,차량단독,공작물충돌,공작물충돌,운전자법규위반,안전운전 의무 불이행,단일로,기타단일로,화물차,소형,0,0,997792,1799357,127.4754419,36.19134491
2015,2015052721,50,야간,수,1,1,0,0,0,경기,평택시,차대사람,기타,기타,운전자법규위반,안전운전 의무 불이행,단일로,기타단일로,승용차,중형,보행자,보행자,959627,1882363,127.0466133,36.93878857
2015,2015052908,50,주간,금,1,1,0,0,0,인천,서구,차대차,측면직각충돌,측면직각충돌,운전자법규위반,안전거리 미확보,단일로,기타단일로,화물차,소형,자전거,자전거,926828,1942459,126.6716375,37.47838085
2015,2015060215,31,주간,화,1,2,0,1,0,충남,홍성군,차대차,측면직각충돌,측면직각충돌,운전자법규위반,교차로 통행방법 위반,교차로,교차로내,승용차,경형,이륜차,소형,927940,1837901,126.6949909,36.53611975
2015,2015053108,26,주간,일,1,1,0,0,0,경남,김해시,차량단독,공작물충돌,공작물충돌,운전자법규위반,안전운전 의무 불이행,단일로,기타단일로,승용차,소형,0,0,1128808,1695044,128.9157106,35.24254247
2015,2015053116,30,주간,일,1,3,2,0,0,경남,산청군,차대차,정면충돌,정면충돌,운전자법규위반,중앙선 침범,단일로,교량위,승용차,경형,화물차,소형,1042092,1698604,127.962866,35.28203871
2015,2015053111,30,주간,일,1,1,0,0,0,전남,보성군,차대차,측면직각충돌,측면직각충돌,운전자법규위반,안전운전 의무 불이행,교차로,교차로내,화물차,소형,원동기장치자전거,원동기장치자전거,982504,1653380,127.3085574,34.87497407
2015,2015060615,43,주간,토,1,2,1,0,0,서울,중랑구,차대차,측면직각충돌,측면직각충돌,운전자법규위반,신호위반,교차로,교차로내,이륜차,소형,이륜차,소형,964355,1956848,127.0961364,37.6103714
2015,2015060603,45,야간,토,1,1,0,0,0,서울,광진구,차대사람,횡단중,횡단중,운전자법규위반,안전운전 의무 불이행,단일로,기타단일로,승용차,중형,보행자,보행자,961760,1948568,127.0671675,37.53563702
2015,2015060603,53,야간,토,1,1,0,0,0,강원,강릉시,차대사람,기타,기타,운전자법규위반,안전운전 의무 불이행,단일로,기타단일로,승용차,경형,보행자,보행자,1124007,1974035,128.9077657,37.75756656
2015,2015060317,28,주간,수,1,1,0,0,0,인천,옹진군,차대사람,횡단중,횡단중,운전자법규위반,보행자 보호의무 위반,단일로,횡단보도상,승용차,소형,보행자,보행자,914051,1915580,126.531042,37.23511753
2015,2015061023,40,야간,수,1,1,0,0,0,대구,달서구,차대차,측면직각충돌,측면직각충돌,운전자법규위반,부당한 회전,교차로,교차로내,이륜차,소형,승용차,중형,1090956,1762176,128.5072947,35.85190461
2015,2015060911,20,주간,화,1,2,0,1,0,경북,경주시,차대차,기타,기타,운전자법규위반,안전운전 의무 불이행,단일로,기타단일로,화물차,대형,화물차,대형,1142659,1765809,129.0803712,35.87848486
2015,2015060822,20,야간,월,1,1,0,0,0,부산,강서구,차대사람,횡단중,횡단중,운전자법규위반,안전운전 의무 불이행,단일로,횡단보도상,승용차,소형,보행자,보행자,1130077,1679014,128.9271266,35.09787806
2015,2015061321,35,야간,토,1,2,1,0,0,충남,공주시,차대차,정면충돌,정면충돌,운전자법규위반,중앙선 침범,단일로,기타단일로,원동기장치자전거,원동기장치자전거,승용차,중형,960824,1830756,127.062699,36.47362208
2015,2015061410,30,주간,일,1,1,0,0,0,경기,포천시,차량단독,전도전복,전도전복,운전자법규위반,안전운전 의무 불이행,단일로,기타단일로,이륜차,중형,0,0,975162,2001688,127.2170416,38.01487332
2015,2015061308,45,주간,토,1,2,1,0,0,울산,울주군,차량단독,공작물충돌,공작물충돌,운전자법규위반,안전운전 의무 불이행,단일로,기타단일로,승용차,경형,0,0,1166068,1717294,129.3295815,35.4375852
2015,2015061703,20,야간,수,1,1,0,0,0,경기,김포시,차대차,추돌,진행중 추돌,운전자법규위반,안전운전 의무 불이행,단일로,기타단일로,승용차,중형,원동기장치자전거,원동기장치자전거,917872,1967523,126.5683208,37.70359976
2015,2015061510,0,주간,월,1,1,0,0,0,강원,강릉시,차대차,측면직각충돌,측면직각충돌,운전자법규위반,안전운전 의무 불이행,단일로,기타단일로,건설기계,건설기계,이륜차,중형,1120904,1972740,128.8723333,37.74631319
2015,2015062214,20,주간,월,1,1,0,0,0,전북,김제시,차대차,측면직각충돌,측면직각충돌,운전자법규위반,중앙선 침범,단일로,기타단일로,자전거,자전거,화물차,소형,936818,1757851,126.8006064,35.8150973
2015,2015062114,40,주간,일,1,3,1,1,0,경북,경산시,차대차,기타,기타,운전자법규위반,중앙선 침범,단일로,기타단일로,이륜차,중형,승용차,대형,1121146,1755851,128.8406037,35.79162524
2015,2015062514,0,주간,목,2,2,0,0,0,경북,성주군,차대차,기타,기타,운전자법규위반,과속,기타/불명,기타/불명,화물차,소형,이륜차,소형,1068888,1777554,128.2642574,35.99234144
2015,2015062508,20,주간,목,1,1,0,0,0,충남,아산시,차대차,측면직각충돌,측면직각충돌,운전자법규위반,직진 및 우회전차의 통행방해,교차로,교차로내,화물차,대형,자전거,자전거,950376,1869548,126.9435678,36.8228298
2015,2015121512,17,주간,화,1,2,0,1,0,경기,화성시,차대차,추돌,주정차중 추돌,운전자법규위반,안전운전 의무 불이행,교차로,교차로부근,화물차,소형,화물차,중형,938012,1899232,126.8025031,37.08966677
2015,2015121100,29,야간,금,1,1,0,0,0,서울,중구,차대사람,횡단중,횡단중,운전자법규위반,안전운전 의무 불이행,단일로,기타단일로,승용차,중형,보행자,보행자,954275,1951805,126.9822471,37.56447192
2015,2015121119,9,야간,금,1,1,0,0,0,전북,완주군,차대차,기타,기타,운전자법규위반,안전운전 의무 불이행,단일로,기타단일로,승용차,중형,승합차,소형,976226,1762071,127.2367003,35.85489176
2015,2015121122,9,야간,금,1,1,0,0,0,경북,구미시,차대사람,횡단중,횡단중,운전자법규위반,안전운전 의무 불이행,교차로,교차로부근,승용차,경형,보행자,보행자,1073350,1802480,128.3160763,36.21672059
2015,2015121217,30,주간,토,1,1,0,0,0,강원,평창군,차대사람,횡단중,횡단중,운전자법규위반,안전운전 의무 불이행,단일로,기타단일로,승용차,경형,보행자,보행자,1083792,1941964,128.4476286,37.47310394
2015,2015121609,25,주간,수,1,1,0,0,0,충북,청주시,차대사람,횡단중,횡단중,운전자법규위반,보행자 보호의무 위반,교차로,교차로내,화물차,소형,보행자,보행자,998533,1852230,127.4835835,36.66801201
2015,2015121211,20,주간,토,1,1,0,0,0,전남,광양시,차대사람,횡단중,횡단중,운전자법규위반,안전운전 의무 불이행,단일로,기타단일로,승합차,소형,보행자,보행자,1007608,1664473,127.5833486,34.97512789
2015,2015040117,25,주간,수,1,1,0,0,0,경기,용인시,차대사람,길가장자리구역통행중,길가장자리구역통행중,운전자법규위반,안전운전 의무 불이행,단일로,기타단일로,화물차,대형,보행자,보행자,985011,1909501,127.3311309,37.18416464
2015,2015032615,20,주간,목,1,3,1,1,0,서울,마포구,차대차,추돌,주정차중 추돌,운전자법규위반,안전운전 의무 불이행,단일로,기타단일로,승용차,중형,화물차,중형,948798,1951924,126.9202245,37.56525622
2015,2015050918,5,야간,토,1,1,0,0,0,경남,통영시,차량단독,전도전복,전도전복,운전자법규위반,안전운전 의무 불이행,단일로,기타단일로,승용차,경형,0,0,1065670,1650457,128.218314,34.84664509
2015,2015011403,13,야간,수,1,1,0,0,0,전남,여수시,차대사람,차도통행중,차도통행중,운전자법규위반,안전운전 의무 불이행,단일로,기타단일로,승용차,중형,보행자,보행자,1014938,1643282,127.663112,34.78539225
2015,2015102505,17,야간,일,1,1,0,0,0,서울,중랑구,차대차,측면직각충돌,측면직각충돌,운전자법규위반,신호위반,교차로,교차로부근,승용차,중형,이륜차,소형,963663,1952990,127.0884876,37.57557103
2015,2015033115,55,주간,화,1,3,1,1,0,전북,임실군,차대차,추돌,주정차중 추돌,운전자법규위반,안전운전 의무 불이행,교차로,교차로부근,승용차,경형,승용차,중형,983366,1732515,127.3163886,35.58855279
2015,2015052606,0,주간,화,1,1,0,0,0,서울,강동구,차대사람,기타,기타,운전자법규위반,안전운전 의무 불이행,단일로,기타단일로,승용차,중형,보행자,보행자,970841,1949619,127.1699104,37.54544216
2015,2015062422,30,야간,수,1,1,0,0,0,경기,의정부시,차대사람,기타,기타,운전자법규위반,안전운전 의무 불이행,기타/불명,기타/불명,승용차,소형,보행자,보행자,964814,1968955,127.1007528,37.71951183
2015,2015062412,25,주간,수,1,15,3,11,0,강원,정선군,차대차,정면충돌,정면충돌,운전자법규위반,신호위반,기타/불명,기타/불명,승합차,대형,건설기계,건설기계,1118352,1913587,128.8338634,37.21360555
2015,2015062701,50,야간,토,1,3,0,2,0,경기,시흥시,차대차,추돌,진행중 추돌,운전자법규위반,안전운전 의무 불이행,단일로,기타단일로,이륜차,대형,승용차,중형,924665,1925292,126.6497033,37.32357044
2015,2015070316,3,주간,금,1,3,1,1,0,강원,강릉시,차대차,측면직각충돌,측면직각충돌,운전자법규위반,신호위반,교차로,교차로내,승용차,대형,승합차,중형,1120711,1974049,128.8703608,37.75813368
2015,2015070209,55,주간,목,1,1,0,0,0,전북,남원시,차대차,기타,기타,운전자법규위반,안전운전 의무 불이행,단일로,기타단일로,화물차,소형,이륜차,중형,986942,1721860,127.3560333,35.49253452
2015,2015011520,50,야간,목,1,2,0,1,0,대구,수성구,차대사람,횡단중,횡단중,운전자법규위반,신호위반,단일로,횡단보도상,원동기장치자전거,원동기장치자전거,보행자,보행자,1100854,1761240,128.6167743,35.84249824
2015,2015011309,20,주간,화,1,1,0,0,0,경북,경주시,차대차,기타,기타,운전자법규위반,안전운전 의무 불이행,단일로,기타단일로,원동기장치자전거,원동기장치자전거,화물차,대형,1162997,1754387,129.3032502,35.77237806
2015,2015011806,50,주간,일,1,1,0,0,0,경기,김포시,차량단독,공작물충돌,공작물충돌,운전자법규위반,안전운전 의무 불이행,단일로,기타단일로,승용차,중형,0,0,922294,1963862,126.6188698,37.67099138
2015,2015121401,50,야간,월,1,1,0,0,0,서울,강남구,차대차,측면직각충돌,측면직각충돌,운전자법규위반,안전운전 의무 불이행,교차로,교차로내,이륜차,소형,승용차,중형,961387,1945598,127.0631018,37.50885176
2015,2015040719,53,야간,화,1,1,0,0,0,인천,서구,차대사람,횡단중,횡단중,운전자법규위반,안전운전 의무 불이행,단일로,횡단보도상,승용차,중형,보행자,보행자,927408,1945968,126.6786276,37.51013891
2015,2015030201,0,야간,월,1,1,0,0,0,경기,용인시,차대차,추돌,주정차중 추돌,운전자법규위반,안전운전 의무 불이행,단일로,기타단일로,승용차,중형,화물차,중형,980542,1914341,127.2806563,37.22771018
2015,2015061017,0,주간,수,1,1,0,0,0,경남,함안군,차대사람,보도통행중,보도통행중,운전자법규위반,안전운전 의무 불이행,단일로,기타단일로,화물차,소형,보행자,보행자,1082567,1698408,128.4078932,35.27775003
2015,2015052501,17,야간,월,1,2,1,0,0,대전,서구,차대차,측면직각충돌,측면직각충돌,운전자법규위반,신호위반,교차로,교차로내,이륜차,소형,승용차,중형,990595,1817814,127.3951726,36.35770109
2015,2015012220,25,야간,목,1,1,0,0,0,경기,동두천시,차대사람,횡단중,횡단중,운전자법규위반,안전운전 의무 불이행,단일로,기타단일로,승용차,중형,보행자,보행자,960535,1989316,127.0510916,37.90284935
2015,2015012911,25,주간,목,1,1,0,0,0,제주,제주시,차량단독,공작물충돌,공작물충돌,운전자법규위반,안전운전 의무 불이행,단일로,기타단일로,이륜차,소형,0,0,922371,1505870,126.6638574,33.54196652
2015,2015021108,50,주간,수,1,4,1,2,0,울산,북구,차대차,기타,기타,운전자법규위반,중앙선 침범,단일로,기타단일로,승용차,중형,승합차,대형,1170289,1730649,129.3788637,35.55722489
2015,2015040205,14,야간,목,1,1,0,0,0,경기,고양시,차대차,추돌,진행중 추돌,운전자법규위반,안전운전 의무 불이행,단일로,기타단일로,승용차,중형,화물차,대형,942079,1963468,126.843233,37.66890296
2015,2015061317,35,주간,토,1,1,0,0,0,충북,보은군,차대차,추돌,진행중 추돌,운전자법규위반,안전운전 의무 불이행,교차로,교차로내,화물차,소형,이륜차,소형,1003363,1825844,127.5418522,36.43109402
2015,2015051402,20,야간,목,1,2,1,0,0,충북,청주시,차대차,측면직각충돌,측면직각충돌,운전자법규위반,신호위반,교차로,교차로내,승용차,중형,승용차,중형,996247,1859952,127.4579641,36.73761863
2015,2015102318,50,야간,금,1,1,0,0,0,전남,영암군,차대사람,횡단중,횡단중,운전자법규위반,안전운전 의무 불이행,단일로,기타단일로,화물차,소형,보행자,보행자,924929,1645689,126.679291,34.80300239
2015,2015102111,45,주간,수,1,1,0,0,0,경기,평택시,차대차,기타,기타,운전자법규위반,안전거리 미확보,단일로,기타단일로,승용차,중형,원동기장치자전거,원동기장치자전거,960327,1897604,127.0536715,37.0762029
2015,2015032020,0,야간,금,1,1,0,0,0,경기,의정부시,차대사람,차도통행중,차도통행중,운전자법규위반,안전운전 의무 불이행,단일로,기타단일로,승용차,대형,보행자,보행자,959582,1973272,127.041148,37.75820502
2015,2015080211,0,주간,일,1,1,0,0,0,강원,춘천시,차량단독,공작물충돌,공작물충돌,운전자법규위반,안전운전 의무 불이행,단일로,기타단일로,승용차,중형,0,0,1024069,1979869,127.7809088,37.82396493
2015,2015062517,34,주간,목,1,1,0,0,0,전남,강진군,차대차,추돌,주정차중 추돌,운전자법규위반,안전운전 의무 불이행,단일로,기타단일로,승용차,중형,승용차,대형,927200,1633922,126.7051337,34.69706494
2015,2015110516,20,주간,목,1,1,0,0,0,강원,화천군,차량단독,공작물충돌,공작물충돌,운전자법규위반,안전운전 의무 불이행,단일로,기타단일로,승용차,중형,0,0,1016877,2011721,127.6925028,38.10548156
2015,2015122917,40,주간,화,1,8,3,4,0,경남,사천시,차대차,정면충돌,정면충돌,운전자법규위반,신호위반,교차로,교차로내,승합차,경형,승용차,경형,1059937,1671410,128.1571144,35.0359311
2015,2015050915,30,주간,토,1,1,0,0,0,서울,강서구,차대사람,횡단중,횡단중,운전자법규위반,보행자 보호의무 위반,교차로,교차로부근,승용차,중형,보행자,보행자,942027,1951298,126.8436082,37.5592127
2015,2015052923,0,야간,금,1,1,0,0,0,전북,남원시,차대사람,기타,기타,운전자법규위반,안전운전 의무 불이행,단일로,기타단일로,화물차,소형,보행자,보행자,989523,1713496,127.3845969,35.41714907
2015,2015102106,10,주간,수,1,1,0,0,0,경남,하동군,차대사람,횡단중,횡단중,운전자법규위반,안전운전 의무 불이행,교차로,교차로부근,승용차,중형,보행자,보행자,1028953,1662420,127.8171181,34.95622961
2015,2015040311,4,주간,금,1,2,0,1,0,경북,구미시,차대차,정면충돌,정면충돌,운전자법규위반,신호위반,교차로,교차로내,승용차,경형,승합차,대형,1072404,1806025,128.3058801,36.24874901
2015,2015040223,15,야간,목,1,2,0,1,0,부산,서구,차량단독,공작물충돌,공작물충돌,운전자법규위반,안전운전 의무 불이행,단일로,기타단일로,승용차,대형,0,0,1137633,1680427,129.0102366,35.10961104
2015,2015040214,56,주간,목,1,2,0,1,0,전남,무안군,차대차,측면직각충돌,측면직각충돌,운전자법규위반,신호위반,교차로,교차로내,승용차,경형,이륜차,소형,905410,1646497,126.4658374,34.80866154
2015,2015040200,41,야간,목,1,1,0,0,0,서울,강동구,차대사람,기타,기타,운전자법규위반,안전운전 의무 불이행,단일로,기타단일로,승용차,중형,보행자,보행자,967520,1949053,127.1323412,37.54022949
2015,2015040715,15,주간,화,1,1,0,0,0,충북,영동군,차대차,추돌,진행중 추돌,운전자법규위반,안전운전 의무 불이행,단일로,기타단일로,화물차,중형,농기계,농기계,1044361,1802244,127.9935519,36.2163578
2015,2015040719,29,야간,화,1,1,0,0,0,전남,담양군,차대차,추돌,진행중 추돌,운전자법규위반,차로위반(진로변경 위반),단일로,기타단일로,승용차,중형,이륜차,중형,950474,1694620,126.9556292,35.24577602
2015,2015021718,5,야간,화,1,2,1,0,0,강원,원주시,차대차,추돌,주정차중 추돌,운전자법규위반,안전거리 미확보,교차로,교차로부근,화물차,중형,화물차,중형,1042693,1932491,127.982302,37.39053306
2015,2015021901,20,야간,목,1,1,0,0,0,전남,광양시,차대차,추돌,주정차중 추돌,운전자법규위반,안전운전 의무 불이행,단일로,기타단일로,승용차,소형,화물차,중형,1023419,1663385,127.7565327,34.96507454
2015,2015021605,17,야간,월,1,1,0,0,0,부산,남구,차대사람,횡단중,횡단중,운전자법규위반,신호위반,단일로,기타단일로,승용차,대형,보행자,보행자,1145046,1683227,129.0920428,35.13380909
2015,2015022321,10,야간,월,1,1,0,0,0,서울,은평구,차대사람,횡단중,횡단중,운전자법규위반,안전운전 의무 불이행,단일로,기타단일로,승용차,중형,보행자,보행자,948170,1954470,126.9129336,37.58816838
2015,2015030621,25,야간,금,1,1,0,0,0,충남,태안군,차대사람,기타,기타,운전자법규위반,안전운전 의무 불이행,단일로,기타단일로,승용차,중형,보행자,보행자,891310,1864445,126.2820903,36.77189502
2015,2015030619,15,야간,금,1,1,0,0,0,전남,구례군,차대사람,횡단중,횡단중,운전자법규위반,보행자 보호의무 위반,교차로,교차로내,화물차,소형,보행자,보행자,994553,1696114,127.4401176,35.260457
2015,2015030704,22,야간,토,1,1,0,0,0,경기,양평군,차대사람,기타,기타,운전자법규위반,안전운전 의무 불이행,단일로,기타단일로,승용차,대형,보행자,보행자,995953,1944495,127.4542145,37.4997088
2015,2015031205,30,야간,목,1,1,0,0,0,경기,평택시,차대사람,횡단중,횡단중,운전자법규위반,안전운전 의무 불이행,단일로,기타단일로,승용차,경형,보행자,보행자,953556,1894748,126.9776757,37.05014793
2015,2015031304,5,야간,금,1,2,0,1,0,대구,수성구,차대차,추돌,주정차중 추돌,운전자법규위반,안전운전 의무 불이행,교차로,교차로부근,승용차,중형,승용차,중형,1100083,1761088,128.6169907,35.84039919
2015,2015031314,50,주간,금,1,8,6,1,0,경남,진주시,차량단독,공작물충돌,공작물충돌,운전자법규위반,안전운전 의무 불이행,단일로,기타단일로,화물차,중형,0,0,1054216,1696028,128.0960121,35.25822851
2015,2015031417,5,주간,토,1,1,0,0,0,강원,인제군,차량단독,도로이탈,도로이탈 추락,운전자법규위반,안전운전 의무 불이행,단일로,기타단일로,승용차,중형,0,0,1078790,1994035,128.3967029,37.94282083
2015,2015031721,25,야간,화,1,1,0,0,0,전북,김제시,차대사람,횡단중,횡단중,운전자법규위반,안전운전 의무 불이행,교차로,교차로내,승용차,대형,보행자,보행자,945565,1757135,126.8974749,35.80916638
2015,2015032407,14,주간,화,1,1,0,0,0,경남,창원시(통합),차대차,추돌,주정차중 추돌,운전자법규위반,안전운전 의무 불이행,단일로,기타단일로,원동기장치자전거,원동기장치자전거,화물차,소형,1097394,1689311,128.5698276,35.19440263
2015,2015032800,10,야간,토,1,1,0,0,0,전남,여수시,차량단독,전도전복,전도전복,운전자법규위반,안전운전 의무 불이행,단일로,기타단일로,원동기장치자전거,원동기장치자전거,0,0,1016225,1639653,127.67727,34.75120953
2015,2015032605,10,야간,목,1,1,0,0,0,인천,부평구,차대사람,횡단중,횡단중,운전자법규위반,안전운전 의무 불이행,단일로,기타단일로,승합차,대형,보행자,보행자,929652,1946446,126.7039702,37.51462084
2015,2015032604,30,야간,목,1,1,0,0,0,서울,강남구,차대사람,횡단중,횡단중,운전자법규위반,신호위반,단일로,기타단일로,승용차,중형,보행자,보행자,960468,1946182,127.0526724,37.51407665
2015,2015033110,30,주간,화,1,2,1,0,0,충남,금산군,차대차,정면충돌,정면충돌,운전자법규위반,중앙선 침범,단일로,기타단일로,화물차,중형,건설기계,건설기계,989533,1799351,127.383583,36.19123673
2015,2015032811,25,주간,토,1,1,0,0,0,경남,의령군,차대차,추돌,진행중 추돌,운전자법규위반,안전운전 의무 불이행,단일로,기타단일로,화물차,소형,건설기계,건설기계,1072060,1704816,128.2929341,35.33633716
2015,2015032918,6,야간,일,1,1,0,0,0,인천,서구,차량단독,공작물충돌,공작물충돌,운전자법규위반,중앙선 침범,단일로,기타단일로,승용차,소형,0,0,921459,1950554,126.6108317,37.55098316
2015,2015040222,55,야간,목,1,1,0,0,0,서울,서초구,차대사람,차도통행중,차도통행중,운전자법규위반,안전운전 의무 불이행,단일로,횡단보도부근,승합차,대형,보행자,보행자,958889,1942799,127.0349948,37.4835154
2015,2015040314,40,주간,금,1,2,0,0,1,경북,안동시,차대차,기타,기타,운전자법규위반,안전운전 의무 불이행,단일로,기타단일로,승합차,소형,농기계,농기계,1112149,1867092,128.7570503,36.79534826
2015,2015040200,45,야간,목,1,3,1,1,0,경기,부천시,차대사람,횡단중,횡단중,운전자법규위반,안전운전 의무 불이행,단일로,횡단보도부근,승용차,소형,보행자,보행자,936746,1943906,126.7844556,37.49224163
2015,2015040207,10,주간,목,1,1,0,0,0,울산,동구,차량단독,공작물충돌,공작물충돌,운전자법규위반,안전운전 의무 불이행,단일로,기타단일로,원동기장치자전거,원동기장치자전거,0,0,1174736,1723454,129.4263541,35.49161238
2015,2015040610,10,주간,월,1,1,0,0,0,경남,통영시,차대차,기타,기타,운전자법규위반,신호위반,단일로,기타단일로,승용차,대형,이륜차,소형,1086028,1652120,128.4411419,34.86012063
2015,2015040613,20,주간,월,1,3,2,0,0,경북,성주군,차대차,정면충돌,정면충돌,운전자법규위반,중앙선 침범,기타/불명,기타/불명,화물차,소형,화물차,소형,1067405,1755362,128.2459269,35.79237674
2015,2015022219,42,야간,일,1,1,0,0,0,전남,담양군,차량단독,기타,기타,운전자법규위반,안전운전 의무 불이행,교차로,교차로부근,화물차,소형,0,0,954744,1703214,127.0020876,35.32346734
2015,2015021921,20,야간,목,1,1,0,0,0,전남,무안군,차대사람,기타,기타,운전자법규위반,안전운전 의무 불이행,교차로,교차로내,화물차,소형,보행자,보행자,902147,1658088,126.4288139,34.91285842
2015,2015022306,35,주간,월,1,1,0,0,0,충북,청주시,차대차,기타,기타,운전자법규위반,안전운전 의무 불이행,단일로,기타단일로,승용차,중형,화물차,대형,997424,1858508,127.4711521,36.72460513
2015,2015022215,10,주간,일,1,1,0,0,0,전북,전주시,차대사람,횡단중,횡단중,운전자법규위반,보행자 보호의무 위반,교차로,교차로부근,승용차,중형,보행자,보행자,965377,1756648,127.1167836,35.80567464
2015,2015022115,20,주간,토,1,7,5,0,1,제주,서귀포시,차대차,정면충돌,정면충돌,운전자법규위반,중앙선 침범,단일로,기타단일로,승용차,중형,승용차,중형,894936,1476925,126.3717785,33.27859208
2015,2015030619,20,야간,금,1,1,0,0,0,대구,수성구,차대사람,횡단중,횡단중,운전자법규위반,안전운전 의무 불이행,교차로,교차로내,승용차,소형,보행자,보행자,1101708,1762477,128.6263869,35.85356084
2015,2015031105,45,야간,수,1,1,0,0,0,전남,해남군,차량단독,공작물충돌,공작물충돌,운전자법규위반,안전운전 의무 불이행,교차로,교차로내,승용차,중형,0,0,917876,1619432,126.6047448,34.5657038
2015,2015031100,25,야간,수,1,5,3,1,0,전북,전주시,차대차,측면직각충돌,측면직각충돌,운전자법규위반,안전운전 의무 불이행,교차로,교차로내,승용차,중형,승용차,중형,965214,1757465,127.114944,35.81303497
2015,2015031100,20,야간,수,1,3,2,0,0,전북,부안군,차대차,측면직각충돌,측면직각충돌,운전자법규위반,신호위반,교차로,교차로내,화물차,소형,승용차,중형,931026,1747708,126.7373702,35.72326308
2015,2015031704,20,야간,화,1,2,1,0,0,부산,남구,차대차,측면직각충돌,측면직각충돌,운전자법규위반,안전거리 미확보,단일로,기타단일로,승용차,중형,이륜차,중형,1146815,1680818,129.1110061,35.11171076