발생년,발생년월일시,발생분,주야,요일,사망자수,사상자수,중상자수,경상자수,부상신고자수,발생지시도,발생지시군구,사고유형_대분류,사고유형_중분류,사고유형,법규위반_대분류,법규위반,도로형태_대분류,도로형태,당사자종별_1당_대분류,당사자종별_1당,당사자종별_2당_대분류,당사자종별_2당,발생위치X_UTMK,발생위치Y_UTMK,경도,위도
2015,2015040514,35,주간,일,1,2,0,1,0,충북,충주시,차대차,기타,기타,운전자법규위반,안전운전 의무 불이행,교차로,교차로내,승용차,소형,승용차,소형,1034079,1888272,127.8826594,36.99236775
2015,2015040920,45,야간,목,1,3,2,0,0,강원,동해시,차대차,측면직각충돌,측면직각충돌,운전자법규위반,신호위반,교차로,교차로내,승용차,소형,승용차,중형,1143384,1944608,129.1218915,37.48960143
2015,2015041410,42,주간,화,1,1,0,0,0,부산,동구,차대사람,기타,기타,운전자법규위반,안전운전 의무 불이행,교차로,교차로내,화물차,소형,보행자,보행자,1140229,1681818,129.0389491,35.12179135
2015,2015041322,30,야간,월,1,1,0,0,0,충남,공주시,차량단독,전도전복,전도전복,운전자법규위반,안전운전 의무 불이행,단일로,기타단일로,승용차,중형,0,0,964873,1823626,127.1082181,36.40950172
2015,2015041420,20,야간,화,1,1,0,0,0,전북,군산시,차대사람,횡단중,횡단중,운전자법규위반,안전운전 의무 불이행,교차로,교차로내,승용차,소형,보행자,보행자,923722,1772084,126.6542902,35.94247906
2015,2015041712,40,주간,금,1,1,0,0,0,전남,완도군,차대차,측면직각충돌,측면직각충돌,운전자법규위반,앞지르기 금지위반,교차로,교차로내,특수차,대형,농기계,농기계,936309,1602435,126.806942,34.413741
2015,2015041521,40,야간,수,1,1,0,0,0,서울,강동구,차량단독,공작물충돌,공작물충돌,운전자법규위반,안전운전 의무 불이행,단일로,기타단일로,승용차,중형,0,0,970865,1950729,127.1701379,37.55544783
2015,2015041516,20,주간,수,1,4,0,3,0,강원,춘천시,차대차,측면직각충돌,측면직각충돌,운전자법규위반,중앙선 침범,단일로,터널안,화물차,소형,화물차,소형,1012973,1998196,127.6477279,37.98364794
2015,2015041620,25,야간,목,1,1,0,0,0,울산,남구,차대사람,기타,기타,운전자법규위반,안전운전 의무 불이행,교차로,교차로부근,승용차,중형,보행자,보행자,1160000,1730190,129.2653003,35.55480366
2015,2015041705,35,야간,금,1,1,0,0,0,서울,영등포구,차대사람,보도통행중,보도통행중,운전자법규위반,보행자 보호의무 위반,단일로,횡단보도상,승용차,중형,보행자,보행자,947360,1944953,126.9044422,37.50234463
2015,2015060715,0,주간,일,2,2,0,0,0,충남,논산시,차량단독,전도전복,전도전복,운전자법규위반,안전운전 의무 불이행,단일로,기타단일로,이륜차,사발이,0,0,958183,1800157,127.0348627,36.19765618
2015,2015061403,40,야간,일,1,1,0,0,0,울산,동구,차량단독,기타,기타,운전자법규위반,안전운전 의무 불이행,기타/불명,기타/불명,이륜차,중형,0,0,1174476,1722602,129.4233061,35.4839802
2015,2015061817,55,주간,목,1,1,0,0,0,경북,칠곡군,차대차,측면직각충돌,측면직각충돌,운전자법규위반,신호위반,교차로,교차로내,화물차,중형,이륜차,중형,1094171,1790076,128.5462084,36.10310475
2015,2015061611,35,주간,화,1,1,0,0,0,경북,안동시,차대사람,차도통행중,차도통행중,운전자법규위반,과속,단일로,기타단일로,승용차,중형,보행자,보행자,1102611,1843981,128.647063,36.58812874
2015,2015062122,55,야간,일,1,3,0,0,2,경기,광명시,차대차,측면직각충돌,측면직각충돌,운전자법규위반,신호위반,교차로,교차로내,이륜차,소형,승용차,중형,944824,1940342,126.8760976,37.46063683
2015,2015062114,45,주간,일,1,1,0,0,0,경기,광주시,차량단독,전도전복,전도전복,운전자법규위반,안전운전 의무 불이행,단일로,기타단일로,자전거,자전거,0,0,984899,1928605,127.3294812,37.35636586
2015,2015062203,55,야간,월,1,2,0,1,0,전남,여수시,차대차,추돌,주정차중 추돌,운전자법규위반,안전운전 의무 불이행,단일로,기타단일로,승용차,대형,화물차,중형,1014160,1645043,127.6547992,34.79984591
2015,2015062522,15,야간,목,1,1,0,0,0,서울,강동구,차대사람,횡단중,횡단중,운전자법규위반,안전운전 의무 불이행,단일로,기타단일로,승합차,대형,보행자,보행자,970834,1949615,127.1698313,37.54540588
2015,2015062417,55,주간,수,1,1,0,0,0,전남,화순군,차량단독,기타,기타,운전자법규위반,안전운전 의무 불이행,단일로,기타단일로,화물차,대형,0,0,953982,1674929,126.9952842,35.0683924
2015,2015062515,30,주간,목,1,1,0,0,0,서울,강북구,차대차,기타,기타,운전자법규위반,안전운전 의무 불이행,단일로,기타단일로,원동기장치자전거,원동기장치자전거,자전거,자전거,958829,1959700,127.0333434,37.63581537
2015,2015062921,0,야간,월,1,1,0,0,0,경기,안산시,차대사람,기타,기타,운전자법규위반,신호위반,교차로,교차로내,승용차,중형,보행자,보행자,939844,1923453,126.8211635,37.30810205
2015,2015062808,10,주간,일,1,3,1,1,0,경북,고령군,차대차,측면직각충돌,측면직각충돌,운전자법규위반,직진 및 우회전차의 통행방해,교차로,교차로내,농기계,농기계,화물차,소형,1069269,1754928,128.2665153,35.7883343
2015,2015062722,25,야간,토,1,1,0,0,0,경기,수원시,차대사람,차도통행중,차도통행중,운전자법규위반,안전운전 의무 불이행,단일로,기타단일로,승용차,중형,보행자,보행자,956257,1920047,127.0065708,37.27831904
2015,2015070304,55,야간,금,1,1,0,0,0,부산,강서구,차대사람,횡단중,횡단중,운전자법규위반,안전운전 의무 불이행,교차로,교차로부근,화물차,소형,보행자,보행자,1128717,1677758,128.9120144,35.08673047
2015,2015070214,45,주간,목,1,1,0,0,0,충남,서천군,차대차,측면직각충돌,측면직각충돌,운전자법규위반,신호위반,교차로,교차로내,이륜차,중형,승용차,소형,925435,1782123,126.672336,36.03311315
2015,2015070318,19,야간,금,1,1,0,0,0,경북,구미시,차량단독,전도전복,전도전복,운전자법규위반,안전운전 의무 불이행,단일로,기타단일로,자전거,자전거,0,0,1072083,1814728,128.3031112,36.32722728
2015,2015070323,10,야간,금,1,2,1,0,0,전남,진도군,차량단독,공작물충돌,공작물충돌,운전자법규위반,안전운전 의무 불이행,기타/불명,기타/불명,승용차,중형,0,0,890893,1612469,126.3115376,34.50041282
2015,2015070206,9,주간,목,1,1,0,0,0,경기,이천시,차량단독,도로이탈,도로이탈 추락,운전자법규위반,안전운전 의무 불이행,단일로,기타단일로,자전거,자전거,0,0,993796,1914193,127.4300654,37.22655856
2015,2015063009,30,주간,화,1,1,0,0,0,전남,여수시,차량단독,공작물충돌,공작물충돌,운전자법규위반,안전운전 의무 불이행,단일로,기타단일로,승용차,중형,0,0,1017930,1642939,127.6959683,34.78081327
2015,2015052620,45,야간,화,1,1,0,0,0,경남,거제시,차대차,추돌,진행중 추돌,운전자법규위반,안전거리 미확보,단일로,기타단일로,승용차,중형,승용차,중형,1102307,1655724,128.6196461,34.89110542
2015,2015053000,10,야간,토,1,1,0,0,0,경북,포항시,차대사람,횡단중,횡단중,운전자법규위반,보행자 보호의무 위반,교차로,교차로내,승용차,중형,보행자,보행자,1165771,1782559,129.3397927,36.02578464
2015,2015052817,0,주간,목,1,1,0,0,0,경기,수원시,차량단독,전도전복,전도전복,운전자법규위반,안전운전 의무 불이행,단일로,기타단일로,이륜차,대형,0,0,962033,1918687,127.0717928,37.26631398
2015,2015052721,0,야간,수,1,1,0,0,0,경기,양주시,차대차,정면충돌,정면충돌,운전자법규위반,신호위반,교차로,교차로내,승용차,중형,자전거,자전거,954082,1988711,126.9777308,37.89709386
2015,2015060216,20,주간,화,1,1,0,0,0,울산,중구,차대사람,횡단중,횡단중,운전자법규위반,안전운전 의무 불이행,단일로,기타단일로,승용차,중형,보행자,보행자,1164667,1730254,129.3167821,35.55461567
2015,2015053108,23,주간,일,1,1,0,0,0,서울,강동구,차대사람,횡단중,횡단중,운전자법규위반,보행자 보호의무 위반,교차로,교차로부근,승합차,대형,보행자,보행자,966935,1949629,127.1256935,37.54540041
2015,2015061121,30,야간,목,1,1,0,0,0,충남,부여군,차량단독,도로이탈,도로이탈 기타,운전자법규위반,안전운전 의무 불이행,기타/불명,기타/불명,화물차,경형,0,0,940294,1802462,126.8357151,36.21749721
2015,2015060913,2,주간,화,1,1,0,0,0,전북,순창군,차량단독,전도전복,전도전복,운전자법규위반,안전운전 의무 불이행,기타/불명,기타/불명,이륜차,사발이,0,0,963600,1717645,127.0988763,35.45394845
2015,2015061014,16,주간,수,1,2,1,0,0,경남,창원시(통합),차대사람,기타,기타,운전자법규위반,안전운전 의무 불이행,단일로,기타단일로,승용차,중형,보행자,보행자,1097105,1690098,128.5667463,35.20152589
2015,2015060917,50,주간,화,1,1,0,0,0,경남,양산시,차대사람,보도통행중,보도통행중,운전자법규위반,기타(운전자법규위반),교차로,교차로내,승용차,중형,보행자,보행자,1138122,1704884,129.0197055,35.32999805
2015,2015061407,0,주간,일,1,2,0,0,1,강원,영월군,차량단독,도로이탈,도로이탈 기타,운전자법규위반,안전운전 의무 불이행,단일로,기타단일로,화물차,소형,0,0,1064536,1918842,128.2278591,37.26624807
2015,2015061204,0,야간,금,1,3,2,0,0,경북,구미시,차대차,기타,기타,운전자법규위반,신호위반,교차로,교차로내,이륜차,소형,승용차,중형,1079691,1790797,128.3854323,36.11090096
2015,2015061112,0,주간,목,1,2,1,0,0,경남,고성군,차대차,측면직각충돌,측면직각충돌,운전자법규위반,신호위반,교차로,교차로내,이륜차,중형,승용차,중형,1076007,1665197,128.3327138,34.97882978
2015,2015061314,56,주간,토,1,1,0,0,0,경북,예천군,차대차,추돌,진행중 추돌,운전자법규위반,안전운전 의무 불이행,단일로,기타단일로,화물차,소형,원동기장치자전거,원동기장치자전거,1092026,1845745,128.5289653,36.60510863
2015,2015061717,0,주간,수,1,1,0,0,0,경남,진주시,차대차,측면직각충돌,측면직각충돌,운전자법규위반,직진 및 우회전차의 통행방해,교차로,교차로내,승용차,중형,원동기장치자전거,원동기장치자전거,1052852,1688966,128.0805642,35.19462593
2015,2015062111,40,주간,일,1,1,0,0,0,전북,전주시,차대차,측면직각충돌,측면직각충돌,운전자법규위반,안전운전 의무 불이행,교차로,교차로부근,승용차,중형,자전거,자전거,965602,1761443,127.1190674,35.84891429
2015,2015061917,45,주간,금,2,4,1,1,0,전남,여수시,차대차,추돌,진행중 추돌,운전자법규위반,안전운전 의무 불이행,단일로,기타단일로,화물차,대형,승용차,소형,1012181,1645660,127.6331735,34.80543543
2015,2015062420,20,야간,수,1,3,0,2,0,전북,순창군,차량단독,전도전복,전도전복,운전자법규위반,안전운전 의무 불이행,단일로,기타단일로,화물차,소형,0,0,955339,1725116,127.0074329,35.52097302
2015,2015062511,55,주간,목,1,1,0,0,0,경기,포천시,차량단독,전도전복,전도전복,운전자법규위반,안전운전 의무 불이행,단일로,기타단일로,이륜차,중형,0,0,986008,2000050,127.3406323,38.00034267
2015,2015062810,20,주간,일,1,1,0,0,0,대구,서구,차대차,측면직각충돌,측면직각충돌,운전자법규위반,안전운전 의무 불이행,교차로,교차로부근,승용차,중형,자전거,자전거,1095399,1762877,128.5565754,35.85780133
2015,2015062816,0,주간,일,1,4,1,1,1,경북,경주시,차대차,기타,기타,운전자법규위반,중앙선 침범,단일로,기타단일로,승용차,중형,승합차,소형,1164069,1756344,129.3155056,35.78983565
2015,2015062721,30,야간,토,1,2,1,0,0,부산,사상구,차대차,측면직각충돌,측면직각충돌,운전자법규위반,신호위반,단일로,기타단일로,승용차,중형,이륜차,소형,1135134,1687531,128.9839855,35.1739864
2015,2015063023,30,야간,화,1,1,0,0,0,인천,남구,차대사람,길가장자리구역통행중,길가장자리구역통행중,운전자법규위반,안전운전 의무 불이행,단일로,기타단일로,승용차,소형,보행자,보행자,926629,1937979,126.6706102,37.43807436
2015,2015070102,0,야간,수,1,1,0,0,0,경기,용인시,차대사람,횡단중,횡단중,운전자법규위반,안전운전 의무 불이행,단일로,기타단일로,승용차,경형,보행자,보행자,971722,1915538,127.1811871,37.23827399
2015,2015082118,0,야간,금,1,1,0,0,0,충남,당진시,차대차,정면충돌,정면충돌,운전자법규위반,안전운전 의무 불이행,단일로,기타단일로,이륜차,소형,승용차,대형,916286,1889872,126.5591075,37.00361414
2015,2015120713,20,주간,월,1,4,2,1,0,전남,장흥군,차대차,정면충돌,정면충돌,운전자법규위반,중앙선 침범,단일로,기타단일로,화물차,소형,화물차,소형,945428,1636737,126.9039628,34.72358446
2015,2015031822,20,야간,수,1,1,0,0,0,대구,북구,차대사람,기타,기타,운전자법규위반,안전운전 의무 불이행,단일로,횡단보도상,화물차,소형,보행자,보행자,1094235,1770147,128.5445462,35.9234502
2015,2015032600,56,야간,목,1,1,0,0,0,광주,남구,차대사람,횡단중,횡단중,운전자법규위반,안전운전 의무 불이행,단일로,기타단일로,승용차,대형,보행자,보행자,945059,1682591,126.8969144,35.13703233
2015,2015031403,16,야간,토,1,1,0,0,0,전남,영암군,차대사람,차도통행중,차도통행중,운전자법규위반,안전운전 의무 불이행,단일로,기타단일로,승용차,중형,보행자,보행자,926040,1655311,126.6905868,34.88984304
2015,2015042520,29,야간,토,1,1,0,0,0,서울,양천구,차대사람,횡단중,횡단중,운전자법규위반,보행자 보호의무 위반,단일로,횡단보도부근,승용차,중형,보행자,보행자,945175,1949906,126.8793531,37.5468593
2015,2015020113,5,주간,일,1,1,0,0,0,서울,동대문구,차대사람,기타,기타,운전자법규위반,안전운전 의무 불이행,단일로,기타단일로,승용차,중형,보행자,보행자,959442,1953641,127.0406506,37.58126235
2015,2015021506,55,주간,일,1,1,0,0,0,전남,구례군,차대사람,횡단중,횡단중,운전자법규위반,안전운전 의무 불이행,단일로,기타단일로,승용차,중형,보행자,보행자,1000507,1689738,127.5055699,35.20297868
2015,2015042923,50,야간,수,1,1,0,0,0,경남,통영시,차대사람,차도통행중,차도통행중,운전자법규위반,안전운전 의무 불이행,단일로,기타단일로,승용차,대형,보행자,보행자,1086862,1654333,128.4504943,34.88000295
2015,2015122617,50,주간,토,1,3,1,0,1,경기,안성시,차대차,기타,기타,운전자법규위반,안전운전 의무 불이행,단일로,기타단일로,화물차,소형,승합차,대형,969289,1888286,127.154874,36.99254501
2015,2015011002,45,야간,토,1,1,0,0,0,서울,송파구,차대사람,횡단중,횡단중,운전자법규위반,안전운전 의무 불이행,교차로,교차로내,승용차,대형,보행자,보행자,964672,1946089,127.1002465,37.51340898
2015,2015120108,0,주간,화,1,2,1,0,0,전남,순천시,차대차,기타,기타,운전자법규위반,안전운전 의무 불이행,단일로,기타단일로,승용차,중형,불명,불명,988283,1667102,127.3715988,34.9987955
2015,2015040209,30,주간,목,2,3,1,0,0,광주,서구,차대사람,길가장자리구역통행중,길가장자리구역통행중,운전자법규위반,과속,단일로,기타단일로,승용차,중형,보행자,보행자,941487,1680975,126.8578212,35.12225991
2015,2015020723,20,야간,토,1,2,1,0,0,부산,동구,차대사람,기타,기타,운전자법규위반,과속,단일로,기타단일로,승용차,중형,보행자,보행자,1140987,1681711,129.0472468,35.12072096
2015,2015041212,40,주간,일,1,7,3,3,0,전북,익산시,차대차,측면직각충돌,측면직각충돌,운전자법규위반,직진 및 우회전차의 통행방해,교차로,교차로내,승용차,대형,화물차,경형,953752,1780808,126.9867139,36.02301526
2015,2015041102,10,야간,토,1,1,0,0,0,부산,북구,차량단독,공작물충돌,공작물충돌,운전자법규위반,안전운전 의무 불이행,단일로,기타단일로,이륜차,중형,0,0,1139145,1691870,129.0287516,35.21255029
2015,2015072417,20,주간,금,1,2,1,0,0,경남,밀양시,차량단독,도로이탈,도로이탈 추락,운전자법규위반,안전운전 의무 불이행,단일로,기타단일로,화물차,중형,0,0,1123869,1733308,128.8672561,35.58808678
2015,2015092904,53,야간,화,1,1,0,0,0,서울,중랑구,차대사람,횡단중,횡단중,운전자법규위반,안전운전 의무 불이행,단일로,기타단일로,승합차,중형,보행자,보행자,963831,1955425,127.0902699,37.59752504
2015,2015100715,0,주간,수,1,1,0,0,0,전남,담양군,차대차,기타,기타,운전자법규위반,안전운전 의무 불이행,단일로,기타단일로,승합차,소형,자전거,자전거,952802,1701262,126.9809058,35.30531119
2015,2015041500,40,야간,수,1,2,0,0,1,경기,화성시,차대사람,차도통행중,차도통행중,운전자법규위반,안전운전 의무 불이행,단일로,기타단일로,화물차,중형,보행자,보행자,944863,1911660,126.8786714,37.20211707
2015,2015041023,0,야간,금,1,1,0,0,0,세종,세종,차대차,추돌,주정차중 추돌,운전자법규위반,안전운전 의무 불이행,단일로,기타단일로,승용차,중형,농기계,농기계,983118,1840797,127.3113335,36.56479523
2015,2015080706,0,주간,금,1,2,0,1,0,경기,고양시,차대차,측면직각충돌,측면직각충돌,운전자법규위반,신호위반,교차로,교차로내,승용차,중형,화물차,소형,942030,1966319,126.8424506,37.69459534
2015,2015070907,8,주간,목,1,1,0,0,0,인천,남구,차대사람,횡단중,횡단중,운전자법규위반,신호위반,교차로,교차로내,승합차,중형,보행자,보행자,926514,1940864,126.6690228,37.46406713
2015,2015110722,35,야간,토,1,1,0,0,0,대전,대덕구,차대사람,횡단중,횡단중,운전자법규위반,안전운전 의무 불이행,단일로,기타단일로,승용차,소형,보행자,보행자,993665,1827870,127.4293085,36.44838435
2015,2015120617,50,주간,일,1,1,0,0,0,전북,군산시,차대사람,횡단중,횡단중,운전자법규위반,안전운전 의무 불이행,단일로,기타단일로,화물차,소형,보행자,보행자,931341,1774345,126.7385609,35.96342789
2015,2015112919,20,야간,일,1,1,0,0,0,경기,안양시,차대사람,횡단중,횡단중,운전자법규위반,신호위반,교차로,교차로부근,특수차,중형,보행자,보행자,951968,1933361,126.9573292,37.39811336
2015,2015050217,30,주간,토,1,1,0,0,0,전남,보성군,차대사람,횡단중,횡단중,운전자법규위반,안전운전 의무 불이행,단일로,기타단일로,화물차,소형,보행자,보행자,961609,1641474,127.0804712,34.76703719
2015,2015081314,27,주간,목,1,2,1,0,0,경남,창원시(통합),차대차,기타,기타,운전자법규위반,안전운전 의무 불이행,단일로,기타단일로,승용차,중형,화물차,중형,1106630,1697489,128.6723229,35.26719032
2015,2015080800,28,야간,토,1,1,0,0,0,전남,목포시,차대사람,횡단중,횡단중,운전자법규위반,안전운전 의무 불이행,기타/불명,기타/불명,승용차,중형,보행자,보행자,899124,1644874,126.3973177,34.79342505
2015,2015080922,30,야간,일,1,1,0,0,0,대전,중구,차대차,기타,기타,운전자법규위반,안전운전 의무 불이행,단일로,기타단일로,승용차,중형,자전거,자전거,990153,1812574,127.3903123,36.31045585
2015,2015081319,30,야간,목,1,1,0,0,0,경남,김해시,차대사람,기타,기타,운전자법규위반,안전운전 의무 불이행,단일로,기타단일로,승용차,중형,보행자,보행자,1111886,1701780,128.7306827,35.30529973
2015,2015120618,15,야간,일,1,1,0,0,0,경남,산청군,차대사람,횡단중,횡단중,운전자법규위반,보행자 보호의무 위반,단일로,기타단일로,화물차,소형,보행자,보행자,1047672,1705330,128.0246159,35.34243401
2015,2015111311,35,주간,금,1,1,0,0,0,전북,익산시,차대사람,차도통행중,차도통행중,운전자법규위반,안전운전 의무 불이행,교차로,교차로부근,승용차,중형,보행자,보행자,953108,1774771,126.9799242,35.96855741
2015,2015112622,3,야간,목,1,1,0,0,0,울산,남구,차대사람,횡단중,횡단중,운전자법규위반,안전운전 의무 불이행,단일로,횡단보도부근,승합차,중형,보행자,보행자,1164309,1727668,129.3123094,35.53136981
2015,2015091105,36,야간,금,1,1,0,0,0,대구,동구,차대차,측면직각충돌,측면직각충돌,운전자법규위반,안전운전 의무 불이행,교차로,교차로내,자전거,자전거,승용차,중형,1108023,1764076,128.6965271,35.86729861
2015,2015052323,10,야간,토,1,1,0,0,0,강원,양양군,차대사람,횡단중,횡단중,운전자법규위반,안전운전 의무 불이행,단일로,기타단일로,승용차,소형,보행자,보행자,1099038,2010086,128.6293242,38.08547681
2015,2015081519,35,야간,토,2,2,0,0,0,경북,군위군,차량단독,공작물충돌,공작물충돌,운전자법규위반,안전운전 의무 불이행,단일로,기타단일로,화물차,소형,0,0,1112362,1796775,128.7492214,36.16155201
2015,2015102019,47,야간,화,1,1,0,0,0,광주,광산구,차대차,측면직각충돌,측면직각충돌,운전자법규위반,신호위반,교차로,교차로내,승용차,중형,원동기장치자전거,원동기장치자전거,938932,1691062,126.8290351,35.21305828
2015,2015120718,46,야간,월,1,1,0,0,0,경기,파주시,차대사람,횡단중,횡단중,운전자법규위반,안전운전 의무 불이행,교차로,교차로부근,승합차,대형,보행자,보행자,945537,1993817,126.8801591,37.94264033
2015,2015120922,19,야간,수,1,3,2,0,0,충남,논산시,차대차,정면충돌,정면충돌,운전자법규위반,중앙선 침범,단일로,기타단일로,승용차,경형,승용차,경형,963838,1791009,127.098416,36.11539047
2015,2015052122,41,야간,목,1,1,0,0,0,울산,동구,차대사람,기타,기타,운전자법규위반,안전운전 의무 불이행,단일로,기타단일로,승용차,대형,보행자,보행자,1175158,1726693,129.4317031,35.52072644
2015,2015071612,40,주간,목,1,1,0,0,0,부산,기장군,차대차,추돌,주정차중 추돌,운전자법규위반,안전거리 미확보,단일로,기타단일로,건설기계,건설기계,화물차,중형,1155501,1704932,129.2108575,35.32787633
2015,2015042123,15,야간,화,1,1,0,0,0,광주,남구,차대사람,기타,기타,운전자법규위반,보행자 보호의무 위반,단일로,횡단보도상,승용차,소형,보행자,보행자,944202,1683128,126.8874714,35.14182713
2015,2015042311,10,주간,목,1,1,0,0,0,전북,남원시,차량단독,전도전복,전도전복,운전자법규위반,안전운전 의무 불이행,기타/불명,기타/불명,이륜차,대형,0,0,997179,1717417,127.4689134,35.45255504
2015,2015042311,50,주간,목,1,2,1,0,0,경북,청송군,차대차,정면충돌,정면충돌,운전자법규위반,중앙선 침범,단일로,기타단일로,화물차,경형,승용차,소형,1140149,1825219,129.0631651,36.41427299
2015,2015042015,25,주간,월,1,1,0,0,0,서울,광진구,차대차,측면직각충돌,측면직각충돌,운전자법규위반,안전거리 미확보,단일로,기타단일로,승합차,경형,원동기장치자전거,원동기장치자전거,962615,1951818,127.0766792,37.56496546
2015,2015041923,14,야간,일,1,1,0,0,0,경기,이천시,차량단독,전도전복,전도전복,운전자법규위반,안전운전 의무 불이행,단일로,기타단일로,이륜차,사발이,0,0,1007650,1900859,127.5860982,37.10635293
2015,2015042502,0,야간,토,1,2,0,1,0,부산,사하구,차대차,정면충돌,정면충돌,운전자법규위반,중앙선 침범,단일로,기타단일로,이륜차,중형,승용차,중형,1134714,1678502,128.9779029,35.09265331
2015,2015042502,5,야간,토,1,3,2,0,0,부산,기장군,차량단독,공작물충돌,공작물충돌,운전자법규위반,안전운전 의무 불이행,단일로,기타단일로,승용차,중형,0,0,1155450,1691513,129.2077561,35.20693855
2015,2015042503,0,야간,토,1,1,0,0,0,대구,수성구,차량단독,공작물충돌,공작물충돌,운전자법규위반,안전운전 의무 불이행,단일로,기타단일로,승용차,중형,0,0,1100827,1757631,128.6160198,35.80996773
2015,2015042518,56,야간,토,1,1,0,0,0,강원,태백시,차대사람,기타,기타,운전자법규위반,안전운전 의무 불이행,단일로,기타단일로,승용차,중형,보행자,보행자,1134018,1901258,129.008237,37.10023271
2015,2015042313,23,주간,목,1,1,0,0,0,전북,군산시,차대차,정면충돌,정면충돌,운전자법규위반,부당한 회전,교차로,교차로내,자전거,자전거,승용차,소형,929270,1773921,126.7156329,35.95945754
2015,2015042314,46,주간,목,1,1,0,0,0,경북,경주시,차대사람,횡단중,횡단중,운전자법규위반,안전운전 의무 불이행,단일로,횡단보도상,건설기계,건설기계,보행자,보행자,1162935,1754451,129.3025776,35.7729651
2015,2015042812,55,주간,화,1,31,8,22,0,서울,양천구,차대차,추돌,주정차중 추돌,운전자법규위반,안전운전 의무 불이행,단일로,기타단일로,승합차,대형,승합차,대형,944829,1950719,126.8753753,37.55416626
2015,2015042819,50,야간,화,1,1,0,0,0,충남,홍성군,차대사람,차도통행중,차도통행중,운전자법규위반,안전운전 의무 불이행,단일로,기타단일로,승합차,소형,보행자,보행자,914562,1848070,126.5444285,36.62667883
2015,2015042813,25,주간,화,1,1,0,0,0,대구,달성군,차대차,측면직각충돌,측면직각충돌,운전자법규위반,기타(운전자법규위반),단일로,기타단일로,승용차,대형,자전거,자전거,1090615,1756536,128.5028789,35.80109263
2015,2015042815,30,주간,화,1,1,0,0,0,부산,강서구,차대사람,차도통행중,차도통행중,운전자법규위반,안전운전 의무 불이행,교차로,교차로내,승용차,경형,보행자,보행자,1130243,1680062,128.9291123,35.10730378
2015,2015042600,40,야간,일,1,1,0,0,0,충북,충주시,차량단독,공작물충돌,공작물충돌,운전자법규위반,안전운전 의무 불이행,단일로,기타단일로,화물차,소형,0,0,1048839,1871109,128.0477307,36.83694194
2015,2015042719,54,야간,월,1,1,0,0,0,전남,여수시,차대사람,횡단중,횡단중,운전자법규위반,안전운전 의무 불이행,단일로,횡단보도상,승용차,중형,보행자,보행자,1010205,1649619,127.6116183,34.84115818
2015,2015043014,25,주간,목,1,1,0,0,0,경남,창원시(통합),차대사람,횡단중,횡단중,운전자법규위반,안전운전 의무 불이행,단일로,기타단일로,특수차,대형,보행자,보행자,1098797,1692392,128.5856061,35.2220423
2015,2015050109,48,주간,금,1,1,0,0,0,광주,광산구,차대차,측면직각충돌,측면직각충돌,운전자법규위반,안전거리 미확보,교차로,교차로내,원동기장치자전거,원동기장치자전거,승합차,소형,938737,1691780,126.8268393,35.21952023
2015,2015050609,30,주간,수,1,1,0,0,0,전북,무주군,차량단독,도로이탈,도로이탈 추락,운전자법규위반,안전운전 의무 불이행,단일로,기타단일로,농기계,농기계,0,0,1015992,1761408,127.6771004,35.84907202
2015,2015050422,30,야간,월,1,1,0,0,0,전남,여수시,차대사람,횡단중,횡단중,운전자법규위반,보행자 보호의무 위반,단일로,횡단보도상,승용차,중형,보행자,보행자,1020203,1637926,127.7206909,34.73556484
2015,2015050218,20,야간,토,1,1,0,0,0,전북,익산시,차량단독,도로이탈,도로이탈 추락,운전자법규위반,안전운전 의무 불이행,교차로,교차로내,승용차,중형,0,0,947906,1785358,126.9216323,36.06358828
2015,2015051013,45,주간,일,1,1,0,0,0,경남,밀양시,차대사람,횡단중,횡단중,운전자법규위반,안전운전 의무 불이행,단일로,기타단일로,승용차,중형,보행자,보행자,1124428,1725238,128.8721845,35.51527347
2015,2015050817,45,주간,금,1,1,0,0,0,대구,북구,차대차,측면직각충돌,측면직각충돌,운전자법규위반,신호위반,단일로,기타단일로,자전거,자전거,승합차,대형,1094452,1767966,128.5466921,35.90376848
2015,2015050820,29,야간,금,1,1,0,0,0,충북,괴산군,차대사람,길가장자리구역통행중,길가장자리구역통행중,운전자법규위반,안전운전 의무 불이행,교차로,교차로부근,승합차,대형,보행자,보행자,1025547,1853913,127.7859386,36.68284195
2015,2015050711,35,주간,목,1,1,0,0,0,대전,동구,차대사람,횡단중,횡단중,운전자법규위반,보행자 보호의무 위반,단일로,횡단보도상,승용차,중형,보행자,보행자,994255,1815911,127.4359807,36.34057358
2015,2015051305,50,야간,수,1,2,1,0,0,전남,목포시,차대사람,보도통행중,보도통행중,운전자법규위반,기타(운전자법규위반),단일로,기타단일로,승용차,중형,보행자,보행자,900089,1646275,126.4076978,34.80615171
2015,2015040815,38,주간,수,1,3,1,1,0,경기,이천시,차대차,추돌,주정차중 추돌,운전자법규위반,중앙선 침범,교차로,교차로부근,승용차,대형,화물차,대형,1009581,1903505,127.6078648,37.13018682