발생년,발생년월일시,발생분,주야,요일,사망자수,사상자수,중상자수,경상자수,부상신고자수,발생지시도,발생지시군구,사고유형_대분류,사고유형_중분류,사고유형,법규위반_대분류,법규위반,도로형태_대분류,도로형태,당사자종별_1당_대분류,당사자종별_1당,당사자종별_2당_대분류,당사자종별_2당,발생위치X_UTMK,발생위치Y_UTMK,경도,위도
2015,2015051623,0,야간,토,1,1,0,0,0,경북,경주시,차대사람,기타,기타,운전자법규위반,안전운전 의무 불이행,단일로,기타단일로,승용차,소형,보행자,보행자,1144489,1762137,129.0999714,35.8451221
2015,2015051515,30,주간,금,1,1,0,0,0,부산,강서구,차대차,측면직각충돌,측면직각충돌,운전자법규위반,차로위반(진로변경 위반),단일로,기타단일로,승용차,중형,이륜차,소형,1130830,1680556,128.933408,35.11195236
2015,2015051601,50,야간,토,1,4,1,2,0,경기,화성시,차대차,측면직각충돌,측면직각충돌,운전자법규위반,신호위반,교차로,교차로내,이륜차,소형,승용차,중형,961898,1912404,127.0705916,37.20967467
2015,2015040820,50,야간,수,1,1,0,0,0,경기,포천시,차대차,측면직각충돌,측면직각충돌,운전자법규위반,신호위반,교차로,교차로내,원동기장치자전거,원동기장치자전거,승용차,중형,972909,1983219,127.1920705,37.84834998
2015,2015040418,45,야간,토,1,1,0,0,0,대구,달서구,차대사람,횡단중,횡단중,운전자법규위반,보행자 보호의무 위반,교차로,교차로부근,승용차,중형,보행자,보행자,1094557,1761276,128.5470616,35.84345051
2015,2015041114,20,주간,토,1,1,0,0,0,경기,연천군,차대차,추돌,진행중 추돌,운전자법규위반,안전운전 의무 불이행,단일로,기타단일로,건설기계,건설기계,건설기계,건설기계,968069,2002233,127.1362141,38.01956304
2015,2015041418,43,야간,화,1,3,2,0,0,전남,영암군,차대차,정면충돌,정면충돌,운전자법규위반,신호위반,교차로,교차로내,승용차,경형,승용차,경형,900951,1640894,126.4177543,34.75772002
2015,2015041520,40,야간,수,1,1,0,0,0,충북,제천시,차대사람,기타,기타,운전자법규위반,과속,교차로,교차로내,승합차,소형,보행자,보행자,1063378,1904614,128.2135913,37.13808471
2015,2015041515,10,주간,수,1,1,0,0,0,충남,금산군,차대차,측면직각충돌,측면직각충돌,운전자법규위반,교차로 통행방법 위반,교차로,교차로내,이륜차,소형,승용차,경형,1005061,1785263,127.5561993,36.06426626
2015,2015041906,5,주간,일,1,6,5,0,0,경기,고양시,차대차,정면충돌,정면충돌,운전자법규위반,중앙선 침범,단일로,기타단일로,승용차,중형,승용차,중형,939083,1959346,126.8096075,37.63155823
2015,2015041809,30,주간,토,1,1,0,0,0,경기,안성시,차량단독,전도전복,전도전복,운전자법규위반,안전운전 의무 불이행,단일로,기타단일로,이륜차,대형,0,0,1001283,1900355,127.5144389,37.10184011
2015,2015041617,5,주간,목,1,1,0,0,0,충남,천안시,차대사람,횡단중,횡단중,운전자법규위반,안전운전 의무 불이행,교차로,교차로내,승합차,대형,보행자,보행자,965998,1867693,127.1188154,36.80679855
2015,2015041701,57,야간,금,1,1,0,0,0,경기,양평군,차량단독,공작물충돌,공작물충돌,운전자법규위반,안전운전 의무 불이행,단일로,기타단일로,승용차,중형,0,0,1006647,1942820,127.5751853,37.48459584
2015,2015042310,25,주간,목,2,3,1,0,0,강원,원주시,차대차,측면직각충돌,측면직각충돌,운전자법규위반,기타(운전자법규위반),단일로,기타단일로,승합차,중형,자전거,자전거,1038530,1933247,127.9353134,37.39752978
2015,2015042122,52,야간,화,1,1,0,0,0,경기,부천시,차대차,측면직각충돌,측면직각충돌,운전자법규위반,신호위반,교차로,교차로내,이륜차,소형,승용차,중형,936014,1945171,126.7760655,37.50359257
2015,2015042114,22,주간,화,1,2,1,0,0,경기,광명시,차대차,추돌,진행중 추돌,운전자법규위반,안전운전 의무 불이행,단일로,기타단일로,화물차,경형,특수차,경형,944488,1939041,126.8723965,37.44889054
2015,2015041913,10,주간,일,1,1,0,0,0,경북,경주시,차량단독,공작물충돌,공작물충돌,운전자법규위반,안전운전 의무 불이행,단일로,기타단일로,승용차,중형,0,0,1164668,1744077,129.3196134,35.67918793
2015,2015042007,50,주간,월,1,1,0,0,0,경북,성주군,차량단독,도로이탈,도로이탈 기타,운전자법규위반,안전운전 의무 불이행,기타/불명,기타/불명,승용차,중형,0,0,1074054,1768889,128.3207565,35.91384693
2015,2015042223,25,야간,수,1,1,0,0,0,경기,화성시,차대사람,횡단중,횡단중,운전자법규위반,안전운전 의무 불이행,단일로,기타단일로,승용차,중형,보행자,보행자,959518,1912636,127.0437572,37.21166561
2015,2015042915,12,주간,수,1,1,0,0,0,경기,평택시,차대사람,기타,기타,운전자법규위반,안전운전 의무 불이행,단일로,기타단일로,승용차,소형,보행자,보행자,957375,1891112,127.02083,37.01755412
2015,2015042900,57,야간,수,1,2,1,0,0,경북,구미시,차량단독,공작물충돌,공작물충돌,운전자법규위반,안전운전 의무 불이행,단일로,기타단일로,승용차,경형,0,0,1082215,1793741,128.4137803,36.13722944
2015,2015042914,15,주간,수,1,1,0,0,0,전북,김제시,차대사람,길가장자리구역통행중,길가장자리구역통행중,운전자법규위반,안전운전 의무 불이행,단일로,기타단일로,승용차,중형,보행자,보행자,938450,1762662,126.8182997,35.85857486
2015,2015042809,10,주간,화,1,1,0,0,0,경남,거창군,차대차,정면충돌,정면충돌,운전자법규위반,중앙선 침범,단일로,기타단일로,이륜차,중형,화물차,소형,1028474,1754107,127.8150682,35.78296236
2015,2015061205,10,야간,금,1,1,0,0,0,경기,김포시,차대사람,횡단중,횡단중,운전자법규위반,안전운전 의무 불이행,단일로,기타단일로,승용차,소형,보행자,보행자,925338,1960600,126.6537168,37.64184559
2015,2015061115,30,주간,목,1,1,0,0,0,경북,김천시,차량단독,공작물충돌,공작물충돌,운전자법규위반,안전운전 의무 불이행,단일로,기타단일로,이륜차,사발이,0,0,1043491,1775823,127.9824145,35.97819944
2015,2015061122,55,야간,목,1,2,1,0,0,경남,김해시,차대사람,기타,기타,운전자법규위반,안전운전 의무 불이행,단일로,기타단일로,승용차,중형,보행자,보행자,1124360,1698447,128.8673511,35.27378069
2015,2015061823,45,야간,목,1,1,0,0,0,울산,북구,차대사람,횡단중,횡단중,운전자법규위반,과속,단일로,기타단일로,승용차,대형,보행자,보행자,1167868,1735985,129.3532724,35.60572534
2015,2015061517,43,주간,월,1,1,0,0,0,서울,은평구,차대사람,차도통행중,차도통행중,운전자법규위반,안전운전 의무 불이행,단일로,기타단일로,건설기계,건설기계,보행자,보행자,946479,1953905,126.8938223,37.5829792
2015,2015062211,30,주간,월,1,1,0,0,0,충남,논산시,차대차,측면직각충돌,측면직각충돌,운전자법규위반,안전거리 미확보,단일로,기타단일로,자전거,자전거,화물차,소형,965008,1792716,127.1111081,36.13084287
2015,2015061820,23,야간,목,1,1,0,0,0,경기,화성시,차대사람,횡단중,횡단중,운전자법규위반,안전운전 의무 불이행,교차로,교차로부근,승용차,소형,보행자,보행자,949483,1907207,126.931032,37.16224065
2015,2015062008,17,주간,토,1,1,0,0,0,전남,화순군,차량단독,기타,기타,운전자법규위반,안전운전 의무 불이행,단일로,기타단일로,이륜차,소형,0,0,947226,1668416,126.921603,35.00933422
2015,2015062617,40,주간,금,1,1,0,0,0,대구,수성구,차대사람,횡단중,횡단중,운전자법규위반,안전운전 의무 불이행,교차로,교차로내,승용차,중형,보행자,보행자,1107899,1760919,128.6947268,35.83885445
2015,2015062307,0,주간,화,1,2,1,0,0,부산,강서구,차대차,기타,기타,운전자법규위반,신호위반,교차로,교차로내,승용차,중형,승용차,중형,1124483,1678947,128.8657584,35.0979809
2015,2015062316,14,주간,화,1,1,0,0,0,경남,창녕군,차대차,기타,기타,운전자법규위반,안전운전 의무 불이행,단일로,기타단일로,승용차,중형,자전거,자전거,1089071,1728997,128.4827442,35.55296723
2015,2015062909,24,주간,월,1,1,0,0,0,충북,영동군,차량단독,전도전복,전도전복,운전자법규위반,안전운전 의무 불이행,단일로,기타단일로,특수차,중형,0,0,1029919,1785516,127.8322395,36.06610001
2015,2015070217,40,주간,목,1,1,0,0,0,대전,서구,차대사람,횡단중,횡단중,운전자법규위반,보행자 보호의무 위반,단일로,기타단일로,화물차,중형,보행자,보행자,989546,1815762,127.3835081,36.33919066
2015,2015070221,15,야간,목,1,1,0,0,0,경남,거제시,차대차,기타,기타,운전자법규위반,안전운전 의무 불이행,단일로,기타단일로,승용차,중형,승용차,중형,1109460,1653007,128.6975584,34.86586374
2015,2015062917,50,주간,월,1,2,0,0,1,전남,영암군,차량단독,공작물충돌,공작물충돌,운전자법규위반,안전운전 의무 불이행,단일로,기타단일로,화물차,소형,0,0,905032,1642095,126.4622026,34.76893672
2015,2015063021,45,야간,화,1,1,0,0,0,충남,당진시,차대사람,길가장자리구역통행중,길가장자리구역통행중,운전자법규위반,보행자 보호의무 위반,교차로,교차로내,승합차,대형,보행자,보행자,922065,1877466,126.6253321,36.89229033
2015,2015070115,40,주간,수,1,1,0,0,0,광주,서구,차대차,추돌,진행중 추돌,운전자법규위반,안전운전 의무 불이행,단일로,기타단일로,승합차,중형,자전거,자전거,939631,1679799,126.8375387,35.11154669
2015,2015070623,50,야간,월,1,2,1,0,0,경북,안동시,차대차,기타,기타,운전자법규위반,신호위반,교차로,교차로내,이륜차,중형,승용차,중형,1112427,1840538,128.756268,36.55599091
2015,2015070611,10,주간,월,1,2,1,0,0,충북,충주시,차량단독,전도전복,전도전복,운전자법규위반,안전운전 의무 불이행,단일로,기타단일로,승용차,대형,0,0,1024264,1904162,127.773189,37.13584344
2015,2015070417,40,주간,토,1,1,0,0,0,경북,포항시,차대사람,길가장자리구역통행중,길가장자리구역통행중,운전자법규위반,안전운전 의무 불이행,단일로,기타단일로,승용차,중형,보행자,보행자,1171691,1775138,129.403855,35.95788849
2015,2015070321,5,야간,금,1,1,0,0,0,경남,창원시(통합),차대차,측면직각충돌,측면직각충돌,운전자법규위반,안전운전 의무 불이행,단일로,기타단일로,승용차,경형,자전거,자전거,1098873,1691488,128.5863325,35.2138848
2015,2015052213,15,주간,금,1,1,0,0,0,서울,성북구,차대사람,횡단중,횡단중,운전자법규위반,안전운전 의무 불이행,단일로,기타단일로,승합차,대형,보행자,보행자,957066,1957004,127.0135442,37.61146594
2015,2015052613,50,주간,화,1,2,1,0,0,부산,중구,차대차,측면직각충돌,측면직각충돌,운전자법규위반,안전운전 의무 불이행,단일로,기타단일로,이륜차,중형,건설기계,건설기계,1139901,1679188,129.0349059,35.09813009
2015,2015052605,30,야간,화,1,1,0,0,0,경북,김천시,차량단독,전도전복,전도전복,운전자법규위반,안전운전 의무 불이행,단일로,기타단일로,승용차,중형,0,0,1052550,1792134,128.0839525,36.12476941
2015,2015052517,35,주간,월,1,3,0,1,1,경남,함양군,차대차,측면직각충돌,측면직각충돌,운전자법규위반,안전운전 의무 불이행,단일로,기타단일로,승용차,중형,승합차,대형,1017333,1720770,127.6910759,35.48264092
2015,2015060305,40,야간,수,1,1,0,0,0,전남,영암군,차량단독,도로이탈,도로이탈 추락,운전자법규위반,안전운전 의무 불이행,단일로,기타단일로,화물차,소형,0,0,914979,1633580,126.5717476,34.69303791
2015,2015060211,15,주간,화,1,1,0,0,0,세종,세종,차대차,측면직각충돌,측면직각충돌,운전자법규위반,중앙선 침범,단일로,기타단일로,화물차,소형,농기계,농기계,980746,1840945,127.2848214,36.56608456
2015,2015053022,50,야간,토,1,1,0,0,0,경남,거제시,차대사람,기타,기타,운전자법규위반,신호위반,교차로,교차로내,화물차,중형,보행자,보행자,1110805,1652772,128.7122395,34.86359927
2015,2015060520,42,야간,금,1,1,0,0,0,제주,제주시,차량단독,기타,기타,운전자법규위반,안전운전 의무 불이행,단일로,기타단일로,원동기장치자전거,원동기장치자전거,0,0,884402,1491705,126.2567892,33.41079646
2015,2015060604,30,야간,토,1,2,0,1,0,경기,이천시,차대차,정면충돌,정면충돌,운전자법규위반,중앙선 침범,단일로,기타단일로,승용차,소형,화물차,대형,996289,1917044,127.4581535,37.25227091
2015,2015060922,5,야간,화,1,2,1,0,0,경북,예천군,차대차,측면직각충돌,측면직각충돌,운전자법규위반,안전운전 의무 불이행,단일로,기타단일로,승용차,중형,승용차,중형,1084051,1849251,128.44019,36.6374475
2015,2015061001,15,야간,수,2,2,0,0,0,대전,유성구,차대차,추돌,진행중 추돌,운전자법규위반,안전운전 의무 불이행,지하도로내,지하도로내,승용차,소형,원동기장치자전거,원동기장치자전거,983893,1820798,127.3211408,36.38375508
2015,2015061710,55,주간,수,1,1,0,0,0,부산,사하구,차대사람,보도통행중,보도통행중,운전자법규위반,보행자 보호의무 위반,교차로,교차로부근,승용차,중형,보행자,보행자,1134634,1679555,128.9771968,35.10215605
2015,2015061811,25,주간,목,1,6,0,4,1,경기,김포시,차대차,기타,기타,운전자법규위반,중앙선 침범,교차로,교차로부근,화물차,소형,승합차,대형,922274,1961554,126.618889,37.65018917
2015,2015062120,55,야간,일,1,3,0,2,0,경기,가평군,차대차,추돌,진행중 추돌,운전자법규위반,안전운전 의무 불이행,단일로,기타단일로,화물차,소형,화물차,소형,1001017,1984174,127.5115611,37.85735954
2015,2015062213,30,주간,월,1,1,0,0,0,충남,서천군,차대차,기타,기타,운전자법규위반,직진 및 우회전차의 통행방해,교차로,교차로내,원동기장치자전거,원동기장치자전거,화물차,소형,926838,1786908,126.6874644,36.07635618
2015,2015061820,20,야간,목,1,1,0,0,0,강원,춘천시,차대차,추돌,진행중 추돌,운전자법규위반,안전운전 의무 불이행,단일로,기타단일로,승용차,중형,농기계,농기계,1023781,1983030,127.7703006,37.84673888
2015,2015062601,25,야간,금,1,1,0,0,0,경북,구미시,차대사람,기타,기타,운전자법규위반,신호위반,단일로,횡단보도상,승합차,소형,보행자,보행자,1083471,1789409,128.4272792,36.09807096
2015,2015062522,0,야간,목,1,1,0,0,0,전북,전주시,차대사람,보도통행중,보도통행중,운전자법규위반,보행자 보호의무 위반,단일로,기타단일로,승합차,대형,보행자,보행자,967746,1759257,127.1428985,35.82927822
2015,2015062417,25,주간,수,1,3,2,0,0,충북,증평군,차대차,정면충돌,정면충돌,운전자법규위반,중앙선 침범,단일로,기타단일로,승용차,소형,화물차,소형,1010669,1859618,127.6194945,36.73455512
2015,2015062915,30,주간,월,1,1,0,0,0,충남,아산시,차대차,기타,기타,운전자법규위반,앞지르기 금지위반,교차로,교차로내,화물차,대형,농기계,농기계,945195,1874618,126.8851105,36.86824548
2015,2015062807,0,주간,일,1,1,0,0,0,전남,함평군,차량단독,전도전복,전도전복,운전자법규위반,안전운전 의무 불이행,단일로,기타단일로,이륜차,사발이,0,0,917534,1685330,126.5945278,35.15984731
2015,2015030310,45,주간,화,1,1,0,0,0,경북,안동시,차대차,기타,기타,운전자법규위반,안전운전 의무 불이행,교차로,교차로내,자전거,자전거,승용차,중형,1109997,1841316,128.7292318,36.56328601
2015,2015030502,22,야간,목,1,1,0,0,0,충남,천안시,차대차,측면직각충돌,측면직각충돌,운전자법규위반,안전운전 의무 불이행,교차로,교차로부근,승용차,소형,자전거,자전거,967232,1867746,127.1326468,36.80731986
2015,2015030308,40,주간,화,1,1,0,0,0,경기,김포시,차대사람,횡단중,횡단중,운전자법규위반,안전운전 의무 불이행,단일로,횡단보도부근,화물차,소형,보행자,보행자,921937,1964322,126.6147729,37.67510674
2015,2015030602,35,야간,금,1,2,0,0,1,경남,창원시(통합),차대차,기타,기타,운전자법규위반,중앙선 침범,단일로,기타단일로,이륜차,중형,승용차,중형,1097956,1691563,128.5762678,35.21465094
2015,2015031218,45,야간,목,1,1,0,0,0,전남,광양시,차대사람,횡단중,횡단중,운전자법규위반,안전운전 의무 불이행,교차로,교차로부근,화물차,중형,보행자,보행자,1008488,1664044,127.592985,34.9712524
2015,2015031216,55,주간,목,1,1,0,0,0,충남,논산시,차대사람,횡단중,횡단중,운전자법규위반,안전운전 의무 불이행,단일로,기타단일로,승합차,대형,보행자,보행자,956519,1795699,127.0166013,36.15739238
2015,2015030912,44,주간,월,1,1,0,0,0,경남,하동군,차대사람,기타,기타,운전자법규위반,안전운전 의무 불이행,단일로,기타단일로,화물차,중형,보행자,보행자,1035110,1680991,127.885339,35.12349285
2015,2015031106,18,주간,수,1,1,0,0,0,충남,보령시,차대사람,횡단중,횡단중,운전자법규위반,과속,단일로,횡단보도상,승용차,중형,보행자,보행자,917721,1819544,126.5827936,36.36982275
2015,2015031519,15,야간,일,1,1,0,0,0,경북,영천시,차대사람,보도통행중,보도통행중,운전자법규위반,보행자 보호의무 위반,단일로,기타단일로,승용차,중형,보행자,보행자,1128601,1775121,128.9261892,35.9643642
2015,2015031422,20,야간,토,1,1,0,0,0,경북,군위군,차대사람,길가장자리구역통행중,길가장자리구역통행중,운전자법규위반,안전운전 의무 불이행,단일로,기타단일로,승용차,중형,보행자,보행자,1097793,1794251,128.5869599,36.14038068
2015,2015032020,40,야간,금,1,1,0,0,0,서울,강북구,차대사람,길가장자리구역통행중,길가장자리구역통행중,운전자법규위반,안전운전 의무 불이행,교차로,교차로부근,승용차,중형,보행자,보행자,956961,1962183,127.0120494,37.65814004
2015,2015031912,40,주간,목,1,1,0,0,0,경기,안산시,차대사람,차도통행중,차도통행중,운전자법규위반,안전운전 의무 불이행,교차로,교차로내,승용차,중형,보행자,보행자,941833,1923319,126.8436177,37.30702088
2015,2015031919,53,야간,목,1,1,0,0,0,충남,아산시,차대사람,횡단중,횡단중,운전자법규위반,안전운전 의무 불이행,단일로,기타단일로,승용차,소형,보행자,보행자,954577,1865058,126.9909397,36.78256636
2015,2015031806,20,주간,수,1,1,0,0,0,경남,통영시,차량단독,전도전복,전도전복,운전자법규위반,안전운전 의무 불이행,단일로,기타단일로,승용차,중형,0,0,1078567,1658813,128.3601563,34.9210729
2015,2015031816,15,주간,수,1,2,1,0,0,경북,경산시,차량단독,전도전복,전도전복,운전자법규위반,안전운전 의무 불이행,교차로,교차로부근,화물차,소형,0,0,1113931,1774471,128.7634429,35.96032835
2015,2015031908,43,주간,목,1,1,0,0,0,경기,화성시,차대사람,횡단중,횡단중,운전자법규위반,안전운전 의무 불이행,교차로,교차로부근,화물차,소형,보행자,보행자,959140,1913445,127.0394529,37.2189413
2015,2015032119,30,야간,토,1,1,0,0,0,전남,함평군,차량단독,도로이탈,도로이탈 추락,운전자법규위반,안전운전 의무 불이행,단일로,기타단일로,원동기장치자전거,원동기장치자전거,0,0,918499,1690715,126.6045899,35.20847753
2015,2015021307,5,주간,금,1,3,0,2,0,전남,목포시,차대차,추돌,진행중 추돌,운전자법규위반,안전운전 의무 불이행,단일로,기타단일로,화물차,소형,화물차,대형,899083,1649697,126.3939634,34.83479496
2015,2015021722,24,야간,화,1,1,0,0,0,경기,부천시,차대사람,기타,기타,운전자법규위반,기타(운전자법규위반),단일로,기타단일로,승합차,중형,보행자,보행자,936863,1944459,126.7857315,37.49723381
2015,2015021723,43,야간,화,1,1,0,0,0,경남,양산시,차대차,측면직각충돌,측면직각충돌,운전자법규위반,신호위반,교차로,교차로내,승용차,중형,승용차,중형,1138902,1704826,129.0282749,35.32936709
2015,2015021820,25,야간,수,1,1,0,0,0,충남,태안군,차대사람,길가장자리구역통행중,길가장자리구역통행중,운전자법규위반,안전운전 의무 불이행,단일로,기타단일로,승용차,중형,보행자,보행자,891723,1859383,126.2874354,36.72631958
2015,2015021904,20,야간,목,1,1,0,0,0,충남,홍성군,차량단독,공작물충돌,공작물충돌,운전자법규위반,안전운전 의무 불이행,단일로,기타단일로,승용차,소형,0,0,923326,1843937,126.6428504,36.59016971
2015,2015021521,0,야간,일,1,1,0,0,0,전북,전주시,차량단독,공작물충돌,공작물충돌,운전자법규위반,안전운전 의무 불이행,교차로,교차로부근,승용차,소형,0,0,963782,1756259,127.0991477,35.80210984
2015,2015021711,35,주간,화,1,1,0,0,0,경북,포항시,차대사람,기타,기타,운전자법규위반,신호위반,단일로,횡단보도상,승합차,대형,보행자,보행자,1168000,1783208,129.3646571,36.03125084
2015,2015022410,30,주간,화,1,1,0,0,0,강원,춘천시,차대사람,길가장자리구역통행중,길가장자리구역통행중,운전자법규위반,신호위반,단일로,횡단보도상,화물차,소형,보행자,보행자,1021167,1986575,127.7406934,37.87875453
2015,2015040404,44,야간,토,1,1,0,0,0,서울,동대문구,차대차,측면직각충돌,측면직각충돌,운전자법규위반,신호위반,교차로,교차로내,승용차,대형,이륜차,중형,960938,1953047,127.0576251,37.57597318
2015,2015040319,37,야간,금,1,1,0,0,0,경기,부천시,차대사람,기타,기타,운전자법규위반,안전운전 의무 불이행,단일로,기타단일로,승합차,중형,보행자,보행자,934326,1943494,126.7571188,37.48835933
2015,2015040705,30,야간,화,1,1,0,0,0,대구,수성구,차대사람,횡단중,횡단중,운전자법규위반,안전운전 의무 불이행,교차로,교차로내,화물차,중형,보행자,보행자,1101660,1763099,128.6259347,35.85917279
2015,2015040800,19,야간,수,1,2,0,1,0,경북,상주시,차대차,정면충돌,정면충돌,운전자법규위반,중앙선 침범,단일로,기타단일로,화물차,중형,화물차,중형,1059979,1830728,128.1694999,36.47229289
2015,2015040716,10,주간,화,1,1,0,0,0,전북,고창군,차대사람,길가장자리구역통행중,길가장자리구역통행중,운전자법규위반,안전운전 의무 불이행,단일로,기타단일로,승용차,경형,보행자,보행자,921167,1714577,126.6316019,35.42382896
2015,2015040621,15,야간,월,1,4,3,0,0,경기,평택시,차대차,측면직각충돌,측면직각충돌,운전자법규위반,중앙선 침범,단일로,기타단일로,승용차,소형,승용차,경형,961893,1891629,127.0715917,37.02240862
2015,2015040720,15,야간,화,1,1,0,0,0,강원,춘천시,차대차,측면직각충돌,측면직각충돌,운전자법규위반,신호위반,교차로,교차로내,이륜차,중형,승합차,소형,1020122,1987043,127.7288237,37.88299631
2015,2015030322,19,야간,화,1,1,0,0,0,강원,강릉시,차대사람,횡단중,횡단중,운전자법규위반,안전운전 의무 불이행,교차로,교차로내,승용차,소형,보행자,보행자,1124694,1973730,128.9155102,37.75472494
2015,2015030313,54,주간,화,1,1,0,0,0,경기,안성시,차대사람,차도통행중,차도통행중,운전자법규위반,안전운전 의무 불이행,교차로,교차로부근,승합차,대형,보행자,보행자,978783,1898335,127.2612819,37.08339189
2015,2015030319,50,야간,화,1,1,0,0,0,경남,진주시,차대사람,길가장자리구역통행중,길가장자리구역통행중,운전자법규위반,안전운전 의무 불이행,단일로,기타단일로,승용차,중형,보행자,보행자,1056896,1692070,128.1251986,35.22239233
2015,2015030218,33,야간,월,1,1,0,0,0,강원,양구군,차대사람,기타,기타,운전자법규위반,안전운전 의무 불이행,단일로,기타단일로,화물차,소형,보행자,보행자,1042752,2012042,127.9876511,38.10752039
2015,2015030816,40,주간,일,1,1,0,0,0,전남,나주시,차량단독,기타,기타,운전자법규위반,안전운전 의무 불이행,단일로,기타단일로,원동기장치자전거,원동기장치자전거,0,0,936666,1669199,126.8058138,35.01578769
2015,2015030919,40,야간,월,1,1,0,0,0,전북,군산시,차대차,추돌,진행중 추돌,운전자법규위반,안전운전 의무 불이행,단일로,기타단일로,승용차,소형,농기계,농기계,940229,1771702,126.8373229,35.94018508
2015,2015030909,40,주간,월,1,1,0,0,0,대전,중구,차대차,기타,기타,운전자법규위반,안전운전 의무 불이행,교차로,교차로내,화물차,소형,자전거,자전거,991449,1814698,127.4047254,36.32961703
2015,2015030905,31,야간,월,1,4,3,0,0,전북,전주시,차량단독,공작물충돌,공작물충돌,운전자법규위반,안전운전 의무 불이행,교차로,교차로부근,승용차,대형,0,0,966468,1754323,127.1289563,35.78475018
2015,2015030618,55,야간,금,1,1,0,0,0,전남,나주시,차대차,추돌,진행중 추돌,운전자법규위반,안전운전 의무 불이행,단일로,기타단일로,화물차,소형,원동기장치자전거,원동기장치자전거,929507,1676913,126.7266967,35.08486717
2015,2015030719,30,야간,토,1,1,0,0,0,울산,남구,차대사람,횡단중,횡단중,운전자법규위반,신호위반,교차로,교차로내,승용차,소형,보행자,보행자,1166423,1729562,129.336005,35.54808595
2015,2015030619,45,야간,금,1,3,0,2,0,경기,고양시,차대차,추돌,진행중 추돌,운전자법규위반,안전운전 의무 불이행,단일로,기타단일로,화물차,소형,화물차,소형,940830,1962129,126.82918,37.65675511
2015,2015050300,30,야간,일,1,2,1,0,0,경기,이천시,차대차,추돌,주정차중 추돌,운전자법규위반,안전운전 의무 불이행,교차로,교차로부근,승용차,경형,화물차,대형,997552,1918268,127.4723915,37.26330827
2015,2015050913,10,주간,토,3,12,9,0,0,경남,창녕군,차량단독,공작물충돌,공작물충돌,운전자법규위반,안전운전 의무 불이행,단일로,기타단일로,승합차,소형,0,0,1102150,1715372,128.625311,35.42887599
2015,2015051211,0,주간,화,1,1,0,0,0,부산,사하구,차량단독,공작물충돌,공작물충돌,운전자법규위반,안전운전 의무 불이행,단일로,기타단일로,이륜차,중형,0,0,1132934,1680870,128.9588381,35.11442866
2015,2015051303,28,야간,수,1,1,0,0,0,울산,울주군,차대사람,길가장자리구역통행중,길가장자리구역통행중,운전자법규위반,안전운전 의무 불이행,단일로,기타단일로,승용차,중형,보행자,보행자,1159247,1730527,129.2570621,35.55796216
2015,2015051318,20,야간,수,1,1,0,0,0,전남,해남군,차량단독,기타,기타,운전자법규위반,안전운전 의무 불이행,단일로,기타단일로,자전거,자전거,0,0,920022,1612329,126.6288039,34.50182475
2015,2015040519,22,야간,일,1,1,0,0,0,충남,논산시,차대사람,횡단중,횡단중,운전자법규위반,안전운전 의무 불이행,단일로,기타단일로,승용차,대형,보행자,보행자,972621,1801222,127.1954191,36.20777404
2015,2015040523,30,야간,일,1,1,0,0,0,전북,익산시,차대차,추돌,주정차중 추돌,운전자법규위반,안전운전 의무 불이행,교차로,교차로부근,승용차,중형,화물차,중형,948745,1772962,126.9316534,35.9520288
2015,2015040521,15,야간,일,1,1,0,0,0,충남,당진시,차대사람,기타,기타,운전자법규위반,안전운전 의무 불이행,단일로,기타단일로,승용차,대형,보행자,보행자,934614,1885454,126.765468,36.96524575
2015,2015040905,0,야간,목,1,1,0,0,0,대구,중구,차대사람,횡단중,횡단중,운전자법규위반,안전운전 의무 불이행,교차로,교차로부근,승합차,소형,보행자,보행자,1098841,1764827,128.5949323,35.87503835
2015,2015041905,30,야간,일,1,1,0,0,0,강원,강릉시,차대차,추돌,주정차중 추돌,운전자법규위반,안전운전 의무 불이행,교차로,교차로내,승용차,대형,승용차,대형,1124915,1974978,128.9131431,37.75231725
2015,2015041818,18,야간,토,1,1,0,0,0,충남,당진시,차량단독,공작물충돌,공작물충돌,운전자법규위반,안전운전 의무 불이행,단일로,기타단일로,화물차,소형,0,0,938806,1864359,126.8142586,36.77537786
2015,2015042213,35,주간,수,1,2,0,1,0,대구,서구,차대차,측면직각충돌,측면직각충돌,운전자법규위반,신호위반,단일로,기타단일로,승용차,소형,이륜차,소형,1095200,1762752,128.5543568,35.85669387
2015,2015042111,5,주간,화,1,1,0,0,0,충북,충주시,차대사람,기타,기타,운전자법규위반,안전운전 의무 불이행,단일로,기타단일로,화물차,소형,보행자,보행자,1038065,1893760,127.928044,37.04161944
2015,2015041920,30,야간,일,1,1,0,0,0,경북,경산시,차대사람,횡단중,횡단중,운전자법규위반,안전운전 의무 불이행,단일로,기타단일로,승용차,대형,보행자,보행자,1112068,1757829,128.7404455,35.81053318
2015,2015042016,10,주간,월,1,1,0,0,0,강원,횡성군,차량단독,도로이탈,도로이탈 추락,운전자법규위반,안전운전 의무 불이행,단일로,기타단일로,건설기계,건설기계,0,0,1068707,1954352,128.278203,37.58599937