발생년,발생년월일시,발생분,주야,요일,사망자수,사상자수,중상자수,경상자수,부상신고자수,발생지시도,발생지시군구,사고유형_대분류,사고유형_중분류,사고유형,법규위반_대분류,법규위반,도로형태_대분류,도로형태,당사자종별_1당_대분류,당사자종별_1당,당사자종별_2당_대분류,당사자종별_2당,발생위치X_UTMK,발생위치Y_UTMK,경도,위도
2015,2015030103,8,야간,일,1,1,0,0,0,경북,경주시,차대사람,기타,기타,운전자법규위반,안전운전 의무 불이행,단일로,기타단일로,승용차,중형,보행자,보행자,1156231,1775204,129.2325084,35.96108019
2015,2015022714,47,주간,금,1,1,0,0,0,충남,태안군,차대차,추돌,진행중 추돌,운전자법규위반,안전운전 의무 불이행,단일로,기타단일로,승용차,소형,농기계,농기계,897276,1838218,126.3524426,36.53617304
2015,2015022613,16,주간,목,1,1,0,0,0,경북,경주시,차대차,기타,기타,운전자법규위반,안전운전 의무 불이행,단일로,기타단일로,승용차,중형,자전거,자전거,1153792,1778697,129.2061497,35.99294637
2015,2015022622,40,야간,목,1,1,0,0,0,경남,사천시,차대사람,길가장자리구역통행중,길가장자리구역통행중,운전자법규위반,안전운전 의무 불이행,단일로,기타단일로,승용차,소형,보행자,보행자,1054878,1675720,128.1019384,35.07508144
2015,2015022518,20,야간,수,1,1,0,0,0,경기,용인시,차대사람,횡단중,횡단중,운전자법규위반,보행자 보호의무 위반,교차로,교차로부근,승용차,중형,보행자,보행자,973199,1904841,127.1982229,37.14189474
2015,2015030401,29,야간,수,1,1,0,0,0,강원,인제군,차량단독,공작물충돌,공작물충돌,운전자법규위반,안전운전 의무 불이행,교차로,교차로내,승용차,중형,0,0,1049090,1991264,128.0586526,37.91839832
2015,2015030312,40,주간,화,1,2,1,0,0,경기,고양시,차대사람,차도통행중,차도통행중,운전자법규위반,안전운전 의무 불이행,단일로,기타단일로,화물차,소형,보행자,보행자,938756,1960704,126.8057879,37.64377586
2015,2015030813,50,주간,일,1,3,2,0,0,인천,중구,차대차,측면직각충돌,측면직각충돌,운전자법규위반,교차로 통행방법 위반,교차로,교차로내,화물차,소형,승용차,중형,913081,1946898,126.5164289,37.51728195
2015,2015030818,25,야간,일,1,1,0,0,0,경북,칠곡군,차량단독,전도전복,전도전복,운전자법규위반,안전운전 의무 불이행,단일로,교량위,화물차,소형,0,0,1080661,1776262,128.3947247,35.97979112
2015,2015030909,40,주간,월,1,1,0,0,0,울산,울주군,차대차,추돌,진행중 추돌,운전자법규위반,안전운전 의무 불이행,단일로,기타단일로,승용차,중형,농기계,농기계,1151905,1726392,129.17531,35.52184758
2015,2015030719,15,야간,토,1,1,0,0,0,경북,경주시,차대차,기타,기타,운전자법규위반,안전운전 의무 불이행,단일로,횡단보도부근,승용차,중형,승용차,중형,1163884,1757197,129.3136341,35.79755354
2015,2015030703,15,야간,토,1,1,0,0,0,인천,서구,차대사람,횡단중,횡단중,운전자법규위반,신호위반,단일로,횡단보도상,승용차,중형,보행자,보행자,926952,1942868,126.6737764,37.48216344
2015,2015030614,40,주간,금,1,2,0,1,0,충남,서천군,차대차,기타,기타,운전자법규위반,신호위반,교차로,교차로내,원동기장치자전거,원동기장치자전거,화물차,소형,929361,1778880,126.7162,36.00417014
2015,2015030619,45,야간,금,1,1,0,0,0,전북,완주군,차대사람,기타,기타,운전자법규위반,안전운전 의무 불이행,교차로,교차로내,승용차,대형,보행자,보행자,964341,1769460,127.104744,35.9211497
2015,2015031308,30,주간,금,1,1,0,0,0,제주,제주시,차대사람,횡단중,횡단중,운전자법규위반,과속,단일로,기타단일로,화물차,소형,보행자,보행자,884261,1484831,126.2561561,33.34879364
2015,2015031110,40,주간,수,1,1,0,0,0,경북,경주시,차대사람,기타,기타,운전자법규위반,안전운전 의무 불이행,단일로,기타단일로,화물차,소형,보행자,보행자,1155908,1763096,129.2265553,35.85201485
2015,2015031719,25,야간,화,1,1,0,0,0,전북,임실군,차대차,추돌,진행중 추돌,운전자법규위반,안전운전 의무 불이행,단일로,기타단일로,승용차,중형,자전거,자전거,979769,1742605,127.2764308,35.6794615
2015,2015031515,38,주간,일,1,2,0,1,0,경기,양평군,차량단독,공작물충돌,공작물충돌,운전자법규위반,안전운전 의무 불이행,단일로,기타단일로,승용차,중형,0,0,1020630,1941621,127.7333149,37.47358199
2015,2015031602,42,야간,월,1,2,1,0,0,제주,제주시,차량단독,공작물충돌,공작물충돌,운전자법규위반,안전운전 의무 불이행,교차로,교차로내,승용차,소형,0,0,906404,1500674,126.4924414,33.49382719
2015,2015031710,45,주간,화,1,2,1,0,0,경기,안성시,차대차,추돌,주정차중 추돌,운전자법규위반,안전운전 의무 불이행,단일로,기타단일로,화물차,중형,화물차,중형,995622,1898634,127.45074,37.08631718
2015,2015032400,2,야간,화,1,1,0,0,0,경기,파주시,차대사람,기타,기타,운전자법규위반,안전운전 의무 불이행,단일로,기타단일로,화물차,소형,보행자,보행자,937604,1982445,126.7908637,37.83964137
2015,2015032307,53,주간,월,1,1,0,0,0,경기,광명시,차량단독,공작물충돌,공작물충돌,운전자법규위반,안전운전 의무 불이행,단일로,횡단보도부근,이륜차,소형,0,0,941909,1941544,126.8430434,37.47129199
2015,2015032319,58,야간,월,1,1,0,0,0,서울,강북구,차대사람,기타,기타,운전자법규위반,안전운전 의무 불이행,교차로,교차로부근,승용차,중형,보행자,보행자,956776,1962347,127.0099423,37.6596095
2015,2015032111,0,주간,토,1,1,0,0,0,강원,홍천군,차량단독,공작물충돌,공작물충돌,운전자법규위반,안전운전 의무 불이행,단일로,기타단일로,이륜차,중형,0,0,1035316,1955899,127.9000902,37.60183049
2015,2015032807,55,주간,토,1,3,2,0,0,전북,순창군,차대차,정면충돌,정면충돌,운전자법규위반,중앙선 침범,단일로,기타단일로,화물차,소형,화물차,소형,949574,1715530,126.9444481,35.43426635
2015,2015032519,3,야간,수,1,1,0,0,0,전북,정읍시,차대차,측면직각충돌,측면직각충돌,운전자법규위반,신호위반,교차로,교차로내,이륜차,소형,승합차,소형,940971,1731117,126.8485385,35.57432713
2015,2015022018,50,야간,금,1,1,0,0,0,제주,서귀포시,차대사람,횡단중,횡단중,운전자법규위반,안전운전 의무 불이행,교차로,교차로내,승용차,소형,보행자,보행자,925599,1476940,126.7010159,33.28127968
2015,2015021709,0,주간,화,1,1,0,0,0,서울,노원구,차대차,추돌,진행중 추돌,운전자법규위반,안전운전 의무 불이행,교차로,교차로부근,화물차,중형,자전거,자전거,960684,1963566,127.0541828,37.67077226
2015,2015022322,40,야간,월,1,1,0,0,0,인천,남구,차대사람,횡단중,횡단중,운전자법규위반,안전운전 의무 불이행,교차로,교차로부근,승용차,대형,보행자,보행자,926865,1939493,126.6731275,37.45173844
2015,2015022511,10,주간,수,1,1,0,0,0,경기,고양시,차대차,기타,기타,운전자법규위반,신호위반,교차로,교차로내,자전거,자전거,승용차,중형,934258,1964113,126.7544989,37.67418899
2015,2015022409,45,주간,화,1,1,0,0,0,경남,김해시,차대차,측면직각충돌,측면직각충돌,운전자법규위반,직진 및 우회전차의 통행방해,교차로,교차로내,자전거,자전거,승용차,중형,1125825,1693301,128.8826668,35.2272093
2015,2015042011,25,주간,월,1,1,0,0,0,경기,포천시,차량단독,공작물충돌,공작물충돌,운전자법규위반,안전운전 의무 불이행,단일로,기타단일로,승용차,중형,0,0,987344,2000806,127.3558358,38.00717603
2015,2015050202,5,야간,토,1,1,0,0,0,서울,강남구,차량단독,기타,기타,운전자법규위반,안전운전 의무 불이행,단일로,기타단일로,이륜차,소형,0,0,960148,1942870,127.049231,37.48421054
2015,2015043013,15,주간,목,1,1,0,0,0,경북,경산시,차대차,기타,기타,운전자법규위반,부당한 회전,교차로,교차로내,자전거,자전거,승용차,소형,1120360,1770002,128.8340434,35.91927497
2015,2015043022,55,야간,목,1,1,0,0,0,경기,포천시,차대사람,기타,기타,운전자법규위반,안전운전 의무 불이행,단일로,기타단일로,승용차,중형,보행자,보행자,980251,2010693,127.2747672,38.0961583
2015,2015042919,46,야간,수,1,1,0,0,0,강원,태백시,차대차,추돌,주정차중 추돌,운전자법규위반,안전운전 의무 불이행,단일로,기타단일로,원동기장치자전거,원동기장치자전거,화물차,중형,1132694,1906375,128.9941738,37.14668739
2015,2015050623,15,야간,수,1,3,2,0,0,경기,안산시,차량단독,공작물충돌,공작물충돌,운전자법규위반,안전운전 의무 불이행,단일로,기타단일로,승용차,중형,0,0,942257,1922919,126.8484331,37.30344196
2015,2015050607,40,주간,수,1,2,0,1,0,경기,남양주시,차대차,정면충돌,정면충돌,운전자법규위반,신호위반,교차로,교차로내,승용차,소형,특수차,대형,969389,1963641,127.1528866,37.67178005
2015,2015050318,25,야간,일,1,5,2,2,0,대구,수성구,차대차,추돌,주정차중 추돌,운전자법규위반,안전운전 의무 불이행,단일로,기타단일로,승용차,대형,승용차,중형,1101598,1761716,128.625072,35.84671228
2015,2015050911,0,주간,토,1,2,0,1,0,부산,서구,차대사람,횡단중,횡단중,운전자법규위반,안전운전 의무 불이행,교차로,교차로부근,승합차,소형,보행자,보행자,1138654,1680660,129.0214755,35.11157125
2015,2015050911,5,주간,토,2,2,0,0,0,경기,용인시,차대사람,차도통행중,차도통행중,운전자법규위반,안전운전 의무 불이행,단일로,기타단일로,승용차,대형,보행자,보행자,965171,1917424,127.1072427,37.25505224
2015,2015050912,0,주간,토,1,1,0,0,0,충남,논산시,차대사람,횡단중,횡단중,운전자법규위반,안전운전 의무 불이행,교차로,교차로부근,승용차,소형,보행자,보행자,962527,1801140,127.0831335,36.20669634
2015,2015051117,12,주간,월,1,1,0,0,0,서울,도봉구,차대사람,기타,기타,운전자법규위반,안전운전 의무 불이행,교차로,교차로부근,승용차,중형,보행자,보행자,958444,1962708,127.0288323,37.66294028
2015,2015051619,46,야간,토,1,1,0,0,0,경북,울진군,차량단독,공작물충돌,공작물충돌,운전자법규위반,안전운전 의무 불이행,단일로,기타단일로,승용차,중형,0,0,1166411,1899474,129.3721393,37.07912039
2015,2015051520,13,야간,금,1,1,0,0,0,경북,포항시,차량단독,전도전복,전도전복,운전자법규위반,안전운전 의무 불이행,단일로,기타단일로,승용차,중형,0,0,1168569,1772778,129.3687513,35.93716615
2015,2015051600,45,야간,토,1,3,2,0,0,대구,달성군,차대차,측면직각충돌,측면직각충돌,운전자법규위반,안전운전 의무 불이행,교차로,교차로내,화물차,소형,승용차,대형,1086234,1748586,128.4535427,35.72981768
2015,2015051419,50,야간,목,1,1,0,0,0,경기,고양시,차대차,측면직각충돌,측면직각충돌,운전자법규위반,신호위반,교차로,교차로내,승합차,대형,이륜차,소형,937174,1960644,126.787862,37.64312822
2015,2015051420,50,야간,목,1,7,1,4,1,경북,칠곡군,차대차,측면직각충돌,측면직각충돌,운전자법규위반,안전운전 의무 불이행,교차로,교차로내,승용차,소형,승용차,중형,1081982,1787756,128.4105679,36.08329657
2015,2015051422,50,야간,목,1,1,0,0,0,전북,전주시,차대사람,횡단중,횡단중,운전자법규위반,안전운전 의무 불이행,단일로,기타단일로,승용차,중형,보행자,보행자,965921,1758956,127.1227062,35.82650267
2015,2015051412,45,주간,목,1,1,0,0,0,대전,동구,차대사람,횡단중,횡단중,운전자법규위반,안전운전 의무 불이행,단일로,기타단일로,승용차,중형,보행자,보행자,994347,1815993,127.4370053,36.34131339
2015,2015052005,30,야간,수,1,1,0,0,0,전남,영광군,차량단독,공작물충돌,공작물충돌,운전자법규위반,안전운전 의무 불이행,단일로,기타단일로,화물차,경형,0,0,895746,1693293,126.3543272,35.22961255
2015,2015040507,45,주간,일,1,5,3,1,0,충남,논산시,차대차,정면충돌,정면충돌,운전자법규위반,앞지르기 금지위반,교차로,교차로내,승용차,소형,승용차,소형,962368,1800196,127.0814101,36.19817963
2015,2015040910,30,주간,목,1,1,0,0,0,전남,신안군,차량단독,기타,기타,운전자법규위반,안전운전 의무 불이행,기타/불명,기타/불명,농기계,농기계,0,0,874609,1653140,126.1281684,34.86522155
2015,2015041401,23,야간,화,1,1,0,0,0,경남,사천시,차대사람,차도통행중,차도통행중,운전자법규위반,안전운전 의무 불이행,단일로,기타단일로,승용차,중형,보행자,보행자,1052967,1675328,128.0809532,35.07164905
2015,2015041314,40,주간,월,1,3,0,2,0,경기,양평군,차대차,측면직각충돌,측면직각충돌,운전자법규위반,안전운전 의무 불이행,교차로,교차로내,화물차,소형,승용차,소형,984101,1949429,127.3200212,37.54405378
2015,2015041802,30,야간,토,2,4,2,0,0,경북,경산시,차대차,측면직각충돌,측면직각충돌,운전자법규위반,신호위반,교차로,교차로내,원동기장치자전거,원동기장치자전거,이륜차,소형,1110867,1760452,128.7275188,35.83431368
2015,2015041720,45,야간,금,1,1,0,0,0,대구,북구,차대차,측면직각충돌,측면직각충돌,운전자법규위반,신호위반,교차로,교차로내,승용차,대형,이륜차,대형,1094435,1768888,128.5466132,35.91208156
2015,2015041908,20,주간,일,1,4,2,1,0,부산,진구,차대차,측면직각충돌,측면직각충돌,운전자법규위반,중앙선 침범,교차로,교차로부근,승용차,중형,승용차,중형,1141974,1687378,129.0590491,35.17166387
2015,2015041714,35,주간,금,2,2,0,0,0,제주,제주시,차대차,측면직각충돌,측면직각충돌,운전자법규위반,중앙선 침범,단일로,기타단일로,화물차,대형,이륜차,소형,880397,1478376,126.215493,33.29016193
2015,2015042021,18,야간,월,1,1,0,0,0,경기,수원시,차량단독,기타,기타,운전자법규위반,안전운전 의무 불이행,단일로,기타단일로,자전거,자전거,0,0,956136,1921164,127.00514,37.28838161
2015,2015042004,50,야간,월,1,1,0,0,0,충북,청주시,차대사람,횡단중,횡단중,운전자법규위반,보행자 보호의무 위반,단일로,횡단보도상,화물차,소형,보행자,보행자,995542,1847988,127.4501374,36.62976123
2015,2015042511,30,주간,토,2,6,3,1,0,강원,횡성군,차대차,측면직각충돌,측면직각충돌,운전자법규위반,직진 및 우회전차의 통행방해,교차로,교차로내,승용차,중형,승용차,대형,1050695,1939260,128.0731615,37.45114109
2015,2015042808,19,주간,화,1,2,1,0,0,전북,완주군,차대차,기타,기타,운전자법규위반,신호위반,교차로,교차로내,승용차,대형,원동기장치자전거,원동기장치자전거,973752,1776118,127.208837,35.98147566
2015,2015050308,25,주간,일,2,3,1,0,0,울산,울주군,차대사람,길가장자리구역통행중,길가장자리구역통행중,운전자법규위반,안전운전 의무 불이행,단일로,기타단일로,승용차,대형,보행자,보행자,1155984,1722592,129.2195477,35.48696652
2015,2015050107,0,주간,금,1,1,0,0,0,전남,함평군,차대차,추돌,진행중 추돌,운전자법규위반,중앙선 침범,교차로,교차로부근,화물차,소형,원동기장치자전거,원동기장치자전거,903987,1681633,126.446233,35.12531335
2015,2015050510,10,주간,화,1,3,2,0,0,경남,합천군,차량단독,도로이탈,도로이탈 추락,운전자법규위반,안전운전 의무 불이행,단일로,기타단일로,화물차,소형,0,0,1071294,1729370,128.2866573,35.55776916
2015,2015050519,35,야간,화,1,1,0,0,0,대전,유성구,차대차,측면직각충돌,측면직각충돌,운전자법규위반,안전운전 의무 불이행,단일로,기타단일로,승용차,중형,자전거,자전거,985382,1814998,127.3371219,36.33224866
2015,2015050922,10,야간,토,1,1,0,0,0,경기,포천시,차량단독,전도전복,전도전복,운전자법규위반,안전운전 의무 불이행,단일로,기타단일로,이륜차,소형,0,0,975393,1985354,127.2202318,37.8676632
2015,2015050810,10,주간,금,1,1,0,0,0,충북,제천시,차량단독,도로이탈,도로이탈 추락,운전자법규위반,안전운전 의무 불이행,교차로,교차로부근,농기계,농기계,0,0,1059569,1878986,128.1686797,36.90733003
2015,2015050715,15,주간,목,1,5,0,4,0,전남,해남군,차대차,기타,기타,운전자법규위반,안전운전 의무 불이행,단일로,기타단일로,화물차,소형,승용차,대형,919569,1627203,126.6224619,34.63590865
2015,2015051320,30,야간,수,1,1,0,0,0,충남,논산시,차량단독,전도전복,전도전복,운전자법규위반,기타(운전자법규위반),단일로,기타단일로,원동기장치자전거,원동기장치자전거,0,0,969709,1803093,127.1629524,36.22455515
2015,2015051021,55,야간,일,1,1,0,0,0,대구,달서구,차대차,측면직각충돌,측면직각충돌,운전자법규위반,안전운전 의무 불이행,교차로,교차로부근,승용차,중형,이륜차,중형,1092580,1758008,128.5247939,35.81417903
2015,2015051523,50,야간,금,1,1,0,0,0,경기,파주시,차대사람,횡단중,횡단중,운전자법규위반,과속,단일로,기타단일로,승용차,소형,보행자,보행자,940424,1971020,126.8238501,37.73686109
2015,2015051610,10,주간,토,1,3,2,0,0,광주,광산구,차대차,측면직각충돌,측면직각충돌,운전자법규위반,교차로 통행방법 위반,교차로,교차로내,화물차,중형,화물차,소형,935323,1689158,126.7895346,35.19566474
2015,2015070517,30,주간,일,1,5,4,0,0,강원,강릉시,차량단독,공작물충돌,공작물충돌,운전자법규위반,안전운전 의무 불이행,단일로,기타단일로,승용차,소형,0,0,1133662,1955870,129.0139798,37.59258639
2015,2015082610,56,주간,수,1,1,0,0,0,경기,파주시,차량단독,공작물충돌,공작물충돌,운전자법규위반,안전운전 의무 불이행,단일로,기타단일로,건설기계,건설기계,0,0,947615,1983576,126.9045515,37.8504648
2015,2015082316,0,주간,일,1,1,0,0,0,전남,보성군,차량단독,기타,기타,운전자법규위반,안전운전 의무 불이행,기타/불명,기타/불명,농기계,농기계,0,0,967080,1658284,127.1395959,34.91881262
2015,2015082314,43,주간,일,1,1,0,0,0,대구,달성군,차대차,추돌,진행중 추돌,운전자법규위반,안전운전 의무 불이행,단일로,기타단일로,이륜차,소형,승용차,소형,1085450,1744853,128.4444774,35.69623253
2015,2015082719,29,야간,목,1,1,0,0,0,경북,칠곡군,차대사람,길가장자리구역통행중,길가장자리구역통행중,운전자법규위반,안전운전 의무 불이행,단일로,기타단일로,화물차,소형,보행자,보행자,1094883,1778559,128.5527338,35.99921728
2015,2015082305,50,야간,일,1,3,2,0,0,경기,남양주시,차량단독,공작물충돌,공작물충돌,운전자법규위반,안전운전 의무 불이행,단일로,기타단일로,화물차,중형,0,0,970625,1954985,127.1672501,37.59380124
2015,2015092704,30,야간,일,1,2,1,0,0,경남,김해시,차대차,측면직각충돌,측면직각충돌,운전자법규위반,신호위반,교차로,교차로내,승용차,중형,승용차,중형,1124363,1696970,128.8671604,35.26046594
2015,2015100210,29,주간,금,1,1,0,0,0,경남,창원시(통합),차대차,측면직각충돌,측면직각충돌,운전자법규위반,신호위반,교차로,교차로내,이륜차,소형,승합차,중형,1099158,1695033,128.5898907,35.24581648
2015,2015100210,30,주간,금,1,4,3,0,0,전북,김제시,차대차,추돌,주정차중 추돌,운전자법규위반,안전운전 의무 불이행,단일로,기타단일로,화물차,소형,화물차,소형,947544,1765504,126.9188286,35.88472664
2015,2015092701,25,야간,일,1,6,5,0,0,경남,양산시,차대차,추돌,주정차중 추돌,운전자법규위반,과속,교차로,교차로부근,승용차,중형,승용차,중형,1138022,1705832,129.0187654,35.33855693
2015,2015092522,50,야간,금,1,1,0,0,0,광주,북구,차대사람,횡단중,횡단중,운전자법규위반,안전운전 의무 불이행,단일로,기타단일로,승용차,소형,보행자,보행자,944055,1686564,126.8856248,35.1728003
2015,2015100408,20,주간,일,1,1,0,0,0,경북,경주시,차량단독,도로이탈,도로이탈 추락,운전자법규위반,안전운전 의무 불이행,단일로,기타단일로,농기계,농기계,0,0,1179638,1757342,129.4879195,35.79610443
2015,2015100309,25,주간,토,1,1,0,0,0,충북,음성군,차량단독,기타,기타,운전자법규위반,안전운전 의무 불이행,단일로,기타단일로,이륜차,소형,0,0,1009452,1897202,127.6063331,37.07337125
2015,2015100317,30,주간,토,1,1,0,0,0,전남,구례군,차량단독,공작물충돌,공작물충돌,운전자법규위반,안전운전 의무 불이행,단일로,기타단일로,화물차,소형,0,0,994521,1706111,127.4396989,35.35059958
2015,2015100212,0,주간,금,1,1,0,0,0,인천,계양구,차대차,측면직각충돌,측면직각충돌,운전자법규위반,차로위반(진로변경 위반),교차로,교차로내,원동기장치자전거,원동기장치자전거,승용차,대형,932609,1949561,126.7371418,37.54291653
2015,2015100403,10,야간,일,1,1,0,0,0,광주,광산구,차대사람,횡단중,횡단중,운전자법규위반,안전운전 의무 불이행,교차로,교차로내,승용차,소형,보행자,보행자,940499,1691512,126.8460086,35.2177597
2015,2015100611,12,주간,화,1,1,0,0,0,경북,울진군,차대차,추돌,진행중 추돌,운전자법규위반,안전운전 의무 불이행,교차로,교차로내,이륜차,소형,화물차,대형,1173626,1858599,129.4439021,36.70955384
2015,2015101510,32,주간,목,1,1,0,0,0,전북,익산시,차대차,기타,기타,운전자법규위반,안전운전 의무 불이행,교차로,교차로내,승용차,소형,승용차,중형,950736,1773586,126.9536911,35.95775704
2015,2015101217,15,주간,월,1,3,0,2,0,광주,서구,차대사람,횡단중,횡단중,운전자법규위반,보행자 보호의무 위반,단일로,횡단보도상,승용차,중형,보행자,보행자,940971,1683846,126.8519533,35.14811661
2015,2015101409,0,주간,수,3,6,0,3,0,충남,서산시,차대차,정면충돌,정면충돌,운전자법규위반,신호위반,교차로,교차로부근,건설기계,건설기계,승용차,소형,905541,1864397,126.4415331,36.77298791
2015,2015101009,40,주간,토,1,1,0,0,0,경북,포항시,차대차,기타,기타,운전자법규위반,안전운전 의무 불이행,교차로,교차로내,승용차,중형,이륜차,소형,1168821,1786021,129.3743661,36.05645688
2015,2015101205,40,야간,월,1,1,0,0,0,서울,강남구,차대사람,횡단중,횡단중,운전자법규위반,안전운전 의무 불이행,단일로,횡단보도상,승용차,중형,보행자,보행자,959832,1944263,127.0455808,37.49675252
2015,2015101405,38,야간,수,1,1,0,0,0,경기,수원시,차대사람,횡단중,횡단중,운전자법규위반,안전운전 의무 불이행,교차로,교차로내,화물차,중형,보행자,보행자,957810,1918580,127.0241716,37.26516766
2015,2015090418,0,야간,금,1,1,0,0,0,충북,제천시,차대차,측면직각충돌,측면직각충돌,운전자법규위반,중앙선 침범,단일로,기타단일로,자전거,자전거,승용차,대형,1059550,1906703,128.1706598,37.15716571
2015,2015083010,5,주간,일,2,3,0,1,0,강원,고성군,차대차,추돌,진행중 추돌,운전자법규위반,과속,단일로,기타단일로,승용차,중형,승용차,소형,1083463,2024249,128.4534082,38.21467799
2015,2015083102,15,야간,월,1,1,0,0,0,부산,동구,차량단독,기타,기타,운전자법규위반,안전운전 의무 불이행,단일로,기타단일로,이륜차,소형,0,0,1140138,1681389,129.037878,35.11793702
2015,2015090308,30,주간,목,1,1,0,0,0,부산,사상구,차대차,측면직각충돌,측면직각충돌,운전자법규위반,안전운전 의무 불이행,단일로,기타단일로,화물차,소형,이륜차,소형,1134223,1684139,128.9734327,35.14353232
2015,2015090908,55,주간,수,1,1,0,0,0,경남,고성군,차량단독,공작물충돌,공작물충돌,운전자법규위반,안전운전 의무 불이행,단일로,기타단일로,원동기장치자전거,원동기장치자전거,0,0,1081063,1664086,128.3879922,34.96842009
2015,2015091010,37,주간,목,1,1,0,0,0,경기,광주시,차대차,추돌,진행중 추돌,운전자법규위반,안전운전 의무 불이행,단일로,기타단일로,승용차,대형,자전거,자전거,980454,1941229,127.2789549,37.47007222
2015,2015091019,52,야간,목,1,1,0,0,0,울산,울주군,차대차,추돌,진행중 추돌,운전자법규위반,중앙선 침범,단일로,기타단일로,특수차,중형,화물차,소형,1160403,1716431,129.2670268,35.43073689
2015,2015091116,30,주간,금,1,1,0,0,0,경기,하남시,차대차,측면직각충돌,측면직각충돌,운전자법규위반,교차로 통행방법 위반,교차로,교차로내,원동기장치자전거,원동기장치자전거,화물차,소형,973852,1945482,127.2041427,37.50824365
2015,2015091609,20,주간,수,1,1,0,0,0,경북,포항시,차량단독,공작물충돌,공작물충돌,운전자법규위반,안전운전 의무 불이행,단일로,기타단일로,승용차,대형,0,0,1183479,1787356,129.5373306,36.06583099
2015,2015082422,41,야간,월,1,4,2,1,0,전북,무주군,차대차,기타,기타,운전자법규위반,교차로 통행방법 위반,교차로,교차로내,화물차,소형,화물차,소형,1013713,1775290,127.6521015,35.97426731
2015,2015082908,55,주간,토,1,1,0,0,0,전북,고창군,차량단독,기타,기타,운전자법규위반,안전운전 의무 불이행,단일로,기타단일로,승합차,중형,0,0,925284,1715957,126.6768225,35.43658845
2015,2015082219,15,야간,토,1,2,0,1,0,충남,아산시,차대차,정면충돌,정면충돌,운전자법규위반,중앙선 침범,기타/불명,기타/불명,원동기장치자전거,원동기장치자전거,승용차,중형,955788,1857005,127.0049775,36.71003007
2015,2015092911,55,주간,화,1,1,0,0,0,경북,김천시,차량단독,도로이탈,도로이탈 추락,운전자법규위반,안전운전 의무 불이행,단일로,기타단일로,이륜차,소형,0,0,1064945,1801619,128.2224998,36.20955991
2015,2015092915,35,주간,화,1,1,0,0,0,강원,화천군,차량단독,도로이탈,도로이탈 기타,운전자법규위반,안전운전 의무 불이행,단일로,교량위,이륜차,사발이,0,0,1021624,2018324,127.7468481,38.16489064
2015,2015093010,20,주간,수,1,1,0,0,0,경남,사천시,차대사람,길가장자리구역통행중,길가장자리구역통행중,운전자법규위반,안전운전 의무 불이행,단일로,기타단일로,승용차,중형,보행자,보행자,1049550,1661121,128.0426298,34.94371792
2015,2015100209,0,주간,금,1,1,0,0,0,전남,담양군,차대차,기타,기타,운전자법규위반,안전운전 의무 불이행,교차로,교차로내,승합차,중형,자전거,자전거,951275,1692077,126.9645838,35.22288584
2015,2015100712,30,주간,수,1,1,0,0,0,대구,달성군,차대차,기타,기타,운전자법규위반,안전운전 의무 불이행,단일로,기타단일로,화물차,중형,농기계,농기계,1086165,1740962,128.4519626,35.6610922
2015,2015100316,40,주간,토,1,1,0,0,0,충북,청주시,차량단독,기타,기타,운전자법규위반,안전운전 의무 불이행,단일로,기타단일로,화물차,소형,0,0,1011882,1846355,127.6328745,36.61497608
2015,2015100408,57,주간,일,1,1,0,0,0,대전,동구,차대차,추돌,진행중 추돌,운전자법규위반,안전거리 미확보,단일로,기타단일로,원동기장치자전거,원동기장치자전거,승용차,중형,995993,1813307,127.4553614,36.31710617
2015,2015100319,59,야간,토,1,1,0,0,0,경북,김천시,차대사람,기타,기타,운전자법규위반,안전운전 의무 불이행,단일로,기타단일로,승용차,중형,보행자,보행자,1047256,1794964,128.0253215,36.15058934
2015,2015100411,30,주간,일,1,4,1,2,0,경기,가평군,차대차,정면충돌,정면충돌,운전자법규위반,중앙선 침범,단일로,기타단일로,이륜차,중형,이륜차,대형,998764,1954986,127.4859989,37.59427847
2015,2015100312,45,주간,토,1,1,0,0,0,전남,담양군,차량단독,기타,기타,운전자법규위반,안전운전 의무 불이행,단일로,기타단일로,자전거,자전거,0,0,952240,1710670,126.9741035,35.39057799
2015,2015100315,30,주간,토,1,1,0,0,0,전북,무주군,차량단독,기타,기타,운전자법규위반,안전운전 의무 불이행,단일로,기타단일로,농기계,농기계,0,0,1019527,1768689,127.7164263,35.91465386
2015,2015100819,0,야간,목,1,1,0,0,0,전남,순천시,차대사람,횡단중,횡단중,운전자법규위반,안전운전 의무 불이행,단일로,기타단일로,승용차,대형,보행자,보행자,1001043,1660285,127.5114212,34.93739064
2015,2015100420,50,야간,일,1,1,0,0,0,경북,구미시,차대사람,차도통행중,차도통행중,운전자법규위반,안전운전 의무 불이행,단일로,기타단일로,승합차,소형,보행자,보행자,1076110,1792445,128.3458077,36.12604475
2015,2015100421,54,야간,일,1,1,0,0,0,전남,여수시,차대사람,횡단중,횡단중,운전자법규위반,안전운전 의무 불이행,단일로,횡단보도상,승합차,대형,보행자,보행자,1021011,1638460,127.7295305,34.74036401
2015,2015101514,10,주간,목,1,1,0,0,0,경북,구미시,차대차,기타,기타,운전자법규위반,안전운전 의무 불이행,단일로,교량위,이륜차,중형,건설기계,건설기계,1074526,1795555,128.3285012,36.15420373