발생년,발생년월일시,발생분,주야,요일,사망자수,사상자수,중상자수,경상자수,부상신고자수,발생지시도,발생지시군구,사고유형_대분류,사고유형_중분류,사고유형,법규위반_대분류,법규위반,도로형태_대분류,도로형태,당사자종별_1당_대분류,당사자종별_1당,당사자종별_2당_대분류,당사자종별_2당,발생위치X_UTMK,발생위치Y_UTMK,경도,위도
2015,2015101520,50,야간,목,1,1,0,0,0,경기,구리시,차량단독,기타,기타,운전자법규위반,안전운전 의무 불이행,단일로,기타단일로,이륜차,소형,0,0,968223,1958565,127.139886,37.62598909
2015,2015101214,10,주간,월,1,2,1,0,0,전남,장흥군,차량단독,공작물충돌,공작물충돌,운전자법규위반,안전운전 의무 불이행,단일로,기타단일로,화물차,소형,0,0,955118,1639729,127.0096341,34.75103664
2015,2015101213,20,주간,월,2,5,3,0,0,경북,군위군,차대차,정면충돌,정면충돌,운전자법규위반,중앙선 침범,단일로,기타단일로,승용차,대형,화물차,경형,1098263,1794867,128.5922601,36.14588583
2015,2015101612,30,주간,금,1,1,0,0,0,경북,경산시,차대차,기타,기타,운전자법규위반,안전운전 의무 불이행,단일로,기타단일로,화물차,소형,이륜차,중형,1120391,1770057,128.8343953,35.9197669
2015,2015100816,5,주간,목,1,1,0,0,0,대전,동구,차대차,추돌,진행중 추돌,운전자법규위반,안전운전 의무 불이행,단일로,기타단일로,승용차,중형,화물차,소형,998051,1808023,127.4783011,36.26947463
2015,2015100820,10,야간,목,1,1,0,0,0,경남,합천군,차대차,추돌,진행중 추돌,운전자법규위반,안전운전 의무 불이행,단일로,기타단일로,화물차,소형,농기계,농기계,1045464,1718860,128.0010727,35.46453019
2015,2015100619,0,야간,화,1,1,0,0,0,경남,진주시,차대차,정면충돌,정면충돌,운전자법규위반,안전운전 의무 불이행,교차로,교차로내,화물차,소형,이륜차,중형,1060178,1693596,128.1613722,35.23595989
2015,2015100518,45,야간,월,1,1,0,0,0,전북,임실군,차대차,측면직각충돌,측면직각충돌,운전자법규위반,중앙선 침범,단일로,기타단일로,승합차,대형,이륜차,중형,970250,1724979,127.1718887,35.5202972
2015,2015100516,0,주간,월,1,1,0,0,0,인천,남동구,차대사람,횡단중,횡단중,운전자법규위반,안전운전 의무 불이행,교차로,교차로부근,승합차,대형,보행자,보행자,932430,1939003,126.7360856,37.44774555
2015,2015100617,17,주간,화,1,1,0,0,0,전남,해남군,차대차,기타,기타,운전자법규위반,안전운전 의무 불이행,단일로,기타단일로,화물차,소형,원동기장치자전거,원동기장치자전거,912861,1603357,126.5517238,34.42034314
2015,2015100718,32,야간,수,1,1,0,0,0,경남,사천시,차대사람,기타,기타,운전자법규위반,안전운전 의무 불이행,단일로,기타단일로,승용차,중형,보행자,보행자,1042559,1680410,127.9670611,35.11796652
2015,2015100614,50,주간,화,1,4,2,1,0,부산,기장군,차대차,측면직각충돌,측면직각충돌,운전자법규위반,신호위반,단일로,기타단일로,승용차,소형,화물차,소형,1153162,1703673,129.1848978,35.31689027
2015,2015090121,51,야간,화,1,1,0,0,0,전북,고창군,차대사람,횡단중,횡단중,운전자법규위반,안전운전 의무 불이행,단일로,기타단일로,승용차,대형,보행자,보행자,928287,1715740,126.709924,35.43485301
2015,2015083114,20,주간,월,1,1,0,0,0,충남,천안시,차대차,측면직각충돌,측면직각충돌,운전자법규위반,중앙선 침범,단일로,기타단일로,원동기장치자전거,원동기장치자전거,화물차,소형,968571,1875090,127.1473538,36.87356778
2015,2015083113,0,주간,월,1,1,0,0,0,경기,화성시,차대사람,횡단중,횡단중,운전자법규위반,안전운전 의무 불이행,교차로,교차로내,건설기계,건설기계,보행자,보행자,962336,1913721,127.0754612,37.22156371
2015,2015090213,55,주간,수,1,1,0,0,0,경남,거제시,차대차,정면충돌,정면충돌,운전자법규위반,중앙선 침범,단일로,기타단일로,이륜차,소형,승합차,대형,1096779,1649478,128.5584354,34.83533299
2015,2015090221,20,야간,수,1,1,0,0,0,충남,천안시,차대사람,횡단중,횡단중,운전자법규위반,안전운전 의무 불이행,단일로,기타단일로,승용차,중형,보행자,보행자,969079,1871693,127.1531921,36.84296237
2015,2015090621,10,야간,일,1,2,0,1,0,경기,양주시,차대차,측면직각충돌,측면직각충돌,운전자법규위반,부당한 회전,단일로,기타단일로,승용차,중형,이륜차,중형,960812,1983405,127.0545632,37.84958656
2015,2015090622,20,야간,일,1,2,1,0,0,인천,서구,차대차,정면충돌,정면충돌,운전자법규위반,신호위반,단일로,기타단일로,원동기장치자전거,원동기장치자전거,승합차,대형,926996,1943306,126.6742305,37.48611451
2015,2015090716,55,주간,월,1,1,0,0,0,강원,영월군,차대사람,횡단중,횡단중,운전자법규위반,보행자 보호의무 위반,단일로,횡단보도상,승용차,경형,보행자,보행자,1085821,1909859,128.4668571,37.18356697
2015,2015091113,20,주간,금,1,1,0,0,0,경남,고성군,차대차,기타,기타,운전자법규위반,안전운전 의무 불이행,단일로,기타단일로,자전거,자전거,승용차,중형,1075500,1666312,128.3272608,34.98892117
2015,2015090806,45,주간,화,2,3,0,1,0,경기,부천시,차대사람,차도통행중,차도통행중,운전자법규위반,안전운전 의무 불이행,교차로,교차로부근,승용차,소형,보행자,보행자,934284,1943494,126.7566437,37.48835635
2015,2015091318,20,야간,일,1,1,0,0,0,경기,화성시,차대사람,횡단중,횡단중,운전자법규위반,안전운전 의무 불이행,단일로,기타단일로,이륜차,소형,보행자,보행자,947762,1903762,126.9118899,37.1310937
2015,2015082915,20,주간,토,1,1,0,0,0,경북,김천시,차대차,측면직각충돌,측면직각충돌,운전자법규위반,차로위반(진로변경 위반),단일로,횡단보도상,자전거,자전거,승용차,중형,1056109,1791552,128.1234876,36.11935734
2015,2015082614,0,주간,수,1,1,0,0,0,경북,구미시,차대사람,기타,기타,운전자법규위반,안전운전 의무 불이행,기타/불명,기타/불명,화물차,중형,보행자,보행자,1075748,1802919,128.3427958,36.22049311
2015,2015082810,15,주간,금,1,1,0,0,0,경기,파주시,차대차,측면직각충돌,측면직각충돌,운전자법규위반,안전운전 의무 불이행,단일로,횡단보도부근,자전거,자전거,화물차,소형,937492,1983231,126.7895229,37.84671749
2015,2015082223,5,야간,토,1,1,0,0,0,전남,순천시,차대사람,차도통행중,차도통행중,운전자법규위반,안전운전 의무 불이행,단일로,기타단일로,승용차,중형,보행자,보행자,1000530,1667191,127.5058081,34.99966581
2015,2015082223,30,야간,토,1,2,1,0,0,충북,충주시,차량단독,공작물충돌,공작물충돌,운전자법규위반,안전운전 의무 불이행,단일로,기타단일로,승용차,소형,0,0,1036112,1887470,127.9057813,36.98499742
2015,2015092519,12,야간,금,1,1,0,0,0,전북,익산시,차대사람,길가장자리구역통행중,길가장자리구역통행중,운전자법규위반,안전운전 의무 불이행,단일로,기타단일로,승용차,중형,보행자,보행자,953498,1780364,126.9839211,36.01900026
2015,2015092614,45,주간,토,1,1,0,0,0,인천,강화군,차량단독,전도전복,전도전복,운전자법규위반,안전운전 의무 불이행,단일로,기타단일로,화물차,소형,0,0,902973,1976290,126.3981588,37.7811482
2015,2015093019,40,야간,수,1,2,0,1,0,충북,영동군,차대차,추돌,진행중 추돌,운전자법규위반,안전운전 의무 불이행,단일로,기타단일로,승용차,중형,농기계,농기계,1038761,1801368,127.9312057,36.20870108
2015,2015092922,17,야간,화,1,1,0,0,0,대구,달서구,차대차,추돌,진행중 추돌,운전자법규위반,신호위반,교차로,교차로내,이륜차,중형,승합차,대형,1093640,1761091,128.5368871,35.84187083
2015,2015092518,30,야간,금,1,1,0,0,0,제주,제주시,차대차,측면직각충돌,측면직각충돌,운전자법규위반,안전운전 의무 불이행,교차로,교차로내,화물차,소형,자전거,자전거,885753,1494034,126.2710199,33.43194339
2015,2015100617,20,주간,화,1,1,0,0,0,경남,진주시,차대차,측면직각충돌,측면직각충돌,운전자법규위반,안전운전 의무 불이행,교차로,교차로부근,승용차,중형,자전거,자전거,1051514,1687143,128.0657533,35.17825801
2015,2015100821,52,야간,목,1,1,0,0,0,경남,통영시,차대사람,차도통행중,차도통행중,운전자법규위반,안전운전 의무 불이행,교차로,교차로부근,승용차,중형,보행자,보행자,1085179,1650987,128.4317398,34.8499765
2015,2015100917,55,주간,금,1,1,0,0,0,경북,영주시,차대차,측면직각충돌,측면직각충돌,운전자법규위반,안전운전 의무 불이행,교차로,교차로내,승용차,중형,원동기장치자전거,원동기장치자전거,1090262,1875746,128.5127913,36.87568881
2015,2015100916,0,주간,금,1,2,0,1,0,경기,안산시,차대차,측면직각충돌,측면직각충돌,운전자법규위반,부당한 회전,교차로,교차로부근,자전거,자전거,승용차,소형,936855,1925849,126.7872323,37.32949951
2015,2015100823,30,야간,목,1,1,0,0,0,강원,동해시,차대차,추돌,주정차중 추돌,운전자법규위반,안전운전 의무 불이행,단일로,기타단일로,이륜차,소형,건설기계,건설기계,1142583,1947721,129.1134379,37.51777383
2015,2015100809,40,주간,목,1,1,0,0,0,강원,원주시,차대사람,횡단중,횡단중,운전자법규위반,신호위반,교차로,교차로내,화물차,소형,보행자,보행자,1038390,1927305,127.9334235,37.34397674
2015,2015100718,0,야간,수,1,1,0,0,0,경기,의정부시,차대차,기타,기타,운전자법규위반,신호위반,교차로,교차로내,이륜차,소형,화물차,소형,960138,1971096,127.0475793,37.73861713
2015,2015100506,20,주간,월,1,1,0,0,0,전북,완주군,차대차,추돌,진행중 추돌,운전자법규위반,안전운전 의무 불이행,교차로,교차로부근,승용차,대형,자전거,자전거,968931,1771088,127.1555565,35.93598428
2015,2015100603,5,야간,화,1,3,2,0,0,서울,중랑구,차대차,측면직각충돌,측면직각충돌,운전자법규위반,신호위반,교차로,교차로내,이륜차,중형,승용차,대형,964456,1954646,127.0973877,37.59052804
2015,2015090300,1,야간,목,1,1,0,0,0,경기,평택시,차량단독,공작물충돌,공작물충돌,운전자법규위반,안전운전 의무 불이행,단일로,기타단일로,화물차,경형,0,0,960574,1885476,127.0570853,36.96688999
2015,2015083006,10,주간,일,1,1,0,0,0,전북,전주시,차대차,측면직각충돌,측면직각충돌,운전자법규위반,과속,단일로,기타단일로,승용차,소형,승용차,경형,963724,1763905,127.0981583,35.87104379
2015,2015090217,0,주간,수,1,1,0,0,0,경남,김해시,차대차,추돌,진행중 추돌,운전자법규위반,안전운전 의무 불이행,단일로,기타단일로,승용차,소형,이륜차,소형,1113586,1695467,128.748504,35.24819707
2015,2015090420,30,야간,금,1,1,0,0,0,경기,수원시,차대차,측면직각충돌,측면직각충돌,운전자법규위반,차로위반(진로변경 위반),단일로,기타단일로,승용차,중형,원동기장치자전거,원동기장치자전거,955117,1918954,126.9937778,37.26841282
2015,2015083001,50,야간,일,1,1,0,0,0,경기,평택시,차량단독,공작물충돌,공작물충돌,운전자법규위반,안전운전 의무 불이행,교차로,교차로내,승용차,중형,0,0,960402,1886829,127.0550821,36.97907898
2015,2015090120,21,야간,화,1,1,0,0,0,경남,진주시,차대사람,횡단중,횡단중,운전자법규위반,안전운전 의무 불이행,단일로,기타단일로,승용차,중형,보행자,보행자,1054190,1686350,128.095089,35.17096694
2015,2015090300,25,야간,목,1,1,0,0,0,서울,용산구,차대사람,기타,기타,운전자법규위반,안전운전 의무 불이행,단일로,기타단일로,화물차,중형,보행자,보행자,952879,1948447,126.9666563,37.53413521
2015,2015090315,35,주간,목,2,4,0,2,0,경남,통영시,차대차,측면직각충돌,측면직각충돌,운전자법규위반,신호위반,교차로,교차로내,승용차,소형,화물차,소형,1083477,1653941,128.4134189,34.87675242
2015,2015090904,6,야간,수,2,3,1,0,0,광주,서구,차대차,정면충돌,정면충돌,운전자법규위반,중앙선 침범,단일로,기타단일로,승합차,소형,승용차,경형,941446,1681648,126.8573236,35.12832576
2015,2015082419,10,야간,월,1,2,0,1,0,전남,나주시,차대사람,길가장자리구역통행중,길가장자리구역통행중,운전자법규위반,안전운전 의무 불이행,단일로,기타단일로,원동기장치자전거,원동기장치자전거,보행자,보행자,940062,1671840,126.8428436,35.03980826
2015,2015082302,25,야간,일,1,1,0,0,0,경남,거제시,차량단독,공작물충돌,공작물충돌,운전자법규위반,안전운전 의무 불이행,교차로,교차로부근,승용차,중형,0,0,1106484,1658050,128.6656472,34.91164637
2015,2015082500,45,야간,화,1,1,0,0,0,충남,당진시,차대사람,횡단중,횡단중,운전자법규위반,안전운전 의무 불이행,단일로,기타단일로,승용차,중형,보행자,보행자,927077,1878603,126.6814672,36.90293959
2015,2015082505,9,야간,화,1,2,0,1,0,서울,광진구,차대사람,기타,기타,운전자법규위반,과속,단일로,기타단일로,승용차,중형,보행자,보행자,962889,1952401,127.0797522,37.57023131
2015,2015082210,0,주간,토,1,1,0,0,0,강원,춘천시,차대차,측면직각충돌,측면직각충돌,운전자법규위반,안전운전 의무 불이행,교차로,교차로부근,자전거,자전거,승용차,중형,1021884,1987114,127.7488628,37.88359558
2015,2015082307,5,주간,일,1,1,0,0,0,충남,논산시,차대사람,기타,기타,운전자법규위반,안전운전 의무 불이행,단일로,기타단일로,화물차,소형,보행자,보행자,975540,1799548,127.2279438,36.19276026
2015,2015093008,40,주간,수,1,1,0,0,0,충북,영동군,차대차,측면직각충돌,측면직각충돌,운전자법규위반,안전운전 의무 불이행,교차로,교차로내,승용차,소형,원동기장치자전거,원동기장치자전거,1025357,1798992,127.782015,36.18772453
2015,2015093009,20,주간,수,1,1,0,0,0,경기,의정부시,차대사람,기타,기타,운전자법규위반,안전운전 의무 불이행,기타/불명,기타/불명,승용차,대형,보행자,보행자,960884,1969644,127.0561241,37.72556239
2015,2015092705,50,야간,일,1,1,0,0,0,경기,수원시,차대사람,횡단중,횡단중,운전자법규위반,안전운전 의무 불이행,단일로,기타단일로,승합차,대형,보행자,보행자,955684,1918869,127.0001777,37.26767382
2015,2015100208,35,주간,금,1,1,0,0,0,경북,영천시,차대차,측면직각충돌,측면직각충돌,운전자법규위반,중앙선 침범,단일로,기타단일로,화물차,소형,이륜차,소형,1128406,1778888,128.9246375,35.99834252
2015,2015092518,40,야간,금,1,2,1,0,0,경북,성주군,차대차,정면충돌,정면충돌,운전자법규위반,중앙선 침범,단일로,기타단일로,승용차,경형,화물차,소형,1058144,1770526,128.1445536,35.92968111
2015,2015092611,0,주간,토,1,1,0,0,0,경기,양평군,차대차,기타,기타,운전자법규위반,안전운전 의무 불이행,교차로,교차로내,농기계,농기계,승용차,중형,1009157,1944207,127.6035936,37.49707632
2015,2015100300,50,야간,토,1,1,0,0,0,전북,익산시,차대사람,차도통행중,차도통행중,운전자법규위반,안전운전 의무 불이행,교차로,교차로부근,승용차,중형,보행자,보행자,951333,1774181,126.9602747,35.96315128
2015,2015100310,8,주간,토,1,1,0,0,0,충북,진천군,차대차,기타,기타,운전자법규위반,안전운전 의무 불이행,단일로,기타단일로,원동기장치자전거,원동기장치자전거,건설기계,건설기계,1000142,1871910,127.5015927,36.84542439
2015,2015100317,35,주간,토,1,1,0,0,0,경남,양산시,차대차,기타,기타,운전자법규위반,안전거리 미확보,단일로,기타단일로,승용차,소형,원동기장치자전거,원동기장치자전거,1135310,1702868,128.9884423,35.31221093
2015,2015100214,15,주간,금,1,1,0,0,0,경북,칠곡군,차대사람,횡단중,횡단중,운전자법규위반,안전운전 의무 불이행,단일로,기타단일로,승용차,중형,보행자,보행자,1081039,1777720,128.3990662,35.99290344
2015,2015100912,45,주간,금,4,23,3,13,3,경북,포항시,차대차,측면직각충돌,측면직각충돌,운전자법규위반,서행 및 일시정지위반,교차로,교차로내,승합차,경형,승합차,대형,1171844,1790580,129.4089058,36.09700779
2015,2015100705,14,야간,수,1,1,0,0,0,부산,기장군,차대사람,횡단중,횡단중,운전자법규위반,신호위반,단일로,기타단일로,승합차,소형,보행자,보행자,1152664,1704264,129.1795317,35.32229321
2015,2015100521,3,야간,월,1,1,0,0,0,울산,울주군,차량단독,기타,기타,운전자법규위반,안전운전 의무 불이행,교차로,교차로부근,원동기장치자전거,원동기장치자전거,0,0,1166567,1720766,129.3357873,35.46879188
2015,2015100719,5,야간,수,1,1,0,0,0,강원,강릉시,차대사람,차도통행중,차도통행중,운전자법규위반,안전운전 의무 불이행,단일로,기타단일로,승용차,중형,보행자,보행자,1122106,1972595,128.8859487,37.74484702
2015,2015100312,50,주간,토,1,2,0,1,0,충남,예산군,차대차,측면직각충돌,측면직각충돌,운전자법규위반,직진 및 우회전차의 통행방해,교차로,교차로내,승용차,중형,이륜차,중형,940343,1854459,126.8322544,36.68623507
2015,2015100407,0,주간,일,1,1,0,0,0,강원,평창군,차량단독,전도전복,전도전복,운전자법규위반,안전운전 의무 불이행,단일로,기타단일로,승용차,대형,0,0,1093099,1954321,128.5544353,37.58357546
2015,2015101316,58,주간,화,1,1,0,0,0,서울,관악구,차대사람,횡단중,횡단중,운전자법규위반,신호위반,교차로,교차로부근,승용차,소형,보행자,보행자,948449,1943475,126.9168659,37.48908459
2015,2015090214,10,주간,수,1,1,0,0,0,경북,경주시,차량단독,기타,기타,운전자법규위반,안전운전 의무 불이행,단일로,기타단일로,승용차,경형,0,0,1141592,1740057,129.0640042,35.64653898
2015,2015090116,50,주간,화,1,1,0,0,0,경남,사천시,차대사람,횡단중,횡단중,운전자법규위반,중앙선 침범,단일로,기타단일로,승합차,소형,보행자,보행자,1053619,1676557,128.0881837,35.0826963
2015,2015090115,32,주간,화,1,1,0,0,0,서울,서대문구,차대차,기타,기타,운전자법규위반,차로위반(진로변경 위반),단일로,기타단일로,원동기장치자전거,원동기장치자전거,승합차,대형,948409,1952322,126.9157919,37.56882172
2015,2015090111,30,주간,화,1,1,0,0,0,전남,영광군,차대차,추돌,진행중 추돌,운전자법규위반,과속,단일로,기타단일로,승용차,중형,이륜차,소형,902077,1693711,126.4238391,35.23401948
2015,2015090500,15,야간,토,1,1,0,0,0,서울,중구,차대사람,횡단중,횡단중,운전자법규위반,안전운전 의무 불이행,교차로,교차로부근,승용차,중형,보행자,보행자,954620,1951987,126.9861422,37.56612939
2015,2015090308,40,주간,목,1,1,0,0,0,전남,강진군,차대차,기타,기타,운전자법규위반,안전운전 의무 불이행,단일로,기타단일로,원동기장치자전거,원동기장치자전거,승용차,중형,927478,1634804,126.708093,34.70503771
2015,2015090410,15,주간,금,1,1,0,0,0,경남,거제시,차대차,기타,기타,운전자법규위반,안전운전 의무 불이행,단일로,기타단일로,승용차,중형,승용차,중형,1098830,1657878,128.5818547,34.91087034
2015,2015090818,20,야간,화,1,1,0,0,0,강원,횡성군,차량단독,전도전복,전도전복,운전자법규위반,안전운전 의무 불이행,단일로,기타단일로,화물차,중형,0,0,1056114,1945420,128.1348954,37.50634907
2015,2015090518,25,야간,토,1,1,0,0,0,경북,예천군,차량단독,공작물충돌,공작물충돌,운전자법규위반,안전운전 의무 불이행,단일로,기타단일로,원동기장치자전거,원동기장치자전거,0,0,1081536,1849063,128.4120406,36.63597158
2015,2015090705,30,야간,월,1,1,0,0,0,전북,전주시,차대사람,횡단중,횡단중,운전자법규위반,과속,단일로,기타단일로,승용차,대형,보행자,보행자,969047,1762202,127.1571881,35.85587233
2015,2015091013,30,주간,목,1,3,0,1,1,광주,광산구,차대차,추돌,진행중 추돌,운전자법규위반,과속,단일로,기타단일로,승용차,중형,승용차,중형,931048,1684584,126.7429604,35.15413916
2015,2015090822,25,야간,화,1,2,1,0,0,경남,함안군,차대차,추돌,진행중 추돌,운전자법규위반,안전운전 의무 불이행,단일로,기타단일로,승용차,대형,원동기장치자전거,원동기장치자전거,1093899,1700090,128.5326737,35.29191496
2015,2015090518,45,야간,토,1,1,0,0,0,충남,천안시,차대차,정면충돌,정면충돌,운전자법규위반,중앙선 침범,단일로,기타단일로,승용차,중형,승합차,중형,972571,1879284,127.192083,36.91149913
2015,2015090512,8,주간,토,1,1,0,0,0,전남,해남군,차대차,측면직각충돌,측면직각충돌,운전자법규위반,안전운전 의무 불이행,단일로,기타단일로,이륜차,소형,승합차,대형,909661,1597622,126.5175093,34.36835567
2015,2015082311,15,주간,일,1,1,0,0,0,충북,괴산군,차량단독,기타,기타,운전자법규위반,안전운전 의무 불이행,단일로,기타단일로,농기계,농기계,0,0,1020979,1858636,127.7349406,36.72553066
2015,2015082912,45,주간,토,1,7,4,2,0,전북,익산시,차대차,추돌,진행중 추돌,운전자법규위반,안전운전 의무 불이행,단일로,기타단일로,화물차,대형,화물차,소형,961792,1777046,127.0761255,35.98944696
2015,2015120708,0,주간,월,1,1,0,0,0,전남,순천시,차량단독,전도전복,전도전복,운전자법규위반,안전운전 의무 불이행,교차로,교차로내,화물차,대형,0,0,998870,1679101,127.4876005,35.1070621
2015,2015120705,20,야간,월,1,2,1,0,0,경남,진주시,차대차,기타,기타,운전자법규위반,중앙선 침범,교차로,교차로부근,승용차,경형,화물차,소형,1051767,1689269,128.0686653,35.19741454
2015,2015120610,30,주간,일,1,4,2,1,0,충북,진천군,차대차,정면충돌,정면충돌,운전자법규위반,중앙선 침범,단일로,기타단일로,승용차,중형,승용차,중형,1000880,1871960,127.5090808,36.84612539
2015,2015120809,6,주간,화,1,1,0,0,0,서울,마포구,차대사람,횡단중,횡단중,운전자법규위반,안전운전 의무 불이행,단일로,횡단보도상,승합차,경형,보행자,보행자,951871,1951019,126.9550789,37.55726506
2015,2015120214,25,주간,수,1,1,0,0,0,경남,고성군,차대차,정면충돌,정면충돌,운전자법규위반,교차로 통행방법 위반,교차로,교차로내,화물차,소형,이륜차,소형,1065232,1679430,128.215793,35.10791622
2015,2015120306,55,주간,목,1,1,0,0,0,경기,부천시,차대사람,기타,기타,운전자법규위반,과속,교차로,교차로내,화물차,소형,보행자,보행자,936024,1945089,126.7761858,37.5028542
2015,2015120215,45,주간,수,1,1,0,0,0,서울,영등포구,차대차,정면충돌,정면충돌,운전자법규위반,직진 및 우회전차의 통행방해,교차로,교차로내,자전거,자전거,승용차,대형,947877,1944348,126.910334,37.496921
2015,2015111118,33,야간,수,1,1,0,0,0,광주,광산구,차대차,측면직각충돌,측면직각충돌,운전자법규위반,안전운전 의무 불이행,교차로,교차로내,화물차,소형,자전거,자전거,932531,1680853,126.7595461,35.12059931
2015,2015111415,20,주간,토,1,1,0,0,0,경북,구미시,차대차,측면직각충돌,측면직각충돌,운전자법규위반,신호위반,교차로,교차로내,이륜차,소형,특수차,소형,1083333,1789563,128.4257627,36.09947106
2015,2015122119,0,야간,월,1,1,0,0,0,경기,안성시,차대사람,횡단중,횡단중,운전자법규위반,안전운전 의무 불이행,단일로,기타단일로,승합차,소형,보행자,보행자,967085,1893531,127.129877,37.03974998
2015,2015122123,40,야간,월,1,1,0,0,0,경남,고성군,차대사람,횡단중,횡단중,운전자법규위반,안전운전 의무 불이행,단일로,횡단보도부근,승용차,중형,보행자,보행자,1080258,1663899,128.3791569,34.96679817
2015,2015122211,40,주간,화,1,1,0,0,0,경기,수원시,차대사람,횡단중,횡단중,운전자법규위반,안전운전 의무 불이행,단일로,횡단보도부근,건설기계,건설기계,보행자,보행자,956247,1918977,127.0065209,37.26867394
2015,2015121910,50,주간,토,1,1,0,0,0,광주,북구,차대사람,횡단중,횡단중,운전자법규위반,안전운전 의무 불이행,단일로,기타단일로,승용차,중형,보행자,보행자,945479,1689218,126.9010866,35.19680885
2015,2015122308,0,주간,수,1,1,0,0,0,경기,안산시,차대차,정면충돌,정면충돌,운전자법규위반,신호위반,교차로,교차로부근,이륜차,중형,승용차,중형,932657,1924123,126.7400065,37.31364789
2015,2015122318,0,야간,수,1,1,0,0,0,경기,양평군,차대사람,횡단중,횡단중,운전자법규위반,안전운전 의무 불이행,교차로,교차로부근,승합차,대형,보행자,보행자,1003126,1939611,127.5353451,37.45568948
2015,2015122417,40,주간,목,1,1,0,0,0,강원,홍천군,차대사람,차도통행중,차도통행중,운전자법규위반,안전운전 의무 불이행,단일로,기타단일로,승용차,소형,보행자,보행자,1041371,1972950,127.9696524,37.75526023
2015,2015123106,45,주간,목,1,4,3,0,0,충남,당진시,차량단독,공작물충돌,공작물충돌,운전자법규위반,안전운전 의무 불이행,단일로,기타단일로,승용차,중형,0,0,918473,1872981,126.5855055,36.85156134
2015,2015122801,55,야간,월,1,2,1,0,0,경기,안성시,차대차,추돌,진행중 추돌,운전자법규위반,안전운전 의무 불이행,단일로,기타단일로,승용차,중형,화물차,대형,971035,1889587,127.1744451,37.00432802
2015,2015122806,40,주간,월,1,1,0,0,0,서울,종로구,차대사람,차도통행중,차도통행중,운전자법규위반,안전운전 의무 불이행,단일로,기타단일로,승용차,중형,보행자,보행자,954517,1953109,126.9849063,37.57623711
2015,2015123010,35,주간,수,1,1,0,0,0,부산,북구,차대사람,횡단중,횡단중,운전자법규위반,안전운전 의무 불이행,단일로,기타단일로,승합차,대형,보행자,보행자,1136761,1691498,129.0025055,35.20952494
2015,2015123118,3,야간,목,1,1,0,0,0,충남,서산시,차대사람,횡단중,횡단중,운전자법규위반,안전운전 의무 불이행,단일로,기타단일로,승용차,중형,보행자,보행자,907629,1864576,126.4649051,36.77480715
2015,2015122607,30,주간,토,1,1,0,0,0,충남,서산시,차량단독,공작물충돌,공작물충돌,운전자법규위반,안전운전 의무 불이행,단일로,기타단일로,화물차,소형,0,0,900152,1850337,126.3829923,36.64571046
2015,2015121008,8,주간,목,1,1,0,0,0,경북,문경시,차대차,측면직각충돌,측면직각충돌,운전자법규위반,안전운전 의무 불이행,단일로,기타단일로,승용차,중형,자전거,자전거,1062321,1844039,128.1967157,36.59213503
2015,2015121514,54,주간,화,2,2,0,0,0,서울,성북구,차량단독,공작물충돌,공작물충돌,운전자법규위반,안전운전 의무 불이행,단일로,기타단일로,승용차,중형,0,0,961397,1957253,127.0626013,37.61390231
2015,2015121301,0,야간,일,1,5,1,3,0,경기,동두천시,차대차,측면직각충돌,측면직각충돌,운전자법규위반,과속,교차로,교차로내,승용차,중형,승용차,중형,960714,1989274,127.0531299,37.90247856
2015,2015112119,0,야간,토,1,1,0,0,0,전남,나주시,차대차,정면충돌,정면충돌,운전자법규위반,중앙선 침범,단일로,기타단일로,원동기장치자전거,원동기장치자전거,승용차,중형,927438,1664973,126.705045,34.97706302
2015,2015112113,10,주간,토,1,2,1,0,0,경기,평택시,차량단독,전도전복,전도전복,운전자법규위반,안전운전 의무 불이행,단일로,기타단일로,이륜차,소형,0,0,960403,1896761,127.0545709,37.06860727
2015,2015112810,10,주간,토,1,1,0,0,0,경남,양산시,차대차,정면충돌,정면충돌,운전자법규위반,교차로 통행방법 위반,교차로,교차로내,승합차,경형,농기계,농기계,1144246,1722070,129.0901031,35.48403601
2015,2015112905,45,야간,일,1,2,1,0,0,경남,김해시,차대차,기타,기타,운전자법규위반,신호위반,교차로,교차로내,승용차,경형,승용차,경형,1128778,1693550,128.915147,35.22907891
2015,2015112501,20,야간,수,1,1,0,0,0,광주,서구,차량단독,공작물충돌,공작물충돌,운전자법규위반,안전운전 의무 불이행,교차로,교차로부근,승용차,중형,0,0,943485,1682730,126.879628,35.13819844
2015,2015112819,35,야간,토,1,1,0,0,0,경북,포항시,차대사람,횡단중,횡단중,운전자법규위반,안전운전 의무 불이행,단일로,기타단일로,화물차,소형,보행자,보행자,1169869,1792204,129.3873277,36.11198891
2015,2015112519,50,야간,수,1,1,0,0,0,경기,성남시,차대사람,횡단중,횡단중,운전자법규위반,안전운전 의무 불이행,기타/불명,기타/불명,승용차,중형,보행자,보행자,967474,1937301,127.1323401,37.43430121
2015,2015113006,50,주간,월,1,1,0,0,0,부산,기장군,차대차,추돌,진행중 추돌,운전자법규위반,안전거리 미확보,단일로,기타단일로,화물차,소형,화물차,소형,1157733,1704351,129.2352926,35.32228994