발생년,발생년월일시,발생분,주야,요일,사망자수,사상자수,중상자수,경상자수,부상신고자수,발생지시도,발생지시군구,사고유형_대분류,사고유형_중분류,사고유형,법규위반_대분류,법규위반,도로형태_대분류,도로형태,당사자종별_1당_대분류,당사자종별_1당,당사자종별_2당_대분류,당사자종별_2당,발생위치X_UTMK,발생위치Y_UTMK,경도,위도
2015,2015112406,45,주간,화,1,1,0,0,0,경북,김천시,차대사람,횡단중,횡단중,운전자법규위반,안전운전 의무 불이행,단일로,기타단일로,승용차,경형,보행자,보행자,1055701,1794714,128.119178,36.14788696
2015,2015101523,0,야간,목,1,1,0,0,0,대전,대덕구,차대차,추돌,주정차중 추돌,운전자법규위반,안전운전 의무 불이행,단일로,기타단일로,승용차,중형,승합차,대형,993127,1822389,127.4233536,36.39896781
2015,2015091917,50,주간,토,1,3,2,0,0,전남,해남군,차량단독,도로이탈,도로이탈 추락,운전자법규위반,안전운전 의무 불이행,단일로,기타단일로,승용차,소형,0,0,891306,1624809,126.3144579,34.61171599
2015,2015092319,50,야간,수,1,2,0,1,0,경남,창원시(통합),차대차,추돌,진행중 추돌,운전자법규위반,안전운전 의무 불이행,교차로,교차로내,특수차,대형,승용차,중형,1104433,1694469,128.6477889,35.24019588
2015,2015092021,15,야간,일,1,1,0,0,0,제주,제주시,차대사람,횡단중,횡단중,운전자법규위반,보행자 보호의무 위반,단일로,횡단보도상,승용차,중형,보행자,보행자,916463,1503596,126.6005645,33.52107468
2015,2015092105,40,야간,월,1,1,0,0,0,부산,수영구,차대차,측면직각충돌,측면직각충돌,운전자법규위반,신호위반,교차로,교차로내,화물차,중형,자전거,자전거,1148087,1685788,129.1258685,35.15644986
2015,2015092101,18,야간,월,1,1,0,0,0,경기,고양시,차량단독,공작물충돌,공작물충돌,운전자법규위반,안전운전 의무 불이행,교차로,교차로내,승용차,중형,0,0,936628,1966836,126.7811354,37.6988973
2015,2015091906,40,주간,토,1,2,1,0,0,부산,진구,차대차,추돌,진행중 추돌,운전자법규위반,신호위반,단일로,기타단일로,승용차,중형,승용차,중형,1138879,1685039,129.0246794,35.15101275
2015,2015092102,51,야간,월,1,3,2,0,0,서울,송파구,차대차,측면직각충돌,측면직각충돌,운전자법규위반,신호위반,교차로,교차로내,승용차,중형,화물차,중형,965542,1944821,127.1101502,37.50201284
2015,2015092105,40,야간,월,1,1,0,0,0,전북,정읍시,차대사람,기타,기타,운전자법규위반,안전운전 의무 불이행,교차로,교차로부근,승용차,소형,보행자,보행자,940197,1730781,126.8400218,35.5712513
2015,2015102409,45,주간,토,1,1,0,0,0,경기,파주시,차대차,측면직각충돌,측면직각충돌,운전자법규위반,안전운전 의무 불이행,단일로,기타단일로,원동기장치자전거,원동기장치자전거,승합차,대형,933379,1969729,126.7440181,37.72474019
2015,2015102420,45,야간,토,1,1,0,0,0,대구,달서구,차대차,측면직각충돌,측면직각충돌,운전자법규위반,안전운전 의무 불이행,단일로,횡단보도상,승용차,중형,자전거,자전거,1091398,1760412,128.511987,35.83596143
2015,2015102615,30,주간,월,1,1,0,0,0,경북,안동시,차대사람,기타,기타,운전자법규위반,안전운전 의무 불이행,단일로,기타단일로,화물차,중형,보행자,보행자,1106292,1846817,128.6885962,36.6132868
2015,2015102702,35,야간,화,1,1,0,0,0,충남,천안시,차대사람,기타,기타,운전자법규위반,안전운전 의무 불이행,단일로,기타단일로,화물차,소형,보행자,보행자,967572,1869357,127.1363897,36.82185398
2015,2015102404,5,야간,토,1,3,0,2,0,광주,남구,차대차,정면충돌,정면충돌,운전자법규위반,중앙선 침범,단일로,교량위,승용차,중형,화물차,소형,945469,1682171,126.8998552,35.13432377
2015,2015102418,30,야간,토,1,1,0,0,0,경북,군위군,차대차,추돌,주정차중 추돌,운전자법규위반,안전운전 의무 불이행,단일로,기타단일로,이륜차,소형,화물차,중형,1112094,1797065,128.7462838,36.16419699
2015,2015103011,15,주간,금,1,1,0,0,0,서울,은평구,차대사람,길가장자리구역통행중,길가장자리구역통행중,운전자법규위반,안전운전 의무 불이행,교차로,교차로내,승용차,소형,보행자,보행자,948783,1954639,126.9198648,37.58972591
2015,2015103006,15,주간,금,1,1,0,0,0,전남,진도군,차대사람,기타,기타,운전자법규위반,안전운전 의무 불이행,단일로,기타단일로,화물차,소형,보행자,보행자,885345,1621996,126.2498338,34.58570523
2015,2015110101,15,야간,일,1,2,1,0,0,경기,화성시,차량단독,공작물충돌,공작물충돌,운전자법규위반,안전운전 의무 불이행,교차로,교차로내,승용차,중형,0,0,948517,1903188,126.920429,37.12596166
2015,2015110504,35,야간,목,1,1,0,0,0,경기,안양시,차대사람,기타,기타,운전자법규위반,안전운전 의무 불이행,단일로,기타단일로,승용차,소형,보행자,보행자,948685,1933165,126.9202528,37.3961707
2015,2015110419,50,야간,수,1,1,0,0,0,경북,청송군,차대사람,횡단중,횡단중,운전자법규위반,안전운전 의무 불이행,단일로,기타단일로,화물차,소형,보행자,보행자,1140748,1823469,129.0695265,36.39841447
2015,2015110914,25,주간,월,1,1,0,0,0,경남,창원시(통합),차대차,측면직각충돌,측면직각충돌,운전자법규위반,신호위반,교차로,교차로부근,자전거,자전거,승용차,중형,1101359,1696844,128.6143023,35.26192302
2015,2015110618,30,야간,금,1,1,0,0,0,충남,아산시,차대차,기타,기타,운전자법규위반,안전운전 의무 불이행,단일로,기타단일로,승용차,중형,농기계,농기계,949465,1864386,126.933696,36.77624978
2015,2015110618,40,야간,금,1,1,0,0,0,충북,진천군,차대사람,횡단중,횡단중,운전자법규위반,안전운전 의무 불이행,교차로,교차로부근,승용차,중형,보행자,보행자,989001,1876056,127.3765718,36.88273498
2015,2015111000,45,야간,화,1,1,0,0,0,충남,예산군,차대사람,기타,기타,운전자법규위반,안전운전 의무 불이행,교차로,교차로부근,화물차,소형,보행자,보행자,922695,1854488,126.6347341,36.68522497
2015,2015111018,22,야간,화,1,3,0,1,1,경북,경주시,차대차,추돌,진행중 추돌,운전자법규위반,안전운전 의무 불이행,단일로,기타단일로,승용차,소형,농기계,농기계,1134173,1752630,128.9841797,35.76090013
2015,2015110723,40,야간,토,1,1,0,0,0,강원,춘천시,차대사람,차도통행중,차도통행중,운전자법규위반,안전운전 의무 불이행,단일로,기타단일로,승용차,중형,보행자,보행자,1024755,1992250,127.7816877,37.92981247
2015,2015110803,19,야간,일,1,1,0,0,0,대구,수성구,차대사람,기타,기타,운전자법규위반,안전운전 의무 불이행,단일로,기타단일로,승용차,중형,보행자,보행자,1100824,1761642,128.616493,35.84612514
2015,2015110817,1,주간,일,1,2,1,0,0,전남,영암군,차대차,정면충돌,정면충돌,운전자법규위반,중앙선 침범,단일로,기타단일로,화물차,소형,승용차,중형,935299,1647351,126.792524,34.81870042
2015,2015102010,30,주간,화,1,1,0,0,0,서울,강북구,차대차,기타,기타,운전자법규위반,안전운전 의무 불이행,단일로,기타단일로,승용차,중형,자전거,자전거,958007,1960571,127.0240007,37.64365935
2015,2015101919,30,야간,월,1,1,0,0,0,경기,안산시,차대사람,기타,기타,운전자법규위반,안전운전 의무 불이행,단일로,기타단일로,승용차,중형,보행자,보행자,943795,1920988,126.8659329,37.28613131
2015,2015121915,10,주간,토,1,1,0,0,0,경기,파주시,차대차,기타,기타,운전자법규위반,안전운전 의무 불이행,단일로,기타단일로,승용차,경형,자전거,자전거,935876,1985261,126.7709764,37.86490039
2015,2015100812,30,주간,목,1,1,0,0,0,경북,경주시,차대차,기타,기타,운전자법규위반,안전운전 의무 불이행,단일로,기타단일로,승용차,중형,농기계,농기계,1174743,1757562,129.4338263,35.79897017
2015,2015100906,45,주간,금,1,1,0,0,0,서울,노원구,차량단독,공작물충돌,공작물충돌,운전자법규위반,안전운전 의무 불이행,단일로,기타단일로,승용차,중형,0,0,964325,1958682,127.095707,37.62690055
2015,2015090315,0,주간,목,1,2,1,0,0,경남,산청군,차량단독,공작물충돌,공작물충돌,운전자법규위반,안전운전 의무 불이행,교차로,교차로부근,승용차,대형,0,0,1027060,1718005,127.7982114,35.45749256
2015,2015090117,0,주간,화,1,1,0,0,0,전북,순창군,차량단독,기타,기타,운전자법규위반,안전운전 의무 불이행,교차로,교차로부근,이륜차,사발이,0,0,951989,1720864,126.9707386,35.48247916
2015,2015083105,35,야간,월,1,1,0,0,0,부산,남구,차대사람,횡단중,횡단중,운전자법규위반,안전운전 의무 불이행,단일로,기타단일로,승용차,중형,보행자,보행자,1142382,1684552,129.0630405,35.14613302
2015,2015090404,45,야간,금,1,1,0,0,0,부산,연제구,차대사람,횡단중,횡단중,운전자법규위반,신호위반,단일로,기타단일로,승용차,중형,보행자,보행자,1143686,1688488,129.078036,35.18142574
2015,2015090207,36,주간,수,1,1,0,0,0,인천,계양구,차대차,측면직각충돌,측면직각충돌,운전자법규위반,신호위반,교차로,교차로내,원동기장치자전거,원동기장치자전거,화물차,소형,932601,1949587,126.7370489,37.54315028
2015,2015090616,10,주간,일,1,1,0,0,0,경기,평택시,차량단독,공작물충돌,공작물충돌,운전자법규위반,기타(운전자법규위반),단일로,기타단일로,원동기장치자전거,원동기장치자전거,0,0,960754,1895366,127.0585921,37.05604741
2015,2015090712,50,주간,월,1,1,0,0,0,경기,포천시,차대차,기타,기타,운전자법규위반,서행 및 일시정지위반,교차로,교차로내,화물차,소형,원동기장치자전거,원동기장치자전거,980582,1987219,127.2791773,37.88459789
2015,2015090712,15,주간,월,1,1,0,0,0,울산,동구,차대차,측면직각충돌,측면직각충돌,운전자법규위반,안전운전 의무 불이행,교차로,교차로내,승용차,중형,자전거,자전거,1174565,1724743,129.424747,35.50325841
2015,2015091015,20,주간,목,1,4,1,2,0,충북,옥천군,차대차,기타,기타,운전자법규위반,중앙선 침범,단일로,기타단일로,이륜차,소형,승용차,소형,1014177,1809329,127.6578613,36.28114668
2015,2015090705,5,야간,월,1,1,0,0,0,경북,경산시,차대사람,차도통행중,차도통행중,운전자법규위반,안전운전 의무 불이행,단일로,기타단일로,화물차,중형,보행자,보행자,1111128,1755399,128.7297055,35.78873567
2015,2015091313,15,주간,일,1,1,0,0,0,경북,상주시,차량단독,공작물충돌,공작물충돌,운전자법규위반,안전운전 의무 불이행,단일로,기타단일로,이륜차,사발이,0,0,1036205,1830946,127.904147,36.47545184
2015,2015091402,45,야간,월,1,1,0,0,0,제주,제주시,차대차,추돌,진행중 추돌,운전자법규위반,안전거리 미확보,단일로,횡단보도부근,이륜차,소형,화물차,소형,909115,1501304,126.5220058,33.49971186
2015,2015091219,30,야간,토,1,1,0,0,0,경남,고성군,차대사람,기타,기타,운전자법규위반,안전운전 의무 불이행,단일로,기타단일로,승용차,중형,보행자,보행자,1078972,1673167,128.3659515,35.05046329
2015,2015091208,40,주간,토,1,3,1,1,0,전북,정읍시,차량단독,공작물충돌,공작물충돌,운전자법규위반,안전운전 의무 불이행,단일로,기타단일로,승용차,경형,0,0,939169,1729907,126.8287433,35.56330869
2015,2015091222,55,야간,토,1,3,2,0,0,전북,완주군,차량단독,공작물충돌,공작물충돌,운전자법규위반,안전운전 의무 불이행,단일로,기타단일로,승용차,중형,0,0,958599,1758673,127.04166,35.82366938
2015,2015082820,30,야간,금,1,1,0,0,0,광주,북구,차대사람,횡단중,횡단중,운전자법규위반,안전운전 의무 불이행,단일로,기타단일로,화물차,소형,보행자,보행자,947753,1695016,126.9256971,35.24920838
2015,2015082819,30,야간,금,1,1,0,0,0,경북,구미시,차대차,기타,기타,운전자법규위반,안전운전 의무 불이행,교차로,교차로부근,원동기장치자전거,원동기장치자전거,승용차,중형,1078512,1789797,128.3722343,36.10198231
2015,2015082600,9,야간,수,1,1,0,0,0,울산,중구,차대사람,기타,기타,운전자법규위반,안전운전 의무 불이행,교차로,교차로부근,승용차,소형,보행자,보행자,1160994,1730324,129.2762891,35.55585026
2015,2015082605,0,야간,수,1,1,0,0,0,세종,세종,차대차,기타,기타,운전자법규위반,부당한 회전,교차로,교차로내,자전거,자전거,화물차,소형,981516,1845746,127.2933114,36.60938078
2015,2015092513,10,주간,금,1,1,0,0,0,충북,제천시,차대차,기타,기타,운전자법규위반,교차로 통행방법 위반,교차로,교차로내,농기계,농기계,원동기장치자전거,원동기장치자전거,1062277,1904723,128.1154435,37.1334194
2015,2015092918,45,야간,화,1,1,0,0,0,인천,남동구,차대차,측면직각충돌,측면직각충돌,운전자법규위반,신호위반,교차로,교차로내,원동기장치자전거,원동기장치자전거,승용차,중형,930956,1934269,126.7198656,37.4049694
2015,2015092511,25,주간,금,1,1,0,0,0,경남,거창군,차대사람,길가장자리구역통행중,길가장자리구역통행중,운전자법규위반,안전운전 의무 불이행,단일로,기타단일로,승용차,대형,보행자,보행자,1038236,1743095,127.9225588,35.68334556
2015,2015093008,50,주간,수,1,1,0,0,0,서울,중랑구,차대사람,길가장자리구역통행중,길가장자리구역통행중,운전자법규위반,보행자 보호의무 위반,교차로,교차로내,화물차,경형,보행자,보행자,964687,1957142,127.0998837,37.61303411
2015,2015093007,50,주간,수,1,1,0,0,0,전북,고창군,차대차,추돌,진행중 추돌,운전자법규위반,과속,단일로,기타단일로,화물차,소형,원동기장치자전거,원동기장치자전거,927087,1717533,126.6965439,35.45093128
2015,2015100612,55,주간,화,1,3,0,2,0,경기,남양주시,차대차,기타,기타,운전자법규위반,안전운전 의무 불이행,단일로,기타단일로,원동기장치자전거,원동기장치자전거,승용차,소형,973043,1955494,127.1946213,37.5984631
2015,2015100416,20,주간,일,1,1,0,0,0,인천,서구,차량단독,전도전복,전도전복,운전자법규위반,기타(운전자법규위반),단일로,기타단일로,이륜차,중형,0,0,928085,1947508,126.6861363,37.52407152
2015,2015100318,35,야간,토,1,1,0,0,0,경남,고성군,차대사람,횡단중,횡단중,운전자법규위반,보행자 보호의무 위반,단일로,기타단일로,승용차,중형,보행자,보행자,1075442,1665200,128.3265246,34.97889912
2015,2015100507,15,주간,월,1,1,0,0,0,경기,고양시,차대사람,횡단중,횡단중,운전자법규위반,신호위반,기타/불명,기타/불명,승용차,중형,보행자,보행자,938369,1967891,126.8007938,37.70852442
2015,2015083103,0,야간,월,1,1,0,0,0,경기,파주시,차량단독,공작물충돌,공작물충돌,운전자법규위반,안전운전 의무 불이행,단일로,기타단일로,승용차,대형,0,0,935435,1975637,126.7668216,37.77813359
2015,2015090414,30,주간,금,1,2,1,0,0,강원,평창군,차대차,정면충돌,정면충돌,운전자법규위반,중앙선 침범,단일로,기타단일로,승용차,중형,화물차,중형,1090913,1954478,128.5297,37.58520891
2015,2015090602,15,야간,일,1,3,1,1,0,서울,마포구,차대사람,횡단중,횡단중,운전자법규위반,안전운전 의무 불이행,단일로,기타단일로,원동기장치자전거,원동기장치자전거,보행자,보행자,952505,1950379,126.9622982,37.55152953
2015,2015090719,20,야간,월,1,1,0,0,0,경북,김천시,차대차,추돌,진행중 추돌,운전자법규위반,안전운전 의무 불이행,단일로,기타단일로,화물차,소형,이륜차,소형,1064373,1795807,128.2156601,36.15720319
2015,2015091013,40,주간,목,1,1,0,0,0,경북,안동시,차대차,기타,기타,운전자법규위반,중앙선 침범,단일로,기타단일로,불명,불명,이륜차,사발이,1106849,1847261,128.6948853,36.61722631
2015,2015090922,20,야간,수,1,1,0,0,0,경기,김포시,차대사람,횡단중,횡단중,운전자법규위반,안전운전 의무 불이행,단일로,기타단일로,승용차,중형,보행자,보행자,919920,1961919,126.5921667,37.65327634
2015,2015091017,20,주간,목,1,1,0,0,0,경북,상주시,차대사람,횡단중,횡단중,운전자법규위반,안전운전 의무 불이행,단일로,기타단일로,특수차,소형,보행자,보행자,1044032,1827762,127.991334,36.44642049
2015,2015091101,11,야간,금,1,1,0,0,0,충북,단양군,차량단독,공작물충돌,공작물충돌,운전자법규위반,안전운전 의무 불이행,단일로,기타단일로,화물차,경형,0,0,1073876,1882993,128.3296575,36.94243512
2015,2015090817,50,주간,화,1,1,0,0,0,대전,서구,차대차,측면직각충돌,측면직각충돌,운전자법규위반,신호위반,교차로,교차로내,승용차,소형,자전거,자전거,991195,1817313,127.4018658,36.35319005
2015,2015091313,0,주간,일,1,1,0,0,0,경기,평택시,차대사람,차도통행중,차도통행중,운전자법규위반,안전운전 의무 불이행,단일로,기타단일로,화물차,소형,보행자,보행자,959971,1897242,127.0496858,37.07292468
2015,2015091723,40,야간,목,1,1,0,0,0,경북,경주시,차대사람,기타,기타,운전자법규위반,안전운전 의무 불이행,단일로,기타단일로,특수차,대형,보행자,보행자,1154751,1765666,129.2142464,35.87535936
2015,2015091309,16,주간,일,1,2,0,1,0,강원,삼척시,차대차,추돌,주정차중 추돌,운전자법규위반,안전운전 의무 불이행,단일로,기타단일로,승용차,경형,자전거,자전거,1142072,1935840,129.1053665,37.41080285
2015,2015091400,30,야간,월,1,1,0,0,0,울산,동구,차량단독,공작물충돌,공작물충돌,운전자법규위반,안전운전 의무 불이행,단일로,기타단일로,승용차,중형,0,0,1176895,1731088,129.4518091,35.56002325
2015,2015013116,50,주간,토,1,3,1,1,0,충북,음성군,차량단독,공작물충돌,공작물충돌,운전자법규위반,안전운전 의무 불이행,단일로,기타단일로,화물차,소형,0,0,1017359,1902096,127.6953981,37.11737381
2015,2015042402,30,야간,금,1,1,0,0,0,대전,서구,차대차,추돌,진행중 추돌,운전자법규위반,안전운전 의무 불이행,단일로,기타단일로,승용차,중형,화물차,대형,983094,1811685,127.3117003,36.30234312
2015,2015050308,25,주간,일,1,14,4,9,0,경남,김해시,차대차,기타,기타,운전자법규위반,안전운전 의무 불이행,단일로,기타단일로,화물차,중형,승합차,대형,1120166,1688850,128.8198466,35.18777901
2015,2015051004,24,야간,일,1,1,0,0,0,경기,시흥시,차량단독,공작물충돌,공작물충돌,운전자법규위반,안전운전 의무 불이행,단일로,기타단일로,승용차,소형,0,0,943009,1931384,126.8562672,37.37978629
2015,2015032811,5,주간,토,1,1,0,0,0,경기,안성시,차대사람,기타,기타,운전자법규위반,안전운전 의무 불이행,기타/불명,기타/불명,승용차,대형,보행자,보행자,976390,1887290,127.2347044,36.9837719
2015,2015062320,40,야간,화,1,6,3,1,1,충남,금산군,차대차,기타,기타,운전자법규위반,안전운전 의무 불이행,단일로,기타단일로,화물차,중형,승합차,중형,1006103,1782356,127.5677476,36.03805117
2015,2015101821,0,야간,일,1,1,0,0,0,경남,김해시,차대사람,기타,기타,운전자법규위반,안전운전 의무 불이행,기타/불명,기타/불명,승합차,대형,보행자,보행자,1110539,1698734,128.7154588,35.27798998
2015,2015102912,10,주간,목,1,6,2,3,0,서울,서초구,차대차,측면직각충돌,측면직각충돌,운전자법규위반,안전운전 의무 불이행,단일로,기타단일로,승합차,중형,승합차,대형,960495,1938980,127.0664371,37.43372001
2015,2015091614,25,주간,수,1,2,1,0,0,울산,울주군,차량단독,공작물충돌,공작물충돌,운전자법규위반,안전운전 의무 불이행,단일로,기타단일로,화물차,소형,0,0,1146657,1728804,129.1178891,35.54437694
2015,2015082505,0,야간,화,1,2,1,0,0,서울,서초구,차대차,추돌,주정차중 추돌,운전자법규위반,안전운전 의무 불이행,단일로,기타단일로,화물차,중형,승용차,대형,960133,1939490,127.0452823,37.45790083
2015,2015010121,0,야간,목,1,1,0,0,0,광주,동구,차대사람,횡단중,횡단중,운전자법규위반,안전운전 의무 불이행,단일로,횡단보도상,승용차,소형,보행자,보행자,948213,1684783,126.9313967,35.15696445
2015,2015010217,40,주간,금,1,7,0,6,0,경기,평택시,차대차,추돌,주정차중 추돌,운전자법규위반,안전운전 의무 불이행,단일로,기타단일로,화물차,대형,화물차,소형,948003,1882268,126.9160884,36.93736222
2015,2015010420,52,야간,일,1,1,0,0,0,인천,계양구,차대사람,횡단중,횡단중,운전자법규위반,안전운전 의무 불이행,교차로,교차로내,화물차,소형,보행자,보행자,931313,1948424,126.7225789,37.53257332
2015,2015010307,25,주간,토,1,1,0,0,0,대구,북구,차대차,측면직각충돌,측면직각충돌,운전자법규위반,신호위반,교차로,교차로내,승용차,중형,자전거,자전거,1097113,1766213,128.5759621,35.88770543
2015,2015010909,1,주간,금,1,1,0,0,0,전남,무안군,차대차,기타,기타,운전자법규위반,안전운전 의무 불이행,단일로,기타단일로,승용차,소형,승합차,대형,905854,1665383,126.4685647,34.97898146
2015,2015010607,5,주간,화,1,1,0,0,0,경기,안산시,차대차,기타,기타,운전자법규위반,안전운전 의무 불이행,단일로,기타단일로,승용차,소형,자전거,자전거,938787,1926852,126.808956,37.33866917
2015,2015010520,20,야간,월,1,1,0,0,0,서울,구로구,차대사람,기타,기타,운전자법규위반,중앙선 침범,단일로,기타단일로,승용차,중형,보행자,보행자,942107,1944339,126.8450626,37.49649604
2015,2015010523,5,야간,월,1,1,0,0,0,충남,서산시,차량단독,공작물충돌,공작물충돌,운전자법규위반,안전운전 의무 불이행,단일로,기타단일로,승용차,중형,0,0,905142,1864207,126.4370864,36.77123554
2015,2015010709,20,주간,수,1,1,0,0,0,전북,익산시,차대사람,길가장자리구역통행중,길가장자리구역통행중,운전자법규위반,안전운전 의무 불이행,단일로,기타단일로,화물차,중형,보행자,보행자,948459,1768957,126.9284055,35.91614901
2015,2015010518,20,야간,월,1,1,0,0,0,대구,달성군,차대사람,횡단중,횡단중,운전자법규위반,보행자 보호의무 위반,교차로,교차로부근,건설기계,건설기계,보행자,보행자,1089733,1757025,128.4931736,35.80558193
2015,2015010711,25,주간,수,1,1,0,0,0,강원,원주시,차량단독,공작물충돌,공작물충돌,운전자법규위반,안전운전 의무 불이행,단일로,기타단일로,승용차,대형,0,0,1048464,1912401,128.0461833,37.20916675
2015,2015011109,0,주간,일,2,5,0,3,0,충남,당진시,차대차,정면충돌,정면충돌,운전자법규위반,중앙선 침범,단일로,기타단일로,승합차,소형,승용차,경형,929472,1867438,126.7093849,36.80248276
2015,2015011604,22,야간,금,1,2,1,0,0,경기,안산시,차대차,측면직각충돌,측면직각충돌,운전자법규위반,신호위반,교차로,교차로내,승용차,중형,이륜차,소형,942621,1923534,126.8524927,37.30900774
2015,2015011518,0,야간,목,1,2,0,1,0,경기,의정부시,차대사람,기타,기타,운전자법규위반,안전운전 의무 불이행,단일로,기타단일로,승용차,중형,보행자,보행자,959477,1974072,127.0399114,37.76541075
2015,2015012107,2,주간,수,1,1,0,0,0,울산,울주군,차대사람,횡단중,횡단중,운전자법규위반,안전운전 의무 불이행,단일로,기타단일로,승용차,중형,보행자,보행자,1151086,1741328,129.1690733,35.65658683
2015,2015012011,13,주간,화,1,1,0,0,0,경북,영천시,차대차,추돌,진행중 추돌,운전자법규위반,안전운전 의무 불이행,단일로,기타단일로,화물차,대형,자전거,자전거,1128410,1774938,128.9240419,35.96273993
2015,2015011919,30,야간,월,1,1,0,0,0,전남,무안군,차대사람,길가장자리구역통행중,길가장자리구역통행중,운전자법규위반,안전운전 의무 불이행,단일로,기타단일로,승용차,중형,보행자,보행자,892668,1663685,126.3243469,34.96236008
2015,2015011905,0,야간,월,1,1,0,0,0,경기,화성시,차대차,추돌,진행중 추돌,운전자법규위반,안전운전 의무 불이행,단일로,기타단일로,화물차,중형,화물차,중형,947600,1917255,126.9091192,37.25270592
2015,2015011707,5,주간,토,1,1,0,0,0,대전,서구,차대사람,기타,기타,운전자법규위반,안전운전 의무 불이행,교차로,교차로부근,승용차,중형,보행자,보행자,987431,1817952,127.3599047,36.35890907
2015,2015011803,40,야간,일,1,2,1,0,0,서울,용산구,차량단독,기타,기타,운전자법규위반,신호위반,교차로,교차로내,승용차,중형,0,0,954680,1948534,126.9871749,37.53474077
2015,2015013008,40,주간,금,1,1,0,0,0,경기,남양주시,차대사람,기타,기타,운전자법규위반,안전운전 의무 불이행,교차로,교차로부근,승용차,중형,보행자,보행자,973930,1971788,127.2040868,37.74535111
2015,2015012911,27,주간,목,1,2,0,1,0,서울,동대문구,차대차,추돌,주정차중 추돌,운전자법규위반,안전운전 의무 불이행,교차로,교차로부근,승용차,중형,승용차,소형,960895,1952490,127.0571679,37.57095095
2015,2015012619,20,야간,월,1,1,0,0,0,경남,창원시(통합),차대사람,보도통행중,보도통행중,운전자법규위반,보행자 보호의무 위반,단일로,횡단보도상,승합차,경형,보행자,보행자,1119076,1679546,128.806536,35.10403452
2015,2015020609,6,주간,금,1,2,0,1,0,전남,광양시,차대차,측면직각충돌,측면직각충돌,운전자법규위반,중앙선 침범,단일로,기타단일로,승용차,대형,승용차,소형,1019816,1668103,127.7171779,35.00769557
2015,2015020618,22,야간,금,1,1,0,0,0,경기,용인시,차량단독,전도전복,전도전복,운전자법규위반,안전운전 의무 불이행,단일로,기타단일로,원동기장치자전거,원동기장치자전거,0,0,975599,1913642,127.2249589,37.2212931
2015,2015032012,50,주간,금,1,1,0,0,0,전남,장성군,차량단독,전도전복,전도전복,운전자법규위반,안전운전 의무 불이행,단일로,기타단일로,건설기계,건설기계,0,0,932875,1706183,126.7612533,35.34900625
2015,2015012820,57,야간,수,1,1,0,0,0,경기,화성시,차대사람,차도통행중,차도통행중,운전자법규위반,안전운전 의무 불이행,단일로,기타단일로,승합차,소형,보행자,보행자,940497,1898028,126.8305583,37.07897545
2015,2015031613,25,주간,월,1,1,0,0,0,경기,평택시,차대차,기타,기타,운전자법규위반,안전운전 의무 불이행,단일로,기타단일로,화물차,대형,승용차,소형,955205,1891799,126.9963958,37.02364577
2015,2015020907,40,주간,월,1,1,0,0,0,전북,완주군,차량단독,공작물충돌,공작물충돌,운전자법규위반,안전운전 의무 불이행,단일로,기타단일로,화물차,소형,0,0,957425,1757705,127.0287149,35.81489171
2015,2015050718,53,야간,목,1,4,2,0,1,경북,성주군,차대차,기타,기타,운전자법규위반,중앙선 침범,단일로,기타단일로,특수차,대형,승용차,대형,1074654,1760512,128.3266208,35.83828105
2015,2015033013,40,주간,월,1,1,0,0,0,전남,순천시,차량단독,전도전복,전도전복,운전자법규위반,안전운전 의무 불이행,단일로,기타단일로,화물차,소형,0,0,997795,1667665,127.4758349,35.00393781
2015,2015050904,20,야간,토,1,3,1,1,0,전남,순천시,차량단독,전도전복,전도전복,운전자법규위반,안전운전 의무 불이행,단일로,기타단일로,승합차,소형,0,0,997591,1654874,127.4736362,34.88859424
2015,2015080716,15,주간,금,1,1,0,0,0,충북,충주시,차량단독,도로이탈,도로이탈 기타,운전자법규위반,안전운전 의무 불이행,단일로,기타단일로,화물차,소형,0,0,1018050,1893851,127.7029779,37.04303824
2015,2015080618,30,야간,목,1,1,0,0,0,서울,성동구,차량단독,공작물충돌,공작물충돌,운전자법규위반,안전운전 의무 불이행,지하도로내,지하도로내,이륜차,중형,0,0,959932,1952508,127.046262,37.57107178
2015,2015080918,30,야간,일,1,1,0,0,0,경북,영천시,차대차,추돌,진행중 추돌,운전자법규위반,안전운전 의무 불이행,단일로,기타단일로,승용차,소형,자전거,자전거,1127465,1790809,128.9161239,36.1059113
2015,2015081009,15,주간,월,1,1,0,0,0,부산,사하구,차대차,측면직각충돌,측면직각충돌,운전자법규위반,부당한 회전,교차로,교차로내,승용차,중형,원동기장치자전거,원동기장치자전거,1132975,1678863,128.9588884,35.09613851
2015,2015081415,35,주간,금,1,1,0,0,0,전남,장성군,차대차,기타,기타,운전자법규위반,안전운전 의무 불이행,단일로,기타단일로,화물차,소형,농기계,농기계,938596,1693119,126.8251902,35.23158467
2015,2015081203,10,야간,수,1,1,0,0,0,전북,김제시,차량단독,도로이탈,도로이탈 추락,운전자법규위반,안전운전 의무 불이행,단일로,기타단일로,원동기장치자전거,원동기장치자전거,0,0,939806,1764449,126.8331823,35.87476989
2015,2015081115,50,주간,화,1,1,0,0,0,강원,삼척시,차대사람,횡단중,횡단중,운전자법규위반,안전운전 의무 불이행,교차로,교차로내,건설기계,건설기계,보행자,보행자,1148601,1938149,129.1795784,37.43058209