발생년,발생년월일시,발생분,주야,요일,사망자수,사상자수,중상자수,경상자수,부상신고자수,발생지시도,발생지시군구,사고유형_대분류,사고유형_중분류,사고유형,법규위반_대분류,법규위반,도로형태_대분류,도로형태,당사자종별_1당_대분류,당사자종별_1당,당사자종별_2당_대분류,당사자종별_2당,발생위치X_UTMK,발생위치Y_UTMK,경도,위도
2015,2015081817,50,주간,화,1,1,0,0,0,충남,태안군,차대차,측면직각충돌,측면직각충돌,운전자법규위반,서행 및 일시정지위반,교차로,교차로내,화물차,소형,원동기장치자전거,원동기장치자전거,900702,1825786,126.3923051,36.42447899
2015,2015070721,5,야간,화,1,1,0,0,0,경기,김포시,차대사람,횡단중,횡단중,운전자법규위반,과속,교차로,교차로부근,화물차,소형,보행자,보행자,930495,1958960,126.7123215,37.62746973
2015,2015071205,8,야간,일,1,1,0,0,0,서울,성동구,차대사람,횡단중,횡단중,운전자법규위반,안전운전 의무 불이행,단일로,기타단일로,승용차,중형,보행자,보행자,958573,1951701,127.0309185,37.56373793
2015,2015071308,40,주간,월,1,1,0,0,0,서울,서초구,차대차,측면직각충돌,측면직각충돌,운전자법규위반,직진 및 우회전차의 통행방해,교차로,교차로내,이륜차,중형,화물차,중형,954755,1943672,126.9881832,37.49119076
2015,2015071617,55,주간,목,1,1,0,0,0,경기,안양시,차대사람,횡단중,횡단중,운전자법규위반,안전운전 의무 불이행,단일로,기타단일로,화물차,대형,보행자,보행자,948233,1933139,126.9151483,37.39591121
2015,2015072022,7,야간,월,1,1,0,0,0,전남,여수시,차대사람,횡단중,횡단중,운전자법규위반,안전운전 의무 불이행,단일로,횡단보도상,승용차,중형,보행자,보행자,1020530,1638249,127.7242708,34.73847106
2015,2015072010,4,주간,월,1,1,0,0,0,경북,성주군,차량단독,공작물충돌,공작물충돌,운전자법규위반,안전운전 의무 불이행,단일로,기타단일로,승용차,소형,0,0,1071861,1762212,128.2958506,35.8538158
2015,2015072500,4,야간,토,1,1,0,0,0,대구,북구,차대사람,횡단중,횡단중,운전자법규위반,신호위반,단일로,횡단보도상,승용차,중형,보행자,보행자,1099745,1766533,128.6051586,35.89032529
2015,2015072400,25,야간,금,1,1,0,0,0,서울,용산구,차대사람,기타,기타,운전자법규위반,안전운전 의무 불이행,단일로,기타단일로,승용차,소형,보행자,보행자,956429,1948179,127.0068518,37.53189428
2015,2015072323,10,야간,목,1,1,0,0,0,경기,오산시,차대사람,횡단중,횡단중,운전자법규위반,안전운전 의무 불이행,교차로,교차로부근,승용차,소형,보행자,보행자,961911,1903509,127.0711914,37.1294964
2015,2015072614,25,주간,일,1,1,0,0,0,전북,임실군,차량단독,전도전복,전도전복,운전자법규위반,안전운전 의무 불이행,단일로,기타단일로,이륜차,소형,0,0,978843,1734047,127.2664225,35.60227963
2015,2015072810,10,주간,화,1,1,0,0,0,대구,달서구,차대사람,기타,기타,운전자법규위반,안전운전 의무 불이행,교차로,교차로내,승용차,중형,보행자,보행자,1094270,1758154,128.5435155,35.81533426
2015,2015072517,40,주간,토,1,1,0,0,0,경북,칠곡군,차량단독,공작물충돌,공작물충돌,운전자법규위반,안전운전 의무 불이행,단일로,기타단일로,승용차,중형,0,0,1086817,1774795,128.4628405,35.96603794
2015,2015072502,42,야간,토,1,1,0,0,0,부산,진구,차대사람,횡단중,횡단중,운전자법규위반,과속,단일로,기타단일로,승용차,중형,보행자,보행자,1142243,1686214,129.0618014,35.16113372
2015,2015072520,48,야간,토,1,1,0,0,0,강원,철원군,차대사람,기타,기타,운전자법규위반,안전운전 의무 불이행,단일로,기타단일로,승용차,대형,보행자,보행자,991820,2016428,127.4066429,38.14802495
2015,2015072814,35,주간,화,1,1,0,0,0,부산,수영구,차량단독,공작물충돌,공작물충돌,운전자법규위반,안전운전 의무 불이행,단일로,기타단일로,승용차,중형,0,0,1146192,1686519,129.1051998,35.16331623
2015,2015072809,50,주간,화,1,1,0,0,0,전남,영광군,차대차,측면직각충돌,측면직각충돌,운전자법규위반,교차로 통행방법 위반,교차로,교차로내,이륜차,소형,승용차,중형,897796,1698174,126.3762441,35.27382747
2015,2015080405,50,야간,화,1,1,0,0,0,강원,속초시,차량단독,공작물충돌,공작물충돌,운전자법규위반,안전운전 의무 불이행,단일로,기타단일로,이륜차,소형,0,0,1094424,2021491,128.5782311,38.1887421
2015,2015080416,25,주간,화,1,4,3,0,0,광주,북구,차대차,측면직각충돌,측면직각충돌,운전자법규위반,안전운전 의무 불이행,단일로,기타단일로,승용차,경형,승용차,중형,942582,1691830,126.8690825,35.2201986
2015,2015080120,15,야간,토,1,1,0,0,0,전북,완주군,차대차,추돌,진행중 추돌,운전자법규위반,안전운전 의무 불이행,단일로,기타단일로,승용차,중형,농기계,농기계,966168,1769650,127.1249866,35.92292768
2015,2015080718,49,야간,금,1,2,1,0,0,경남,양산시,차량단독,공작물충돌,공작물충돌,운전자법규위반,안전운전 의무 불이행,교차로,교차로내,원동기장치자전거,원동기장치자전거,0,0,1150972,1712683,129.1624794,35.39843161
2015,2015080622,40,야간,목,1,2,1,0,0,부산,사상구,차대차,측면직각충돌,측면직각충돌,운전자법규위반,신호위반,교차로,교차로내,승용차,중형,원동기장치자전거,원동기장치자전거,1135109,1689733,128.984072,35.19383888
2015,2015080612,21,주간,목,1,2,1,0,0,경남,합천군,차대차,정면충돌,정면충돌,운전자법규위반,중앙선 침범,단일로,기타단일로,화물차,소형,화물차,중형,1055967,1710619,128.1162578,35.38969099
2015,2015080609,40,주간,목,1,1,0,0,0,경기,안성시,차대차,추돌,진행중 추돌,운전자법규위반,안전운전 의무 불이행,단일로,기타단일로,이륜차,소형,승용차,경형,977632,1897500,127.2483566,37.07583824
2015,2015081020,15,야간,월,1,1,0,0,0,전북,정읍시,차대사람,기타,기타,운전자법규위반,안전운전 의무 불이행,교차로,교차로부근,승용차,중형,보행자,보행자,945378,1743418,126.8963397,35.68548596
2015,2015081323,40,야간,목,1,3,0,2,0,강원,원주시,차대사람,횡단중,횡단중,운전자법규위반,보행자 보호의무 위반,교차로,교차로내,승용차,중형,보행자,보행자,1039261,1926174,127.9431969,37.33374588
2015,2015081207,1,주간,수,1,1,0,0,0,전남,광양시,차량단독,전도전복,전도전복,운전자법규위반,안전운전 의무 불이행,단일로,기타단일로,승용차,중형,0,0,1019009,1660794,127.7081666,34.94180275
2015,2015081716,50,주간,월,1,1,0,0,0,제주,서귀포시,차대사람,횡단중,횡단중,운전자법규위반,안전운전 의무 불이행,단일로,기타단일로,승용차,중형,보행자,보행자,921118,1476408,126.6529458,33.27616299
2015,2015081717,8,주간,월,1,1,0,0,0,경북,영천시,차대사람,보도통행중,보도통행중,운전자법규위반,기타(운전자법규위반),단일로,기타단일로,화물차,소형,보행자,보행자,1129284,1774893,128.9337244,35.96221895
2015,2015070810,35,주간,수,1,1,0,0,0,경북,김천시,차대차,측면직각충돌,측면직각충돌,운전자법규위반,안전운전 의무 불이행,교차로,교차로내,이륜차,소형,화물차,대형,1055474,1796273,128.1167649,36.16195465
2015,2015070809,25,주간,수,1,1,0,0,0,울산,울주군,차대차,기타,기타,운전자법규위반,안전거리 미확보,단일로,기타단일로,화물차,중형,화물차,소형,1166858,1716151,129.3380468,35.42715214
2015,2015070712,20,주간,화,1,2,1,0,0,대전,중구,차대차,기타,기타,운전자법규위반,안전운전 의무 불이행,단일로,기타단일로,승용차,소형,이륜차,소형,992156,1815761,127.412592,36.33920645
2015,2015070711,30,주간,화,1,1,0,0,0,부산,동래구,차대차,측면직각충돌,측면직각충돌,운전자법규위반,중앙선 침범,단일로,기타단일로,화물차,소형,화물차,소형,1142691,1692109,129.0677392,35.21420644
2015,2015071622,15,야간,목,1,1,0,0,0,경기,포천시,차대차,정면충돌,정면충돌,운전자법규위반,중앙선 침범,단일로,기타단일로,승용차,중형,원동기장치자전거,원동기장치자전거,972565,1990184,127.1878957,37.91111489
2015,2015072316,1,주간,목,1,1,0,0,0,경북,문경시,차대사람,기타,기타,운전자법규위반,안전운전 의무 불이행,단일로,기타단일로,승용차,중형,보행자,보행자,1058433,1861627,128.1545941,36.75092538
2015,2015102110,50,주간,수,1,1,0,0,0,강원,원주시,차대차,추돌,진행중 추돌,운전자법규위반,안전거리 미확보,단일로,기타단일로,이륜차,소형,승용차,중형,1038722,1926746,127.9371425,37.33892432
2015,2015102313,25,주간,금,1,1,0,0,0,충남,당진시,차대차,측면직각충돌,측면직각충돌,운전자법규위반,안전운전 의무 불이행,단일로,기타단일로,건설기계,건설기계,이륜차,중형,932730,1876592,126.7450932,36.88523302
2015,2015101623,10,야간,금,1,1,0,0,0,충남,천안시,차대차,추돌,주정차중 추돌,운전자법규위반,안전운전 의무 불이행,단일로,기타단일로,승용차,대형,승합차,대형,968955,1871269,127.151638,36.83916807
2015,2015101618,35,야간,금,1,3,2,0,0,경북,영천시,차대사람,횡단중,횡단중,운전자법규위반,보행자 보호의무 위반,교차로,교차로내,승합차,대형,보행자,보행자,1129464,1775711,128.9358535,35.96956785
2015,2015101618,25,야간,금,1,5,4,0,0,경기,가평군,차대차,정면충돌,정면충돌,운전자법규위반,중앙선 침범,고가도로위,고가도로위,승용차,중형,승용차,중형,999626,1958223,127.4957618,37.62345592
2015,2015101619,30,야간,금,1,1,0,0,0,대구,서구,차대사람,기타,기타,운전자법규위반,안전운전 의무 불이행,단일로,기타단일로,승용차,중형,보행자,보행자,1095633,1765681,128.5595031,35.88305544
2015,2015102300,10,야간,금,1,1,0,0,0,경남,창녕군,차량단독,공작물충돌,공작물충돌,운전자법규위반,안전운전 의무 불이행,단일로,기타단일로,화물차,소형,0,0,1079118,1728998,128.3729423,35.55382124
2015,2015102201,10,야간,목,1,1,0,0,0,서울,강남구,차대차,측면직각충돌,측면직각충돌,운전자법규위반,중앙선 침범,단일로,기타단일로,원동기장치자전거,원동기장치자전거,승용차,중형,957983,1945067,127.0213061,37.51066465
2015,2015112011,15,주간,금,1,1,0,0,0,서울,중랑구,차대사람,횡단중,횡단중,운전자법규위반,안전운전 의무 불이행,교차로,교차로부근,승용차,중형,보행자,보행자,964079,1953551,127.0931712,37.58064383
2015,2015112202,20,야간,일,1,2,1,0,0,강원,원주시,차량단독,공작물충돌,공작물충돌,운전자법규위반,안전운전 의무 불이행,교차로,교차로내,승용차,소형,0,0,1039767,1931124,127.9491745,37.37834171
2015,2015112004,10,야간,금,1,1,0,0,0,대전,중구,차량단독,공작물충돌,공작물충돌,운전자법규위반,안전운전 의무 불이행,단일로,횡단보도부근,승합차,경형,0,0,991972,1812504,127.4105752,36.30984164
2015,2015101212,10,주간,월,1,1,0,0,0,경기,화성시,차대사람,횡단중,횡단중,운전자법규위반,안전운전 의무 불이행,교차로,교차로부근,화물차,중형,보행자,보행자,951179,1913655,126.9497114,37.22045129
2015,2015100905,42,야간,금,1,1,0,0,0,인천,남동구,차대차,측면직각충돌,측면직각충돌,운전자법규위반,신호위반,교차로,교차로내,자전거,자전거,승합차,대형,930167,1942248,126.7101958,37.47682417
2015,2015101002,42,야간,토,1,1,0,0,0,서울,서초구,차대사람,차도통행중,차도통행중,운전자법규위반,과속,단일로,기타단일로,승용차,중형,보행자,보행자,958071,1942901,127.0257369,37.48439799
2015,2015101105,45,야간,일,1,1,0,0,0,경북,경주시,차대차,추돌,진행중 추돌,운전자법규위반,안전운전 의무 불이행,단일로,기타단일로,승용차,중형,자전거,자전거,1153251,1761386,129.1968144,35.83702312
2015,2015091903,45,야간,토,1,3,0,2,0,경기,파주시,차대차,추돌,주정차중 추돌,운전자법규위반,안전운전 의무 불이행,교차로,교차로부근,승용차,중형,화물차,대형,934764,1968834,126.7598135,37.71677367
2015,2015091905,5,야간,토,1,1,0,0,0,경북,안동시,차대차,측면직각충돌,측면직각충돌,운전자법규위반,안전운전 의무 불이행,교차로,교차로내,자전거,자전거,화물차,소형,1109252,1841295,128.7209051,36.56318228
2015,2015092402,33,야간,목,2,2,0,0,0,울산,울주군,차대차,정면충돌,정면충돌,운전자법규위반,중앙선 침범,단일로,기타단일로,승용차,경형,승용차,소형,1161916,1715305,129.2834633,35.42034388
2015,2015092112,50,주간,월,2,2,0,0,0,부산,남구,차대차,정면충돌,정면충돌,운전자법규위반,중앙선 침범,단일로,교량위,승용차,중형,특수차,대형,1143520,1681193,129.0749458,35.1156938
2015,2015102505,10,야간,일,1,1,0,0,0,경남,진주시,차대사람,길가장자리구역통행중,길가장자리구역통행중,운전자법규위반,안전운전 의무 불이행,교차로,교차로부근,승합차,중형,보행자,보행자,1053012,1699057,128.0829724,35.28560416
2015,2015102507,50,주간,일,1,4,2,1,0,강원,원주시,차대사람,보도통행중,보도통행중,운전자법규위반,안전거리 미확보,단일로,기타단일로,화물차,중형,보행자,보행자,1048703,1937966,128.0505553,37.43958492
2015,2015102716,29,주간,화,1,1,0,0,0,충남,보령시,차대사람,횡단중,횡단중,운전자법규위반,안전운전 의무 불이행,단일로,기타단일로,승용차,중형,보행자,보행자,919286,1817760,126.6004226,36.35387392
2015,2015102817,30,주간,수,1,6,0,5,0,경기,포천시,차대차,정면충돌,정면충돌,운전자법규위반,중앙선 침범,단일로,기타단일로,화물차,중형,화물차,중형,984342,2006158,127.3215233,38.05536569
2015,2015110111,10,주간,일,1,2,0,0,1,강원,원주시,차대사람,횡단중,횡단중,운전자법규위반,보행자 보호의무 위반,교차로,교차로부근,이륜차,소형,보행자,보행자,1039893,1931583,127.9506224,37.38247353
2015,2015110217,36,주간,월,1,4,1,2,0,전남,영광군,차대차,기타,기타,운전자법규위반,안전운전 의무 불이행,교차로,교차로내,화물차,소형,승용차,소형,896827,1697258,126.3657067,35.26547006
2015,2015103008,0,주간,금,1,1,0,0,0,경남,하동군,차량단독,공작물충돌,공작물충돌,운전자법규위반,안전운전 의무 불이행,단일로,기타단일로,화물차,중형,0,0,1027657,1684901,127.803673,35.15898217
2015,2015103015,20,주간,금,1,1,0,0,0,경기,이천시,차대차,측면직각충돌,측면직각충돌,운전자법규위반,안전거리 미확보,교차로,교차로내,승용차,중형,승용차,경형,1008219,1901669,127.592511,37.11364965
2015,2015110703,45,야간,토,1,1,0,0,0,대구,동구,차대사람,기타,기타,운전자법규위반,안전운전 의무 불이행,교차로,교차로부근,화물차,대형,보행자,보행자,1101701,1765963,128.6267542,35.88498574
2015,2015111017,10,주간,화,1,1,0,0,0,전남,보성군,차대차,기타,기타,운전자법규위반,안전운전 의무 불이행,교차로,교차로내,화물차,중형,자전거,자전거,985383,1652051,127.3400827,34.86303519
2015,2015110801,22,야간,일,1,1,0,0,0,경기,양주시,차대사람,횡단중,횡단중,운전자법규위반,과속,단일로,기타단일로,승용차,중형,보행자,보행자,962869,1977405,127.0782517,37.79559512
2015,2015102107,20,주간,수,1,1,0,0,0,경북,경주시,차대차,기타,기타,운전자법규위반,안전운전 의무 불이행,단일로,기타단일로,승용차,중형,농기계,농기계,1156841,1751284,129.2345671,35.74541506
2015,2015101910,51,주간,월,1,2,1,0,0,경남,의령군,차대차,추돌,진행중 추돌,운전자법규위반,안전운전 의무 불이행,단일로,기타단일로,원동기장치자전거,원동기장치자전거,화물차,소형,1069301,1719971,128.2638651,35.47317049
2015,2015101711,30,주간,토,1,1,0,0,0,서울,강동구,차대차,기타,기타,운전자법규위반,신호위반,단일로,기타단일로,불명,불명,승용차,소형,966345,1949124,127.1190378,37.54082728
2015,2015101718,10,야간,토,1,1,0,0,0,충북,증평군,차대차,측면직각충돌,측면직각충돌,운전자법규위반,안전운전 의무 불이행,단일로,기타단일로,화물차,소형,자전거,자전거,1006597,1864965,127.5739338,36.78279424
2015,2015101623,15,야간,금,1,1,0,0,0,강원,춘천시,차대사람,횡단중,횡단중,운전자법규위반,보행자 보호의무 위반,단일로,횡단보도상,승용차,중형,보행자,보행자,1020215,1986497,127.729866,37.87807315
2015,2015101712,5,주간,토,3,4,1,0,0,경남,사천시,차대차,정면충돌,정면충돌,운전자법규위반,중앙선 침범,단일로,교량위,화물차,소형,화물차,소형,1050113,1659237,128.0486819,34.92670196
2015,2015101719,15,야간,토,1,1,0,0,0,전남,여수시,차대사람,횡단중,횡단중,운전자법규위반,안전운전 의무 불이행,단일로,기타단일로,승용차,소형,보행자,보행자,1020852,1638553,127.7277958,34.74120593
2015,2015101707,26,주간,토,1,1,0,0,0,충남,서천군,차대사람,길가장자리구역통행중,길가장자리구역통행중,운전자법규위반,안전운전 의무 불이행,단일로,기타단일로,화물차,소형,보행자,보행자,925845,1785881,126.6765337,36.0670226
2015,2015102111,30,주간,수,1,1,0,0,0,경남,김해시,차대차,추돌,주정차중 추돌,운전자법규위반,안전운전 의무 불이행,교차로,교차로부근,화물차,소형,화물차,대형,1118614,1687306,128.802582,35.17404466
2015,2015112017,30,주간,금,1,1,0,0,0,서울,강서구,차대사람,보도통행중,보도통행중,운전자법규위반,기타(운전자법규위반),단일로,기타단일로,승용차,중형,보행자,보행자,942677,1952201,126.8508967,37.56739212
2015,2015112018,0,야간,금,1,1,0,0,0,경남,사천시,차대사람,횡단중,횡단중,운전자법규위반,안전운전 의무 불이행,교차로,교차로내,승용차,소형,보행자,보행자,1042631,1670549,127.967344,35.02904653
2015,2015112301,20,야간,월,1,1,0,0,0,경기,고양시,차대차,추돌,주정차중 추돌,운전자법규위반,안전운전 의무 불이행,단일로,기타단일로,승용차,경형,화물차,중형,941192,1958173,126.8336024,37.62112358
2015,2015092722,12,야간,일,1,1,0,0,0,울산,중구,차대사람,횡단중,횡단중,운전자법규위반,안전운전 의무 불이행,단일로,기타단일로,이륜차,중형,보행자,보행자,1164372,1730726,129.3136246,35.55891837
2015,2015092503,55,야간,금,1,1,0,0,0,대전,유성구,차대사람,횡단중,횡단중,운전자법규위반,과속,단일로,기타단일로,승용차,대형,보행자,보행자,984962,1816813,127.3324071,36.34860512
2015,2015092519,30,야간,금,1,1,0,0,0,부산,북구,차대사람,차도통행중,차도통행중,운전자법규위반,안전운전 의무 불이행,단일로,기타단일로,화물차,소형,보행자,보행자,1136945,1691223,129.0044806,35.20702098
2015,2015092920,46,야간,화,1,1,0,0,0,경기,수원시,차대차,기타,기타,운전자법규위반,과속,교차로,교차로내,승용차,중형,자전거,자전거,954202,1922591,126.983234,37.3011508
2015,2015100914,18,주간,금,1,2,0,0,1,경북,청송군,차대차,정면충돌,정면충돌,운전자법규위반,중앙선 침범,단일로,기타단일로,건설기계,건설기계,화물차,소형,1134744,1841115,129.0056693,36.5583031
2015,2015100609,50,주간,화,1,1,0,0,0,경북,영덕군,차대사람,차도통행중,차도통행중,운전자법규위반,안전운전 의무 불이행,단일로,기타단일로,화물차,소형,보행자,보행자,1167667,1822829,129.3694381,36.38832663
2015,2015100707,30,주간,수,1,4,2,1,0,충남,부여군,차대차,측면직각충돌,측면직각충돌,운전자법규위반,신호위반,교차로,교차로내,승용차,소형,화물차,소형,954665,1805654,126.9954145,36.2470546
2015,2015100612,10,주간,화,1,1,0,0,0,대구,중구,차대차,측면직각충돌,측면직각충돌,운전자법규위반,중앙선 침범,단일로,기타단일로,자전거,자전거,승용차,소형,1099409,1764614,128.6011969,35.87306075
2015,2015100516,15,주간,월,1,3,2,0,0,경북,예천군,차량단독,도로이탈,도로이탈 기타,운전자법규위반,안전운전 의무 불이행,단일로,기타단일로,승용차,경형,0,0,1081608,1841950,128.4120907,36.57184965
2015,2015100319,38,야간,토,1,1,0,0,0,경남,진주시,차대사람,기타,기타,운전자법규위반,안전운전 의무 불이행,단일로,기타단일로,승용차,중형,보행자,보행자,1054570,1689423,128.0994653,35.1986546
2015,2015090104,50,야간,화,1,1,0,0,0,서울,강북구,차대사람,횡단중,횡단중,운전자법규위반,신호위반,교차로,교차로내,원동기장치자전거,원동기장치자전거,보행자,보행자,957478,1958994,127.0180964,37.62942128
2015,2015090416,42,주간,금,1,1,0,0,0,경기,연천군,차대차,추돌,진행중 추돌,운전자법규위반,안전운전 의무 불이행,단일로,기타단일로,화물차,소형,원동기장치자전거,원동기장치자전거,962088,2001364,127.0681209,38.01150052
2015,2015090103,50,야간,화,1,1,0,0,0,인천,연수구,차대사람,기타,기타,운전자법규위반,안전운전 의무 불이행,단일로,기타단일로,화물차,중형,보행자,보행자,925471,1933637,126.6579597,37.39884814
2015,2015090404,40,야간,금,1,1,0,0,0,전남,순천시,차대사람,기타,기타,운전자법규위반,보행자 보호의무 위반,단일로,횡단보도상,승용차,중형,보행자,보행자,999065,1661312,127.4897603,34.94665175
2015,2015083111,40,주간,월,2,3,0,1,0,경기,남양주시,차대차,추돌,진행중 추돌,운전자법규위반,안전거리 미확보,단일로,터널안,승용차,경형,건설기계,건설기계,984130,1960580,127.3201076,37.64456358
2015,2015090805,43,야간,화,1,1,0,0,0,경기,안양시,차대차,측면직각충돌,측면직각충돌,운전자법규위반,신호위반,교차로,교차로내,원동기장치자전거,원동기장치자전거,화물차,소형,950838,1933447,126.9445572,37.39882924
2015,2015090610,20,주간,일,1,2,0,1,0,충남,서천군,차대차,정면충돌,정면충돌,운전자법규위반,중앙선 침범,단일로,기타단일로,이륜차,소형,승용차,중형,924276,1789189,126.6587945,36.09672276
2015,2015091304,27,야간,일,1,1,0,0,0,서울,용산구,차량단독,전도전복,전도전복,운전자법규위반,안전운전 의무 불이행,단일로,터널안,원동기장치자전거,원동기장치자전거,0,0,955278,1950681,126.9936724,37.55439031
2015,2015091121,20,야간,금,1,1,0,0,0,인천,부평구,차대사람,기타,기타,운전자법규위반,안전운전 의무 불이행,단일로,횡단보도상,승용차,소형,보행자,보행자,931299,1946133,126.7226347,37.51192395
2015,2015091614,10,주간,수,1,1,0,0,0,전남,무안군,차대차,측면직각충돌,측면직각충돌,운전자법규위반,신호위반,교차로,교차로내,이륜차,중형,승용차,중형,896213,1667584,126.3626839,34.9978819
2015,2015082916,50,주간,토,1,2,1,0,0,부산,기장군,차대차,정면충돌,정면충돌,운전자법규위반,중앙선 침범,단일로,기타단일로,건설기계,건설기계,화물차,소형,1154808,1699735,129.2022543,35.28114343
2015,2015082501,55,야간,화,1,1,0,0,0,부산,수영구,차대사람,기타,기타,운전자법규위반,안전운전 의무 불이행,단일로,기타단일로,화물차,소형,보행자,보행자,1146514,1684221,129.1083264,35.14255597
2015,2015082817,0,주간,금,1,1,0,0,0,경기,용인시,차량단독,공작물충돌,공작물충돌,운전자법규위반,안전운전 의무 불이행,단일로,기타단일로,승용차,대형,0,0,963695,1914342,127.0907489,37.22721523
2015,2015082603,10,야간,수,1,1,0,0,0,인천,남구,차대차,추돌,주정차중 추돌,운전자법규위반,안전운전 의무 불이행,교차로,교차로부근,승용차,중형,특수차,중형,925882,1941763,126.6617863,37.47211912
2015,2015082305,28,야간,일,1,1,0,0,0,경남,사천시,차대차,추돌,진행중 추돌,운전자법규위반,안전운전 의무 불이행,단일로,기타단일로,승용차,소형,자전거,자전거,1051654,1671874,128.0663375,35.04057275
2015,2015082416,10,주간,월,1,1,0,0,0,서울,중구,차대사람,기타,기타,운전자법규위반,안전운전 의무 불이행,교차로,교차로부근,승합차,중형,보행자,보행자,955660,1952258,126.9979018,37.56862264
2015,2015092706,27,주간,일,1,1,0,0,0,경기,수원시,차대차,기타,기타,운전자법규위반,안전운전 의무 불이행,단일로,기타단일로,승용차,중형,승용차,중형,951949,1921661,126.9578733,37.29265445
2015,2015092520,45,야간,금,1,2,1,0,0,제주,서귀포시,차대사람,횡단중,횡단중,운전자법규위반,안전운전 의무 불이행,교차로,교차로내,승합차,소형,보행자,보행자,939090,1483457,126.8454461,33.34090546
2015,2015092914,10,주간,화,1,1,0,0,0,전북,부안군,차량단독,공작물충돌,공작물충돌,운전자법규위반,안전운전 의무 불이행,단일로,기타단일로,화물차,소형,0,0,913213,1744210,126.540816,35.69031894
2015,2015100105,0,야간,목,1,1,0,0,0,충남,천안시,차대사람,횡단중,횡단중,운전자법규위반,안전운전 의무 불이행,교차로,교차로부근,화물차,경형,보행자,보행자,969582,1867066,127.1590187,36.80126841
2015,2015092710,2,주간,일,1,1,0,0,0,제주,서귀포시,차량단독,기타,기타,운전자법규위반,안전운전 의무 불이행,단일로,기타단일로,원동기장치자전거,원동기장치자전거,0,0,902574,1474004,126.4541003,33.25296639
2015,2015093021,0,야간,수,1,1,0,0,0,부산,사하구,차대차,측면직각충돌,측면직각충돌,운전자법규위반,신호위반,단일로,기타단일로,승용차,중형,이륜차,중형,1133798,1680072,128.9681105,35.10692786
2015,2015100720,5,야간,수,1,1,0,0,0,부산,중구,차대사람,횡단중,횡단중,운전자법규위반,안전운전 의무 불이행,단일로,횡단보도상,승용차,중형,보행자,보행자,1140122,1680553,129.0375609,35.11040353
2015,2015100810,20,주간,목,1,1,0,0,0,경북,성주군,차대차,추돌,진행중 추돌,운전자법규위반,안전운전 의무 불이행,기타/불명,기타/불명,화물차,소형,원동기장치자전거,원동기장치자전거,1072658,1769358,128.3053285,35.9181798
2015,2015100518,56,야간,월,1,1,0,0,0,서울,강남구,차량단독,공작물충돌,공작물충돌,운전자법규위반,안전운전 의무 불이행,단일로,기타단일로,승용차,중형,0,0,960291,1943101,127.050836,37.4862988
2015,2015100615,19,주간,화,1,1,0,0,0,충북,옥천군,차량단독,도로이탈,도로이탈 추락,운전자법규위반,안전운전 의무 불이행,단일로,기타단일로,이륜차,사발이,0,0,1009437,1804235,127.6050199,36.23527955
2015,2015100704,40,야간,수,1,1,0,0,0,전북,전주시,차대사람,보도통행중,보도통행중,운전자법규위반,보행자 보호의무 위반,교차로,교차로내,화물차,소형,보행자,보행자,964880,1759339,127.1111645,35.82991907
2015,2015100722,15,야간,수,1,1,0,0,0,경북,의성군,차량단독,공작물충돌,공작물충돌,운전자법규위반,안전운전 의무 불이행,단일로,교량위,화물차,경형,0,0,1081324,1821383,128.4067542,36.38648119
2015,2015100719,20,야간,수,1,1,0,0,0,충남,보령시,차대사람,길가장자리구역통행중,길가장자리구역통행중,운전자법규위반,안전운전 의무 불이행,단일로,기타단일로,승용차,중형,보행자,보행자,923365,1820748,126.6455849,36.38114249
2015,2015100800,10,야간,목,1,1,0,0,0,인천,중구,차량단독,전도전복,전도전복,운전자법규위반,안전운전 의무 불이행,단일로,기타단일로,이륜차,중형,0,0,921044,1941889,126.6070649,37.47285394
2015,2015100812,22,주간,목,1,1,0,0,0,서울,송파구,차량단독,공작물충돌,공작물충돌,운전자법규위반,안전운전 의무 불이행,단일로,기타단일로,원동기장치자전거,원동기장치자전거,0,0,967667,1946644,127.1341113,37.51852129
2015,2015100620,34,야간,화,1,1,0,0,0,충남,태안군,차대사람,차도통행중,차도통행중,운전자법규위반,안전운전 의무 불이행,단일로,기타단일로,승용차,중형,보행자,보행자,893451,1861934,126.306427,36.74950696
2015,2015071313,12,주간,월,1,2,1,0,0,대전,중구,차량단독,기타,기타,운전자법규위반,안전운전 의무 불이행,단일로,기타단일로,승용차,중형,0,0,990058,1809488,127.3892934,36.2826331
2015,2015053115,17,주간,일,1,7,3,3,0,대전,대덕구,차대차,추돌,진행중 추돌,운전자법규위반,안전운전 의무 불이행,단일로,기타단일로,승합차,대형,승용차,대형,992563,1825414,127.4170349,36.42623493
2015,2015060218,20,야간,화,1,1,0,0,0,부산,강서구,차량단독,전도전복,전도전복,운전자법규위반,안전운전 의무 불이행,단일로,기타단일로,화물차,대형,0,0,1126947,1686442,128.8939362,35.16523761
2015,2015061016,54,주간,수,1,2,0,1,0,전남,장성군,차대사람,기타,기타,운전자법규위반,안전운전 의무 불이행,단일로,기타단일로,승용차,경형,보행자,보행자,937920,1706503,126.8167483,35.35221805