발생년,발생년월일시,발생분,주야,요일,사망자수,사상자수,중상자수,경상자수,부상신고자수,발생지시도,발생지시군구,사고유형_대분류,사고유형_중분류,사고유형,법규위반_대분류,법규위반,도로형태_대분류,도로형태,당사자종별_1당_대분류,당사자종별_1당,당사자종별_2당_대분류,당사자종별_2당,발생위치X_UTMK,발생위치Y_UTMK,경도,위도
2015,2015080920,22,야간,일,1,1,0,0,0,강원,원주시,차대사람,차도통행중,차도통행중,운전자법규위반,안전운전 의무 불이행,단일로,기타단일로,승용차,중형,보행자,보행자,1042196,1937477,127.9769725,37.43549707
2015,2015080921,15,야간,일,1,1,0,0,0,경남,창원시(통합),차대차,측면직각충돌,측면직각충돌,운전자법규위반,안전운전 의무 불이행,교차로,교차로내,승합차,대형,원동기장치자전거,원동기장치자전거,1093055,1696609,128.5229982,35.26061059
2015,2015080903,35,야간,일,1,1,0,0,0,경기,남양주시,차량단독,공작물충돌,공작물충돌,운전자법규위반,안전운전 의무 불이행,단일로,기타단일로,이륜차,소형,0,0,966502,1962970,127.120181,37.6656313
2015,2015103109,50,주간,토,1,4,3,0,0,경기,파주시,차대차,정면충돌,정면충돌,운전자법규위반,중앙선 침범,단일로,기타단일로,승용차,대형,건설기계,건설기계,955052,1999349,126.9880984,37.99301859
2015,2015110117,30,주간,일,1,6,3,2,0,경기,양평군,차대차,정면충돌,정면충돌,운전자법규위반,중앙선 침범,기타/불명,기타/불명,승용차,대형,승용차,소형,987718,1955921,127.3608571,37.60262491
2015,2015110118,32,야간,일,1,1,0,0,0,경남,양산시,차대사람,기타,기타,운전자법규위반,안전운전 의무 불이행,단일로,기타단일로,승용차,경형,보행자,보행자,1149631,1709263,129.1470911,35.367809
2015,2015110719,20,야간,토,1,1,0,0,0,대전,동구,차대사람,횡단중,횡단중,운전자법규위반,안전운전 의무 불이행,단일로,기타단일로,화물차,소형,보행자,보행자,997627,1814409,127.4735611,36.32704662
2015,2015110801,19,야간,일,1,1,0,0,0,서울,마포구,차대사람,기타,기타,운전자법규위반,안전운전 의무 불이행,단일로,기타단일로,승용차,중형,보행자,보행자,947543,1951400,126.9060519,37.56046273
2015,2015110810,40,주간,일,1,1,0,0,0,전남,담양군,차량단독,기타,기타,운전자법규위반,안전운전 의무 불이행,단일로,기타단일로,승용차,중형,0,0,961298,1697030,127.0744856,35.26798319
2015,2015110902,50,야간,월,1,2,1,0,0,강원,춘천시,차대차,추돌,주정차중 추돌,운전자법규위반,안전운전 의무 불이행,교차로,교차로부근,승용차,중형,화물차,중형,1020841,1985406,127.7369527,37.86822583
2015,2015110612,37,주간,금,1,1,0,0,0,서울,관악구,차대사람,길가장자리구역통행중,길가장자리구역통행중,운전자법규위반,안전운전 의무 불이행,단일로,기타단일로,승용차,소형,보행자,보행자,954021,1942022,126.9799835,37.47628252
2015,2015110708,15,주간,토,1,1,0,0,0,제주,제주시,차대사람,기타,기타,운전자법규위반,보행자 보호의무 위반,교차로,교차로내,화물차,중형,보행자,보행자,901736,1500652,126.4422412,33.49329066
2015,2015102306,20,주간,금,1,1,0,0,0,경북,상주시,차대차,추돌,주정차중 추돌,운전자법규위반,안전운전 의무 불이행,단일로,기타단일로,승용차,소형,건설기계,건설기계,1062334,1824767,128.1953056,36.41840647
2015,2015101918,25,야간,월,2,2,0,0,0,전북,군산시,차대차,기타,기타,운전자법규위반,중앙선 침범,교차로,교차로내,승용차,중형,이륜차,중형,924035,1772954,126.6576769,35.95034655
2015,2015102110,20,주간,수,1,1,0,0,0,충남,보령시,차대차,측면직각충돌,측면직각충돌,운전자법규위반,부당한 회전,단일로,기타단일로,이륜차,소형,승용차,경형,918307,1826095,126.588636,36.42892473
2015,2015101917,59,주간,월,1,1,0,0,0,충북,청주시,차대차,측면직각충돌,측면직각충돌,운전자법규위반,중앙선 침범,단일로,기타단일로,화물차,소형,원동기장치자전거,원동기장치자전거,987232,1844813,127.3570885,36.60124181
2015,2015101704,50,야간,토,1,1,0,0,0,충북,청주시,차대사람,기타,기타,운전자법규위반,안전운전 의무 불이행,단일로,기타단일로,화물차,경형,보행자,보행자,1005862,1864053,127.5656895,36.77457762
2015,2015112403,35,야간,화,1,1,0,0,0,전북,전주시,차대사람,횡단중,횡단중,운전자법규위반,안전운전 의무 불이행,단일로,기타단일로,승용차,경형,보행자,보행자,971865,1761743,127.1883868,35.85167914
2015,2015112117,40,주간,토,1,1,0,0,0,경북,상주시,차대사람,차도통행중,차도통행중,운전자법규위반,안전운전 의무 불이행,단일로,기타단일로,승용차,중형,보행자,보행자,1047941,1820946,128.0345299,36.38478728
2015,2015111918,40,야간,목,1,1,0,0,0,경남,밀양시,차량단독,전도전복,전도전복,운전자법규위반,안전운전 의무 불이행,단일로,기타단일로,승용차,경형,0,0,1104503,1718132,128.651582,35.45351295
2015,2015111722,53,야간,화,1,1,0,0,0,경북,포항시,차대차,추돌,주정차중 추돌,운전자법규위반,안전운전 의무 불이행,단일로,기타단일로,원동기장치자전거,원동기장치자전거,특수차,대형,1168988,1779478,129.3748214,35.99746851
2015,2015111806,50,주간,수,1,1,0,0,0,전북,전주시,차대사람,횡단중,횡단중,운전자법규위반,안전운전 의무 불이행,교차로,교차로부근,승용차,중형,보행자,보행자,968446,1760017,127.1506184,35.83615317
2015,2015101419,55,야간,수,1,1,0,0,0,대구,북구,차대사람,횡단중,횡단중,운전자법규위반,안전운전 의무 불이행,교차로,교차로내,승용차,중형,보행자,보행자,1099342,1766084,128.6006381,35.8863188
2015,2015101119,25,야간,일,1,1,0,0,0,충북,괴산군,차대사람,횡단중,횡단중,운전자법규위반,과속,교차로,교차로부근,승합차,대형,보행자,보행자,1026118,1867580,127.7927972,36.80603035
2015,2015101218,0,야간,월,1,4,3,0,0,경북,성주군,차대차,정면충돌,정면충돌,운전자법규위반,안전운전 의무 불이행,교차로,교차로내,화물차,경형,화물차,경형,1075850,1759846,128.3397992,35.8321851
2015,2015101614,17,주간,금,1,1,0,0,0,전북,익산시,차대사람,차도통행중,차도통행중,운전자법규위반,안전운전 의무 불이행,교차로,교차로내,건설기계,건설기계,보행자,보행자,949515,1783671,126.9395084,36.04861604
2015,2015101307,14,주간,화,1,2,1,0,0,충북,옥천군,차대차,정면충돌,정면충돌,운전자법규위반,중앙선 침범,단일로,기타단일로,화물차,소형,승용차,중형,1014125,1821494,127.6575029,36.39081982
2015,2015091910,20,주간,토,1,1,0,0,0,경북,문경시,차대사람,횡단중,횡단중,운전자법규위반,안전운전 의무 불이행,단일로,기타단일로,화물차,소형,보행자,보행자,1061804,1843542,128.1908963,36.58768852
2015,2015092318,10,야간,수,1,4,2,1,0,서울,금천구,차대차,측면직각충돌,측면직각충돌,운전자법규위반,안전운전 의무 불이행,교차로,교차로내,승용차,소형,원동기장치자전거,원동기장치자전거,947188,1940776,126.9027961,37.46468667
2015,2015092009,41,주간,일,1,4,3,0,0,경북,구미시,차대차,기타,기타,운전자법규위반,과속,교차로,교차로내,화물차,소형,승용차,중형,1088297,1793602,128.4813546,36.13544167
2015,2015092105,50,야간,월,1,1,0,0,0,대전,유성구,차대사람,횡단중,횡단중,운전자법규위반,안전운전 의무 불이행,교차로,교차로내,승용차,중형,보행자,보행자,983884,1820833,127.3203099,36.38482936
2015,2015092509,20,주간,금,1,1,0,0,0,경기,안산시,차대사람,기타,기타,운전자법규위반,안전운전 의무 불이행,교차로,교차로내,승용차,중형,보행자,보행자,943844,1921615,126.8664383,37.29178569
2015,2015102419,0,야간,토,1,1,0,0,0,전남,보성군,차량단독,기타,기타,운전자법규위반,안전운전 의무 불이행,단일로,기타단일로,농기계,농기계,0,0,975334,1645678,127.2303299,34.80537183
2015,2015102618,20,야간,월,1,1,0,0,0,전남,보성군,차대사람,기타,기타,운전자법규위반,안전운전 의무 불이행,교차로,교차로내,화물차,소형,보행자,보행자,971280,1656722,127.18563,34.90485506
2015,2015110412,32,주간,수,1,1,0,0,0,서울,노원구,차대사람,길가장자리구역통행중,길가장자리구역통행중,운전자법규위반,안전운전 의무 불이행,단일로,기타단일로,건설기계,건설기계,보행자,보행자,961799,1961955,127.0669102,37.65629918
2015,2015103122,20,야간,토,1,1,0,0,0,경기,군포시,차대사람,기타,기타,운전자법규위반,안전운전 의무 불이행,단일로,기타단일로,승용차,소형,보행자,보행자,951094,1927429,126.9478471,37.34459989
2015,2015110117,20,주간,일,1,1,0,0,0,전남,담양군,차대사람,기타,기타,운전자법규위반,안전운전 의무 불이행,교차로,교차로내,화물차,소형,보행자,보행자,953322,1701253,126.9865548,35.30572033
2015,2015110821,40,야간,일,1,1,0,0,0,대구,서구,차대사람,횡단중,횡단중,운전자법규위반,안전운전 의무 불이행,단일로,기타단일로,승용차,중형,보행자,보행자,1096933,1765969,128.5739384,35.88552373
2015,2015111205,55,야간,목,1,1,0,0,0,서울,구로구,차대사람,횡단중,횡단중,운전자법규위반,안전운전 의무 불이행,교차로,교차로내,승용차,중형,보행자,보행자,946299,1945449,126.8924027,37.50675403
2015,2015110609,6,주간,금,1,2,0,1,0,경기,양주시,차대차,정면충돌,정면충돌,운전자법규위반,중앙선 침범,단일로,기타단일로,승용차,중형,승용차,중형,959495,1976178,127.0399981,37.78439283
2015,2015110809,35,주간,일,1,1,0,0,0,경기,남양주시,차량단독,공작물충돌,공작물충돌,운전자법규위반,안전운전 의무 불이행,교차로,교차로부근,승용차,중형,0,0,971107,1964654,127.1723274,37.68096619
2015,2015110818,48,야간,일,1,1,0,0,0,전북,정읍시,차대사람,횡단중,횡단중,운전자법규위반,안전운전 의무 불이행,단일로,기타단일로,승용차,중형,보행자,보행자,941105,1731939,126.8499574,35.58174626
2015,2015110614,35,주간,금,1,2,1,0,0,전북,남원시,차량단독,도로이탈,도로이탈 추락,운전자법규위반,안전운전 의무 불이행,단일로,기타단일로,승용차,대형,0,0,997303,1710072,127.4703041,35.38632688
2015,2015110916,52,주간,월,1,1,0,0,0,경기,안양시,차대사람,기타,기타,운전자법규위반,안전운전 의무 불이행,단일로,기타단일로,건설기계,건설기계,보행자,보행자,948588,1933962,126.9191015,37.40334897
2015,2015111010,10,주간,화,1,1,0,0,0,전북,정읍시,차대사람,횡단중,횡단중,운전자법규위반,안전운전 의무 불이행,교차로,교차로부근,화물차,소형,보행자,보행자,950683,1735310,126.9554623,35.61266342
2015,2015082714,37,주간,목,1,5,4,0,0,제주,제주시,차대차,기타,기타,운전자법규위반,과속,교차로,교차로내,승용차,중형,승용차,중형,929300,1507197,126.7384995,33.5544022
2015,2015100319,20,야간,토,1,1,0,0,0,충남,논산시,차대사람,횡단중,횡단중,운전자법규위반,과속,단일로,기타단일로,화물차,소형,보행자,보행자,962287,1801334,127.0804544,36.20843599
2015,2015100807,0,주간,목,1,1,0,0,0,부산,진구,차대차,기타,기타,운전자법규위반,안전운전 의무 불이행,단일로,횡단보도부근,이륜차,소형,화물차,소형,1141737,1684151,129.0558933,35.14260957
2015,2015100800,47,야간,목,1,1,0,0,0,경기,용인시,차량단독,공작물충돌,공작물충돌,운전자법규위반,안전운전 의무 불이행,단일로,기타단일로,이륜차,중형,0,0,970953,1914521,127.172557,37.22908317
2015,2015100521,10,야간,월,1,1,0,0,0,서울,양천구,차대사람,횡단중,횡단중,운전자법규위반,신호위반,단일로,기타단일로,승용차,대형,보행자,보행자,945025,1946964,126.8778755,37.52033387
2015,2015100416,24,주간,일,1,1,0,0,0,경기,평택시,차량단독,공작물충돌,공작물충돌,운전자법규위반,안전운전 의무 불이행,단일로,기타단일로,농기계,농기계,0,0,947305,1886398,126.9079623,36.9745513
2015,2015090418,0,야간,금,1,1,0,0,0,전북,남원시,차량단독,전도전복,전도전복,운전자법규위반,안전운전 의무 불이행,단일로,기타단일로,농기계,농기계,0,0,996014,1720744,127.4563702,35.48213329
2015,2015090113,42,주간,화,2,3,1,0,0,충북,음성군,차대차,측면직각충돌,측면직각충돌,운전자법규위반,신호위반,교차로,교차로내,건설기계,건설기계,화물차,소형,1003604,1878707,127.5482792,36.90553849
2015,2015090107,50,주간,화,8,8,0,0,0,충북,충주시,차대차,측면직각충돌,측면직각충돌,운전자법규위반,신호위반,교차로,교차로내,승합차,중형,건설기계,건설기계,1027783,1890261,127.823849,37.01841223
2015,2015083002,30,야간,일,1,1,0,0,0,전남,나주시,차대사람,기타,기타,운전자법규위반,안전운전 의무 불이행,단일로,기타단일로,승용차,중형,보행자,보행자,940100,1672086,126.8432307,35.04213318
2015,2015090200,30,야간,수,1,4,2,1,0,제주,서귀포시,차대차,기타,기타,운전자법규위반,과속,교차로,교차로내,승용차,중형,승용차,소형,937577,1482563,126.8291898,33.3328661
2015,2015090110,30,주간,화,1,1,0,0,0,제주,제주시,차대사람,횡단중,횡단중,운전자법규위반,안전운전 의무 불이행,교차로,교차로내,승용차,소형,보행자,보행자,938459,1504557,126.8372204,33.53117341
2015,2015090508,20,주간,토,1,1,0,0,0,충남,예산군,차대차,추돌,진행중 추돌,운전자법규위반,안전운전 의무 불이행,교차로,교차로내,화물차,경형,원동기장치자전거,원동기장치자전거,928430,1860766,126.6983316,36.74226387
2015,2015090122,32,야간,화,1,1,0,0,0,서울,용산구,차대사람,횡단중,횡단중,운전자법규위반,안전운전 의무 불이행,단일로,횡단보도상,승용차,중형,보행자,보행자,953225,1948205,126.9705878,37.53197163
2015,2015090205,20,야간,수,1,1,0,0,0,경남,창원시(통합),차대사람,횡단중,횡단중,운전자법규위반,안전운전 의무 불이행,기타/불명,기타/불명,승합차,중형,보행자,보행자,1108917,1684744,128.695776,35.15204592
2015,2015090514,35,주간,토,1,1,0,0,0,서울,성북구,차량단독,전도전복,전도전복,운전자법규위반,안전운전 의무 불이행,단일로,기타단일로,자전거,자전거,0,0,962119,1957219,127.0707836,37.61362589
2015,2015091022,34,야간,목,1,2,1,0,0,전북,임실군,차대차,정면충돌,정면충돌,운전자법규위반,중앙선 침범,단일로,기타단일로,승용차,중형,승용차,중형,983509,1733296,127.3179511,35.59559708
2015,2015091320,35,야간,일,1,1,0,0,0,전북,군산시,차대차,기타,기타,운전자법규위반,안전운전 의무 불이행,단일로,기타단일로,승용차,소형,불명,불명,928083,1775554,126.7023226,35.97409248
2015,2015091317,50,주간,일,1,1,0,0,0,서울,중랑구,차대차,측면직각충돌,측면직각충돌,운전자법규위반,교차로 통행방법 위반,교차로,교차로내,원동기장치자전거,원동기장치자전거,화물차,소형,963630,1957804,127.0878747,37.61895968
2015,2015091305,25,야간,일,1,1,0,0,0,경남,통영시,차대사람,횡단중,횡단중,운전자법규위반,보행자 보호의무 위반,교차로,교차로부근,승용차,소형,보행자,보행자,1085166,1650994,128.4315983,34.8500407
2015,2015082808,45,주간,금,1,1,0,0,0,경남,창원시(통합),차량단독,공작물충돌,공작물충돌,운전자법규위반,안전운전 의무 불이행,단일로,기타단일로,원동기장치자전거,원동기장치자전거,0,0,1103229,1692495,128.6343106,35.22252439
2015,2015082523,40,야간,화,1,1,0,0,0,대전,중구,차대사람,횡단중,횡단중,운전자법규위반,신호위반,교차로,교차로내,승용차,중형,보행자,보행자,990354,1812640,127.3925505,36.3110529
2015,2015082603,50,야간,수,1,1,0,0,0,서울,강서구,차대차,기타,기타,운전자법규위반,신호위반,교차로,교차로내,자전거,자전거,승용차,중형,940479,1950704,126.8261305,37.55376027
2015,2015082221,28,야간,토,1,1,0,0,0,서울,영등포구,차대사람,횡단중,횡단중,운전자법규위반,안전운전 의무 불이행,단일로,기타단일로,승용차,중형,보행자,보행자,948422,1946679,126.9163357,37.51796135
2015,2015082301,35,야간,일,1,3,1,1,0,강원,원주시,차대차,측면직각충돌,측면직각충돌,운전자법규위반,교차로 통행방법 위반,교차로,교차로내,이륜차,소형,승용차,경형,1032891,1926565,127.8713082,37.33751775
2015,2015082321,50,야간,일,1,2,0,1,0,경북,영덕군,차대차,추돌,진행중 추돌,운전자법규위반,과속,단일로,기타단일로,승용차,중형,승용차,중형,1168308,1826124,129.3772959,36.41790413
2015,2015082307,35,주간,일,1,1,0,0,0,경기,남양주시,차대차,정면충돌,정면충돌,운전자법규위반,신호위반,교차로,교차로내,승용차,중형,이륜차,소형,973126,1969109,127.19506,37.72118153
2015,2015082419,35,야간,월,1,1,0,0,0,경남,창녕군,차량단독,공작물충돌,공작물충돌,운전자법규위반,안전운전 의무 불이행,단일로,기타단일로,원동기장치자전거,원동기장치자전거,0,0,1091464,1721367,128.5082826,35.48396268
2015,2015082600,2,야간,수,1,1,0,0,0,강원,속초시,차대사람,횡단중,횡단중,운전자법규위반,신호위반,교차로,교차로내,승용차,대형,보행자,보행자,1094003,2021602,128.5734392,38.18978636
2015,2015100205,30,야간,금,1,1,0,0,0,대전,중구,차대사람,기타,기타,운전자법규위반,안전운전 의무 불이행,단일로,횡단보도부근,화물차,중형,보행자,보행자,991929,1814126,127.4100794,36.32446434
2015,2015100209,30,주간,금,1,1,0,0,0,충남,공주시,차대차,측면직각충돌,측면직각충돌,운전자법규위반,안전운전 의무 불이행,교차로,교차로부근,승용차,소형,이륜차,소형,964625,1833521,127.1050001,36.49869647
2015,2015092806,0,주간,월,1,1,0,0,0,충북,옥천군,차량단독,도로이탈,도로이탈 추락,운전자법규위반,안전운전 의무 불이행,단일로,기타단일로,승합차,소형,0,0,1008106,1816617,127.5912461,36.34712544
2015,2015092822,20,야간,월,1,1,0,0,0,경기,용인시,차대사람,기타,기타,운전자법규위반,안전운전 의무 불이행,교차로,교차로부근,승용차,소형,보행자,보행자,965015,1920102,127.1053577,37.27918537
2015,2015100200,15,야간,금,1,1,0,0,0,경기,양평군,차대사람,기타,기타,운전자법규위반,안전운전 의무 불이행,단일로,기타단일로,화물차,중형,보행자,보행자,996488,1945066,127.4602645,37.50485779
2015,2015100118,55,야간,목,1,1,0,0,0,전남,순천시,차대사람,횡단중,횡단중,운전자법규위반,안전운전 의무 불이행,단일로,기타단일로,화물차,소형,보행자,보행자,1003214,1660911,127.5351969,34.94303105
2015,2015092707,35,주간,일,1,1,0,0,0,전남,무안군,차대사람,횡단중,횡단중,운전자법규위반,안전운전 의무 불이행,단일로,기타단일로,화물차,소형,보행자,보행자,909138,1649759,126.5062372,34.83841239
2015,2015100818,40,야간,목,1,1,0,0,0,대구,북구,차대사람,횡단중,횡단중,운전자법규위반,안전운전 의무 불이행,단일로,기타단일로,승용차,중형,보행자,보행자,1099573,1768492,128.6034983,35.90800206
2015,2015100902,13,야간,금,1,1,0,0,0,대구,수성구,차대차,추돌,주정차중 추돌,운전자법규위반,안전운전 의무 불이행,교차로,교차로부근,승용차,대형,이륜차,중형,1101691,1763063,128.6264548,35.85883073
2015,2015100907,45,주간,금,1,1,0,0,0,경기,고양시,차대사람,길가장자리구역통행중,길가장자리구역통행중,운전자법규위반,안전운전 의무 불이행,기타/불명,기타/불명,승용차,소형,보행자,보행자,930845,1962646,126.7159385,37.66071659
2015,2015100319,48,야간,토,1,1,0,0,0,경남,함양군,차량단독,전도전복,전도전복,운전자법규위반,안전운전 의무 불이행,단일로,기타단일로,이륜차,대형,0,0,1012901,1719200,127.6421935,35.46855216
2015,2015100412,10,주간,일,1,1,0,0,0,충북,청주시,차대사람,길가장자리구역통행중,길가장자리구역통행중,운전자법규위반,중앙선 침범,단일로,기타단일로,승용차,소형,보행자,보행자,1018635,1853193,127.708558,36.67651189
2015,2015100519,40,야간,월,1,1,0,0,0,전북,정읍시,차대사람,길가장자리구역통행중,길가장자리구역통행중,운전자법규위반,안전운전 의무 불이행,기타/불명,기타/불명,승용차,중형,보행자,보행자,956702,1730633,127.02217,35.57077646
2015,2015040906,48,주간,목,1,2,1,0,0,경기,여주시,차량단독,전도전복,전도전복,운전자법규위반,안전운전 의무 불이행,단일로,기타단일로,화물차,대형,0,0,1008115,1914705,127.591482,37.23115909
2015,2015033015,10,주간,월,1,2,0,1,0,경북,영주시,차대차,추돌,주정차중 추돌,운전자법규위반,과속,단일로,기타단일로,건설기계,건설기계,승용차,경형,1087654,1875830,128.4835417,36.87669169
2015,2015072507,35,주간,토,1,5,3,1,0,전남,구례군,차대차,추돌,진행중 추돌,운전자법규위반,안전운전 의무 불이행,단일로,터널안,승합차,중형,화물차,중형,992949,1694550,127.4224972,35.24634431
2015,2015071701,36,야간,금,1,1,0,0,0,충북,청주시,차대차,측면직각충돌,측면직각충돌,운전자법규위반,안전운전 의무 불이행,단일로,기타단일로,화물차,중형,승용차,소형,993131,1851115,127.4231424,36.65793668
2015,2015102108,50,주간,수,1,1,0,0,0,충남,당진시,차대차,추돌,진행중 추돌,운전자법규위반,안전운전 의무 불이행,단일로,교량위,승용차,경형,승용차,중형,939323,1882975,126.8185635,36.94321585
2015,2015102013,50,주간,화,1,1,0,0,0,대전,동구,차대차,추돌,주정차중 추돌,운전자법규위반,안전운전 의무 불이행,단일로,기타단일로,승용차,중형,화물차,대형,997751,1816510,127.4749366,36.34598834
2015,2015102918,40,야간,목,1,1,0,0,0,충북,단양군,차대사람,길가장자리구역통행중,길가장자리구역통행중,운전자법규위반,과속,단일로,기타단일로,승용차,중형,보행자,보행자,1070673,1889877,128.2943344,37.00473059
2015,2015102705,30,야간,화,1,1,0,0,0,대전,동구,차대사람,기타,기타,운전자법규위반,안전운전 의무 불이행,단일로,기타단일로,승용차,중형,보행자,보행자,994695,1809008,127.4409308,36.2783423
2015,2015091501,28,야간,화,1,7,1,5,0,충남,공주시,차대차,추돌,진행중 추돌,운전자법규위반,안전운전 의무 불이행,단일로,기타단일로,승용차,중형,화물차,중형,962376,1825657,127.0802704,36.42771671
2015,2015080618,40,야간,목,2,6,1,3,0,전북,완주군,차대차,추돌,진행중 추돌,운전자법규위반,과속,단일로,기타단일로,승용차,소형,승합차,중형,962644,1771646,127.0860743,35.94060097
2015,2015010221,25,야간,금,1,1,0,0,0,충북,청주시,차대사람,기타,기타,운전자법규위반,안전운전 의무 불이행,단일로,기타단일로,승합차,대형,보행자,보행자,1002539,1840711,127.5283746,36.56416583
2015,2015010105,30,야간,목,1,1,0,0,0,울산,남구,차대사람,횡단중,횡단중,운전자법규위반,안전운전 의무 불이행,교차로,교차로부근,승용차,경형,보행자,보행자,1159202,1728395,129.2561467,35.53875501
2015,2015010211,50,주간,금,1,4,1,1,1,경북,칠곡군,차대차,기타,기타,운전자법규위반,안전운전 의무 불이행,교차로,교차로내,승용차,소형,승용차,중형,1080026,1779167,128.3879752,36.00603163
2015,2015010405,15,야간,일,1,1,0,0,0,경북,칠곡군,차량단독,공작물충돌,공작물충돌,운전자법규위반,안전운전 의무 불이행,교차로,교차로부근,승용차,소형,0,0,1081846,1784215,128.4086552,36.05141789
2015,2015010413,20,주간,일,1,1,0,0,0,전남,영암군,차량단독,전도전복,전도전복,운전자법규위반,안전운전 의무 불이행,단일로,기타단일로,원동기장치자전거,원동기장치자전거,0,0,924567,1646039,126.6753024,34.80613152
2015,2015010809,46,주간,목,1,2,0,0,1,경기,안양시,차대사람,횡단중,횡단중,운전자법규위반,안전운전 의무 불이행,교차로,교차로내,승용차,중형,보행자,보행자,949065,1932890,126.9245647,37.393713
2015,2015011221,28,야간,월,1,1,0,0,0,경기,안양시,차대사람,횡단중,횡단중,운전자법규위반,안전운전 의무 불이행,단일로,기타단일로,승용차,대형,보행자,보행자,948143,1935451,126.9139692,37.41674501
2015,2015011309,40,주간,화,1,9,5,3,0,울산,남구,차대차,추돌,주정차중 추돌,운전자법규위반,안전운전 의무 불이행,교차로,교차로부근,화물차,대형,화물차,대형,1163261,1726216,129.3004628,35.51845723
2015,2015011308,40,주간,화,1,1,0,0,0,서울,관악구,차대차,추돌,주정차중 추돌,운전자법규위반,안전운전 의무 불이행,교차로,교차로부근,원동기장치자전거,원동기장치자전거,승합차,대형,950797,1942793,126.9434704,37.48306565
2015,2015011219,55,야간,월,1,1,0,0,0,충북,진천군,차대사람,기타,기타,운전자법규위반,안전운전 의무 불이행,단일로,기타단일로,화물차,소형,보행자,보행자,995120,1888154,127.4451597,36.99184414
2015,2015011004,11,야간,토,1,2,1,0,0,광주,남구,차량단독,공작물충돌,공작물충돌,운전자법규위반,안전운전 의무 불이행,단일로,기타단일로,화물차,소형,0,0,942826,1680029,126.8725813,35.11380706
2015,2015011019,0,야간,토,1,1,0,0,0,광주,서구,차대사람,차도통행중,차도통행중,운전자법규위반,안전운전 의무 불이행,단일로,기타단일로,승용차,중형,보행자,보행자,945503,1684552,126.9016585,35.1547383
2015,2015011318,50,야간,화,1,1,0,0,0,전남,순천시,차대사람,횡단중,횡단중,운전자법규위반,안전운전 의무 불이행,교차로,교차로내,화물차,중형,보행자,보행자,996310,1669319,127.4596134,35.01886996
2015,2015011419,23,야간,수,1,1,0,0,0,강원,평창군,차대사람,횡단중,횡단중,운전자법규위반,안전운전 의무 불이행,단일로,기타단일로,화물차,소형,보행자,보행자,1092517,1958858,128.5484184,37.62452157
2015,2015011317,59,주간,화,1,1,0,0,0,경기,군포시,차대사람,횡단중,횡단중,운전자법규위반,안전운전 의무 불이행,단일로,기타단일로,승합차,중형,보행자,보행자,950502,1930959,126.9409277,37.37638598
2015,2015011418,20,야간,수,1,1,0,0,0,전남,광양시,차대사람,횡단중,횡단중,운전자법규위반,보행자 보호의무 위반,단일로,횡단보도상,승용차,중형,보행자,보행자,1017269,1659908,127.6890937,34.93384442
2015,2015011916,40,주간,월,1,1,0,0,0,충남,논산시,차대차,추돌,주정차중 추돌,운전자법규위반,기타(운전자법규위반),단일로,기타단일로,화물차,소형,승용차,중형,963141,1800124,127.0900115,36.19756028
2015,2015011923,56,야간,월,1,1,0,0,0,서울,강북구,차대사람,횡단중,횡단중,운전자법규위반,안전운전 의무 불이행,교차로,교차로부근,승용차,중형,보행자,보행자,957733,1957897,127.0210497,37.61954561
2015,2015012106,53,주간,수,1,1,0,0,0,경기,연천군,차대사람,기타,기타,운전자법규위반,안전운전 의무 불이행,단일로,기타단일로,승용차,대형,보행자,보행자,949045,1999078,126.9197085,37.99025857
2015,2015011918,30,야간,월,1,1,0,0,0,충남,논산시,차대사람,횡단중,횡단중,운전자법규위반,중앙선 침범,교차로,교차로부근,승용차,대형,보행자,보행자,963674,1803621,127.0957779,36.22910728
2015,2015012518,10,야간,일,1,2,1,0,0,경북,성주군,차대차,추돌,진행중 추돌,운전자법규위반,안전운전 의무 불이행,단일로,교량위,화물차,소형,원동기장치자전거,원동기장치자전거,1080231,1765360,128.3888546,35.88154551
2015,2015012315,30,주간,금,1,1,0,0,0,충남,공주시,차량단독,공작물충돌,공작물충돌,운전자법규위반,안전운전 의무 불이행,단일로,기타단일로,화물차,소형,0,0,962125,1819819,127.0777552,36.37507672
2015,2015013103,0,야간,토,1,5,4,0,0,대전,중구,차대차,정면충돌,정면충돌,운전자법규위반,신호위반,교차로,교차로내,승용차,중형,승용차,중형,992549,1813970,127.4169885,36.32306293
2015,2015012902,52,야간,목,1,1,0,0,0,서울,구로구,차대차,추돌,주정차중 추돌,운전자법규위반,안전운전 의무 불이행,단일로,기타단일로,승용차,중형,화물차,대형,942102,1945202,126.8449381,37.50427401
2015,2015020315,20,주간,화,1,2,0,1,0,강원,강릉시,차대사람,기타,기타,운전자법규위반,안전운전 의무 불이행,교차로,교차로내,승용차,중형,보행자,보행자,1122594,1973762,128.8916832,37.75529716
2015,2015013016,40,주간,금,1,1,0,0,0,경남,창원시(통합),차대차,정면충돌,정면충돌,운전자법규위반,중앙선 침범,교차로,교차로내,승합차,대형,화물차,소형,1103509,1691444,128.6372546,35.21302041
2015,2015013010,30,주간,금,1,2,1,0,0,경북,문경시,차량단독,공작물충돌,공작물충돌,운전자법규위반,안전운전 의무 불이행,단일로,기타단일로,승용차,경형,0,0,1057012,1861467,128.1386644,36.7495696