발생년,발생년월일시,발생분,주야,요일,사망자수,사상자수,중상자수,경상자수,부상신고자수,발생지시도,발생지시군구,사고유형_대분류,사고유형_중분류,사고유형,법규위반_대분류,법규위반,도로형태_대분류,도로형태,당사자종별_1당_대분류,당사자종별_1당,당사자종별_2당_대분류,당사자종별_2당,발생위치X_UTMK,발생위치Y_UTMK,경도,위도
2015,2015101417,45,주간,수,1,1,0,0,0,전남,나주시,차량단독,전도전복,전도전복,운전자법규위반,안전운전 의무 불이행,단일로,기타단일로,이륜차,소형,0,0,923287,1664516,126.6596149,34.97263626
2015,2015091716,50,주간,목,1,1,0,0,0,전북,전주시,차대사람,보도통행중,보도통행중,운전자법규위반,보행자 보호의무 위반,교차로,교차로부근,화물차,소형,보행자,보행자,965394,1757438,127.1169376,35.8127979
2015,2015091711,5,주간,목,1,7,2,4,0,전남,영광군,차대차,측면직각충돌,측면직각충돌,운전자법규위반,직진 및 우회전차의 통행방해,교차로,교차로내,화물차,소형,승용차,중형,912054,1690170,126.5338488,35.20301958
2015,2015091519,50,야간,화,1,3,2,0,0,강원,평창군,차량단독,전도전복,전도전복,운전자법규위반,안전운전 의무 불이행,단일로,기타단일로,화물차,소형,0,0,1090558,1924480,128.5219948,37.31489293
2015,2015091804,0,야간,금,1,2,1,0,0,경북,칠곡군,차대차,추돌,진행중 추돌,운전자법규위반,부당한 회전,교차로,교차로내,화물차,중형,화물차,소형,1093166,1784861,128.5344289,36.05619188
2015,2015091810,20,주간,금,1,1,0,0,0,전남,장흥군,차대차,측면직각충돌,측면직각충돌,운전자법규위반,직진 및 우회전차의 통행방해,교차로,교차로내,이륜차,소형,화물차,소형,940521,1607544,126.8524172,34.46006351
2015,2015082219,10,야간,토,1,1,0,0,0,경남,함안군,차량단독,도로이탈,도로이탈 기타,운전자법규위반,안전운전 의무 불이행,단일로,기타단일로,승용차,중형,0,0,1078036,1700086,128.3582359,35.2932425
2015,2015082818,45,야간,금,1,1,0,0,0,경기,양평군,차량단독,공작물충돌,공작물충돌,운전자법규위반,안전운전 의무 불이행,단일로,기타단일로,화물차,소형,0,0,998922,1939292,127.4878117,37.45281875
2015,2015082209,30,주간,토,1,1,0,0,0,강원,영월군,차량단독,도로이탈,도로이탈 추락,운전자법규위반,안전운전 의무 불이행,단일로,기타단일로,화물차,중형,0,0,1116189,1904731,128.8081148,37.13406898
2015,2015082301,8,야간,일,1,2,0,1,0,경북,구미시,차대차,기타,기타,운전자법규위반,안전운전 의무 불이행,교차로,교차로부근,승용차,중형,화물차,대형,1076011,1790625,128.3445319,36.1096456
2015,2015082616,40,주간,수,1,1,0,0,0,전남,진도군,차량단독,전도전복,전도전복,운전자법규위반,안전운전 의무 불이행,단일로,기타단일로,이륜차,사발이,0,0,877029,1609056,126.1610483,34.46808002
2015,2015082300,50,야간,일,1,1,0,0,0,경기,안산시,차대사람,횡단중,횡단중,운전자법규위반,과속,교차로,교차로부근,승용차,중형,보행자,보행자,940578,1923626,126.829432,37.30970858
2015,2015082321,20,야간,일,1,1,0,0,0,대구,북구,차대사람,횡단중,횡단중,운전자법규위반,과속,교차로,교차로내,승용차,중형,보행자,보행자,1095658,1766442,128.5598715,35.88991308
2015,2015082814,7,주간,금,1,1,0,0,0,전북,전주시,차대사람,기타,기타,운전자법규위반,안전운전 의무 불이행,단일로,기타단일로,화물차,소형,보행자,보행자,962477,1756470,127.0846947,35.8039632
2015,2015082800,24,야간,금,1,1,0,0,0,경기,안양시,차대사람,횡단중,횡단중,운전자법규위반,안전운전 의무 불이행,단일로,기타단일로,원동기장치자전거,원동기장치자전거,보행자,보행자,947963,1933884,126.9120455,37.40261102
2015,2015100119,30,야간,목,1,2,0,0,1,제주,서귀포시,차량단독,기타,기타,운전자법규위반,안전운전 의무 불이행,단일로,기타단일로,화물차,소형,0,0,889562,1472426,126.3146289,33.23748271
2015,2015100215,0,주간,금,1,1,0,0,0,경북,포항시,차대차,측면직각충돌,측면직각충돌,운전자법규위반,안전운전 의무 불이행,단일로,기타단일로,승용차,소형,자전거,자전거,1168807,1781585,129.3732635,36.01648627
2015,2015092918,8,야간,화,1,1,0,0,0,충북,괴산군,차량단독,도로이탈,도로이탈 추락,운전자법규위반,안전운전 의무 불이행,단일로,기타단일로,농기계,농기계,0,0,1031918,1874726,127.8581175,36.87027011
2015,2015092701,25,야간,일,1,1,0,0,0,전북,군산시,차대사람,횡단중,횡단중,운전자법규위반,안전운전 의무 불이행,교차로,교차로부근,승용차,중형,보행자,보행자,908809,1755990,126.4908093,35.79611718
2015,2015083017,50,주간,일,1,6,2,3,0,충남,논산시,차대차,정면충돌,정면충돌,운전자법규위반,중앙선 침범,단일로,기타단일로,승용차,중형,승용차,중형,968468,1796836,127.1493956,36.1681056
2015,2015021019,0,야간,화,2,2,0,0,0,경남,창원시(통합),차량단독,공작물충돌,공작물충돌,운전자법규위반,안전운전 의무 불이행,단일로,기타단일로,승용차,중형,0,0,1099378,1689901,128.5916886,35.19952731
2015,2015021200,40,야간,목,1,1,0,0,0,경기,고양시,차대사람,기타,기타,운전자법규위반,안전운전 의무 불이행,단일로,횡단보도상,승용차,중형,보행자,보행자,934003,1964149,126.7516042,37.67449513
2015,2015020806,30,주간,일,1,1,0,0,0,서울,강남구,차대차,측면직각충돌,측면직각충돌,운전자법규위반,안전운전 의무 불이행,교차로,교차로내,승용차,중형,자전거,자전거,960188,1943356,127.0493881,37.48857013
2015,2015020822,40,야간,일,1,1,0,0,0,충북,충주시,차량단독,도로이탈,도로이탈 기타,운전자법규위반,안전운전 의무 불이행,단일로,기타단일로,승용차,소형,0,0,1031604,1885194,127.8550317,36.96464323
2015,2015020816,20,주간,일,1,1,0,0,0,울산,동구,차대사람,보도통행중,보도통행중,운전자법규위반,안전운전 의무 불이행,단일로,기타단일로,승합차,소형,보행자,보행자,1174540,1725441,129.4246216,35.50955289
2015,2015020720,30,야간,토,1,1,0,0,0,강원,양양군,차대사람,길가장자리구역통행중,길가장자리구역통행중,운전자법규위반,안전운전 의무 불이행,단일로,기타단일로,승용차,중형,보행자,보행자,1099416,2012755,128.6340054,38.10948562
2015,2015012708,40,주간,화,3,4,1,0,0,전남,순천시,차량단독,전도전복,전도전복,운전자법규위반,안전운전 의무 불이행,단일로,기타단일로,화물차,소형,0,0,1001103,1669539,127.5120905,35.02083827
2015,2015021918,50,야간,목,1,3,0,1,1,경북,경주시,차량단독,공작물충돌,공작물충돌,운전자법규위반,안전운전 의무 불이행,단일로,기타단일로,승용차,중형,0,0,1153276,1749186,129.1947552,35.72706901
2015,2015042123,40,야간,화,1,2,0,1,0,경남,김해시,차대차,추돌,진행중 추돌,운전자법규위반,안전운전 의무 불이행,단일로,기타단일로,화물차,대형,화물차,대형,1116138,1693381,128.776254,35.2290995
2015,2015032919,30,야간,일,1,7,0,1,5,인천,남구,차대차,추돌,진행중 추돌,운전자법규위반,안전운전 의무 불이행,단일로,기타단일로,승용차,중형,승용차,대형,926976,1941648,126.6741688,37.47116977
2015,2015070604,20,야간,월,1,2,1,0,0,대구,달성군,차대차,기타,기타,운전자법규위반,안전운전 의무 불이행,단일로,기타단일로,승용차,경형,승용차,소형,1084861,1741166,128.4375791,35.66304433
2015,2015121513,0,주간,화,1,2,0,1,0,경북,문경시,차대차,추돌,진행중 추돌,운전자법규위반,안전운전 의무 불이행,단일로,터널안,화물차,대형,화물차,대형,1056549,1851886,128.1327695,36.66323109
2015,2015090104,15,야간,화,1,1,0,0,0,경북,성주군,차대차,추돌,진행중 추돌,운전자법규위반,안전운전 의무 불이행,단일로,기타단일로,화물차,소형,화물차,대형,1067403,1769660,128.2471133,35.92127895
2015,2015073116,8,주간,금,1,1,0,0,0,경북,상주시,차대차,추돌,주정차중 추돌,운전자법규위반,안전운전 의무 불이행,단일로,기타단일로,화물차,중형,특수차,대형,1063984,1819264,128.2178483,36.36805063
2015,2015010305,0,야간,토,1,1,0,0,0,충북,증평군,차대사람,차도통행중,차도통행중,운전자법규위반,안전운전 의무 불이행,단일로,기타단일로,승용차,중형,보행자,보행자,1005624,1865351,127.563032,36.78628022
2015,2015122505,10,야간,금,1,3,0,2,0,경북,김천시,차대차,추돌,진행중 추돌,운전자법규위반,안전운전 의무 불이행,단일로,기타단일로,화물차,소형,화물차,중형,1045124,1800206,128.0019232,36.19794934
2015,2015010114,30,주간,목,1,1,0,0,0,전북,군산시,차량단독,전도전복,전도전복,운전자법규위반,안전운전 의무 불이행,기타/불명,기타/불명,농기계,농기계,0,0,934705,1776858,126.7756585,35.98631414
2015,2015010413,40,주간,일,1,1,0,0,0,충북,충주시,차대차,추돌,진행중 추돌,운전자법규위반,안전운전 의무 불이행,단일로,기타단일로,화물차,중형,자전거,자전거,1036936,1885760,127.914672,36.96951422
2015,2015010318,20,야간,토,1,1,0,0,0,충남,공주시,차대사람,차도통행중,차도통행중,운전자법규위반,안전운전 의무 불이행,단일로,기타단일로,화물차,소형,보행자,보행자,978471,1819501,127.2599934,36.37271496
2015,2015011119,20,야간,일,1,1,0,0,0,경기,안양시,차대사람,차도통행중,차도통행중,운전자법규위반,안전운전 의무 불이행,단일로,기타단일로,승합차,대형,보행자,보행자,951078,1932302,126.9473444,37.38852159
2015,2015011001,40,야간,토,1,1,0,0,0,경기,가평군,차량단독,공작물충돌,공작물충돌,운전자법규위반,안전운전 의무 불이행,단일로,기타단일로,승합차,소형,0,0,991338,1968779,127.4017154,37.71856053
2015,2015011107,30,주간,일,1,1,0,0,0,대전,유성구,차량단독,공작물충돌,공작물충돌,운전자법규위반,안전운전 의무 불이행,단일로,기타단일로,승합차,소형,0,0,989252,1823547,127.3801243,36.40937199
2015,2015010909,55,주간,금,1,1,0,0,0,인천,계양구,차대차,측면직각충돌,측면직각충돌,운전자법규위반,신호위반,교차로,교차로내,승합차,대형,원동기장치자전거,원동기장치자전거,928847,1947595,126.6947507,37.52491474
2015,2015011011,55,주간,토,1,1,0,0,0,경북,의성군,차대사람,횡단중,횡단중,운전자법규위반,안전운전 의무 불이행,교차로,교차로내,화물차,중형,보행자,보행자,1102454,1814485,128.6414054,36.32228469
2015,2015011001,17,야간,토,1,1,0,0,0,대구,수성구,차량단독,공작물충돌,공작물충돌,운전자법규위반,안전운전 의무 불이행,단일로,기타단일로,원동기장치자전거,원동기장치자전거,0,0,1102768,1758839,128.6376557,35.82065582
2015,2015012118,50,야간,수,1,2,1,0,0,충남,서산시,차대차,추돌,진행중 추돌,운전자법규위반,안전운전 의무 불이행,교차로,교차로부근,화물차,소형,화물차,대형,917450,1855071,126.5759712,36.69003893
2015,2015012106,25,주간,수,1,1,0,0,0,경남,창원시(통합),차대사람,기타,기타,운전자법규위반,안전운전 의무 불이행,교차로,교차로내,승합차,대형,보행자,보행자,1109501,1690715,128.7029793,35.20581214
2015,2015012004,0,야간,화,1,1,0,0,0,서울,강동구,차대사람,횡단중,횡단중,운전자법규위반,안전운전 의무 불이행,단일로,기타단일로,승용차,경형,보행자,보행자,968431,1948370,127.1426825,37.53410497
2015,2015012014,10,주간,화,1,2,0,1,0,충남,서산시,차대차,정면충돌,정면충돌,운전자법규위반,중앙선 침범,단일로,기타단일로,화물차,소형,화물차,소형,911591,1866839,126.5090339,36.79558247
2015,2015011901,10,야간,월,1,1,0,0,0,대구,서구,차대사람,기타,기타,운전자법규위반,안전운전 의무 불이행,단일로,횡단보도상,승용차,중형,보행자,보행자,1095276,1764026,128.5553507,35.8681711
2015,2015011717,0,주간,토,1,1,0,0,0,서울,금천구,차대사람,횡단중,횡단중,운전자법규위반,안전운전 의무 불이행,단일로,기타단일로,화물차,소형,보행자,보행자,945793,1939876,126.8870883,37.45649401
2015,2015012505,49,야간,일,1,1,0,0,0,전북,장수군,차량단독,공작물충돌,공작물충돌,운전자법규위반,안전운전 의무 불이행,기타/불명,기타/불명,승용차,경형,0,0,1002820,1730232,127.5311202,35.56810378
2015,2015012121,38,야간,수,1,2,1,0,0,전북,전주시,차대차,측면직각충돌,측면직각충돌,운전자법규위반,교차로 통행방법 위반,교차로,교차로내,승용차,소형,승용차,대형,965948,1758010,127.1230454,35.81797446
2015,2015012216,10,주간,목,1,1,0,0,0,경북,상주시,차대차,기타,기타,운전자법규위반,안전운전 의무 불이행,단일로,기타단일로,화물차,중형,자전거,자전거,1060688,1824861,128.1769538,36.41935934
2015,2015012220,10,야간,목,1,1,0,0,0,충북,보은군,차대차,추돌,주정차중 추돌,운전자법규위반,안전운전 의무 불이행,교차로,교차로부근,승용차,중형,화물차,대형,1021114,1826956,127.735583,36.43993288
2015,2015012223,50,야간,목,1,1,0,0,0,경남,창원시(통합),차대사람,횡단중,횡단중,운전자법규위반,안전운전 의무 불이행,단일로,기타단일로,승용차,경형,보행자,보행자,1097872,1689989,128.5751579,35.20046868
2015,2015012404,15,야간,토,1,1,0,0,0,대전,서구,차대사람,횡단중,횡단중,운전자법규위반,안전운전 의무 불이행,단일로,기타단일로,승용차,중형,보행자,보행자,990528,1815565,127.3944532,36.33742479
2015,2015013002,0,야간,금,1,1,0,0,0,부산,중구,차대사람,횡단중,횡단중,운전자법규위반,안전운전 의무 불이행,단일로,횡단보도상,승용차,중형,보행자,보행자,1139593,1679702,129.0316144,35.10280605
2015,2015012818,40,야간,수,1,1,0,0,0,광주,북구,차대차,기타,기타,운전자법규위반,안전운전 의무 불이행,단일로,기타단일로,이륜차,소형,화물차,소형,947159,1685743,126.9197632,35.16556565
2015,2015013117,50,주간,토,1,2,1,0,0,경북,경주시,차량단독,기타,기타,운전자법규위반,안전운전 의무 불이행,단일로,기타단일로,승용차,중형,0,0,1145251,1764055,129.1087555,35.86229564
2015,2015020103,51,야간,일,1,2,1,0,0,경북,경주시,차량단독,공작물충돌,공작물충돌,운전자법규위반,안전운전 의무 불이행,단일로,기타단일로,승용차,중형,0,0,1138941,1768308,129.0396329,35.90154273
2015,2015102513,52,주간,일,1,1,0,0,0,부산,동래구,차대차,추돌,진행중 추돌,운전자법규위반,안전운전 의무 불이행,단일로,기타단일로,자전거,자전거,승용차,중형,1142809,1691247,129.0688857,35.20641981
2015,2015103005,50,야간,금,1,1,0,0,0,경기,파주시,차대사람,길가장자리구역통행중,길가장자리구역통행중,운전자법규위반,안전운전 의무 불이행,단일로,기타단일로,승합차,대형,보행자,보행자,939156,1983760,126.8083904,37.85159767
2015,2015102406,45,주간,토,1,1,0,0,0,충북,청주시,차대사람,횡단중,횡단중,운전자법규위반,보행자 보호의무 위반,단일로,횡단보도상,승용차,중형,보행자,보행자,997520,1849290,127.472257,36.64150594
2015,2015102812,30,주간,수,1,1,0,0,0,경북,예천군,차량단독,공작물충돌,공작물충돌,운전자법규위반,안전운전 의무 불이행,교차로,교차로부근,화물차,소형,0,0,1084466,1856472,128.4456277,36.70249871
2015,2015102619,24,야간,월,1,1,0,0,0,경기,구리시,차대사람,횡단중,횡단중,운전자법규위반,안전운전 의무 불이행,단일로,기타단일로,화물차,소형,보행자,보행자,968483,1957427,127.1428815,37.6157409
2015,2015102501,30,야간,일,1,1,0,0,0,광주,광산구,차대사람,횡단중,횡단중,운전자법규위반,안전운전 의무 불이행,단일로,기타단일로,화물차,소형,보행자,보행자,937167,1685339,126.8100803,35.16134779
2015,2015112305,40,야간,월,1,2,0,1,0,경남,고성군,차대차,정면충돌,정면충돌,운전자법규위반,안전운전 의무 불이행,교차로,교차로부근,승용차,경형,건설기계,건설기계,1061734,1669310,128.1766584,35.01688759
2015,2015112317,22,주간,월,1,1,0,0,0,부산,진구,차대사람,횡단중,횡단중,운전자법규위반,안전운전 의무 불이행,단일로,횡단보도부근,승합차,경형,보행자,보행자,1139120,1685837,129.0274589,35.1581726
2015,2015102910,0,주간,목,1,1,0,0,0,인천,남동구,차대사람,차도통행중,차도통행중,운전자법규위반,안전운전 의무 불이행,교차로,교차로내,화물차,소형,보행자,보행자,929974,1940758,126.7081549,37.46338042
2015,2015102521,4,야간,일,1,1,0,0,0,서울,강북구,차대사람,횡단중,횡단중,운전자법규위반,안전운전 의무 불이행,단일로,기타단일로,승용차,대형,보행자,보행자,959360,1959289,127.0394081,37.63216535
2015,2015102406,30,주간,토,1,1,0,0,0,강원,태백시,차대차,측면직각충돌,측면직각충돌,운전자법규위반,신호위반,교차로,교차로내,건설기계,건설기계,원동기장치자전거,원동기장치자전거,1134760,1900896,129.0164449,37.09702018
2015,2015102908,10,주간,목,1,1,0,0,0,경기,부천시,차대사람,횡단중,횡단중,운전자법규위반,보행자 보호의무 위반,교차로,교차로부근,승합차,중형,보행자,보행자,939660,1943548,126.8174466,37.48921001
2015,2015110509,45,주간,목,1,1,0,0,0,서울,영등포구,차대사람,기타,기타,운전자법규위반,안전운전 의무 불이행,단일로,기타단일로,승용차,중형,보행자,보행자,946893,1948865,126.8988761,37.53757728
2015,2015110419,0,야간,수,1,1,0,0,0,경기,평택시,차대사람,횡단중,횡단중,운전자법규위반,안전운전 의무 불이행,교차로,교차로부근,승합차,중형,보행자,보행자,939948,1889919,126.8250296,37.00584803
2015,2015110519,11,야간,목,1,2,0,1,0,경북,청도군,차대차,추돌,진행중 추돌,운전자법규위반,안전운전 의무 불이행,단일로,기타단일로,화물차,소형,농기계,농기계,1111125,1743030,128.7279592,35.67723855
2015,2015110606,35,주간,금,1,1,0,0,0,인천,남구,차대사람,횡단중,횡단중,운전자법규위반,안전운전 의무 불이행,교차로,교차로부근,승용차,중형,보행자,보행자,927348,1938488,126.6786869,37.44271864
2015,2015103019,15,야간,금,1,1,0,0,0,강원,원주시,차대사람,횡단중,횡단중,운전자법규위반,안전운전 의무 불이행,단일로,기타단일로,승용차,중형,보행자,보행자,1039518,1931285,127.9463707,37.37980355
2015,2015103115,20,주간,토,1,1,0,0,0,대구,수성구,차대차,측면직각충돌,측면직각충돌,운전자법규위반,안전운전 의무 불이행,단일로,기타단일로,건설기계,건설기계,자전거,자전거,1104700,1762429,128.6595101,35.85281298
2015,2015103118,10,야간,토,1,1,0,0,0,충북,진천군,차대사람,횡단중,횡단중,운전자법규위반,신호위반,교차로,교차로내,승용차,소형,보행자,보행자,1000327,1873042,127.5115721,36.86920447
2015,2015110422,30,야간,수,1,1,0,0,0,경기,양주시,차대사람,횡단중,횡단중,운전자법규위반,안전운전 의무 불이행,단일로,기타단일로,승용차,중형,보행자,보행자,954090,1968949,126.9790745,37.7189829
2015,2015110313,15,주간,화,1,1,0,0,0,광주,서구,차대사람,차도통행중,차도통행중,운전자법규위반,안전운전 의무 불이행,단일로,기타단일로,화물차,대형,보행자,보행자,942535,1685369,126.8690167,35.1619396
2015,2015110922,15,야간,월,1,1,0,0,0,경북,경주시,차대사람,차도통행중,차도통행중,운전자법규위반,안전운전 의무 불이행,단일로,기타단일로,화물차,중형,보행자,보행자,1149711,1760146,129.1574015,35.82639468
2015,2015111000,50,야간,화,1,1,0,0,0,경북,경주시,차대사람,횡단중,횡단중,운전자법규위반,안전운전 의무 불이행,단일로,기타단일로,화물차,대형,보행자,보행자,1164668,1749626,129.3207505,35.72919455
2015,2015111001,28,야간,화,1,1,0,0,0,경기,구리시,차량단독,전도전복,전도전복,운전자법규위반,안전운전 의무 불이행,단일로,기타단일로,이륜차,중형,0,0,965983,1951449,127.1148323,37.56177011
2015,2015110911,48,주간,월,1,1,0,0,0,광주,광산구,차대사람,횡단중,횡단중,운전자법규위반,보행자 보호의무 위반,교차로,교차로내,승용차,중형,보행자,보행자,932768,1676089,126.7625338,35.07766035
2015,2015110917,43,주간,월,1,1,0,0,0,강원,속초시,차대사람,기타,기타,운전자법규위반,안전운전 의무 불이행,교차로,교차로내,화물차,소형,보행자,보행자,1094495,2021863,128.5790912,38.19208674
2015,2015110718,50,야간,토,1,1,0,0,0,서울,동대문구,차대사람,횡단중,횡단중,운전자법규위반,안전운전 의무 불이행,단일로,기타단일로,승용차,중형,보행자,보행자,960561,1954730,127.0532651,37.59112642
2015,2015110718,5,야간,토,1,2,0,1,0,전북,군산시,차대차,추돌,진행중 추돌,운전자법규위반,안전운전 의무 불이행,단일로,기타단일로,승용차,대형,승용차,중형,931912,1776446,126.7447125,35.98240883
2015,2015111015,50,주간,화,1,1,0,0,0,충남,아산시,차대차,측면직각충돌,측면직각충돌,운전자법규위반,안전운전 의무 불이행,교차로,교차로내,건설기계,건설기계,이륜차,중형,957926,1874180,127.0279663,36.86495033
2015,2015100917,31,주간,금,1,1,0,0,0,경남,남해군,차대사람,횡단중,횡단중,운전자법규위반,안전운전 의무 불이행,단일로,기타단일로,승용차,대형,보행자,보행자,1033354,1639086,127.864392,34.74568032
2015,2015100912,10,주간,금,1,1,0,0,0,경남,사천시,차대차,측면직각충돌,측면직각충돌,운전자법규위반,직진 및 우회전차의 통행방해,교차로,교차로내,승용차,소형,이륜차,소형,1054032,1676458,128.0927075,35.08178157
2015,2015101418,20,야간,수,1,1,0,0,0,경기,양주시,차대사람,기타,기타,운전자법규위반,안전운전 의무 불이행,교차로,교차로내,화물차,소형,보행자,보행자,955796,1977775,126.9978939,37.79861491
2015,2015101417,37,주간,수,1,1,0,0,0,인천,연수구,차대사람,기타,기타,운전자법규위반,안전운전 의무 불이행,단일로,기타단일로,화물차,소형,보행자,보행자,925860,1936888,126.6620279,37.42818008
2015,2015101109,30,주간,일,1,1,0,0,0,강원,태백시,차량단독,전도전복,전도전복,운전자법규위반,안전운전 의무 불이행,단일로,기타단일로,승용차,중형,0,0,1129763,1911758,128.9621143,37.19560625
2015,2015101400,26,야간,수,1,1,0,0,0,경기,여주시,차대사람,횡단중,횡단중,운전자법규위반,안전운전 의무 불이행,교차로,교차로부근,승용차,소형,보행자,보행자,1011917,1921150,127.6344458,37.28921351
2015,2015101413,20,주간,수,1,2,0,1,0,경기,파주시,차대차,측면직각충돌,측면직각충돌,운전자법규위반,안전운전 의무 불이행,교차로,교차로내,이륜차,소형,화물차,중형,930327,1978768,126.7085208,37.8059761
2015,2015101114,10,주간,일,1,1,0,0,0,세종,세종,차대차,측면직각충돌,측면직각충돌,운전자법규위반,안전운전 의무 불이행,교차로,교차로내,화물차,소형,이륜차,소형,983219,1840727,127.3124637,36.56416596
2015,2015101119,4,야간,일,1,2,0,1,0,강원,춘천시,차대차,정면충돌,정면충돌,운전자법규위반,중앙선 침범,단일로,기타단일로,승용차,경형,승합차,대형,1016836,1988530,127.6914908,37.89646537
2015,2015092016,15,주간,일,1,1,0,0,0,충남,보령시,차대차,기타,기타,운전자법규위반,안전운전 의무 불이행,교차로,교차로내,농기계,농기계,화물차,중형,920911,1818509,126.6184555,36.36076063
2015,2015092204,11,야간,화,1,1,0,0,0,서울,강남구,차대차,추돌,진행중 추돌,운전자법규위반,안전거리 미확보,단일로,기타단일로,특수차,대형,승용차,중형,964190,1944035,127.0948926,37.4948768
2015,2015092023,17,야간,일,1,1,0,0,0,대구,달서구,차대사람,횡단중,횡단중,운전자법규위반,안전운전 의무 불이행,단일로,횡단보도상,승용차,중형,보행자,보행자,1090557,1762973,128.5029671,35.85912635
2015,2015112118,20,야간,토,1,1,0,0,0,충남,당진시,차대차,측면직각충돌,측면직각충돌,운전자법규위반,중앙선 침범,단일로,기타단일로,화물차,대형,승용차,대형,936128,1883307,126.7826563,36.94599714
2015,2015122612,20,주간,토,1,2,0,1,0,경기,포천시,차량단독,전도전복,전도전복,운전자법규위반,안전운전 의무 불이행,단일로,기타단일로,승용차,경형,0,0,974966,1980433,127.2155475,37.82329846
2015,2015112005,25,야간,금,1,1,0,0,0,경기,성남시,차량단독,공작물충돌,공작물충돌,운전자법규위반,안전운전 의무 불이행,단일로,기타단일로,승용차,중형,0,0,967950,1936500,127.1377553,37.42709794
2015,2015112910,57,주간,일,1,1,0,0,0,전북,전주시,차대차,측면직각충돌,측면직각충돌,운전자법규위반,안전거리 미확보,단일로,기타단일로,원동기장치자전거,원동기장치자전거,화물차,소형,966535,1765744,127.1292189,35.88772422
2015,2015112510,35,주간,수,1,1,0,0,0,경북,영천시,차대차,정면충돌,정면충돌,운전자법규위반,중앙선 침범,단일로,기타단일로,승용차,경형,특수차,대형,1119285,1776993,128.8231818,35.98242089
2015,2015113008,50,주간,월,1,2,1,0,0,경기,포천시,차대차,정면충돌,정면충돌,운전자법규위반,중앙선 침범,단일로,기타단일로,승용차,경형,승용차,경형,983142,1993334,127.3081465,37.9397633
2015,2015112622,10,야간,목,1,1,0,0,0,인천,연수구,차대사람,횡단중,횡단중,운전자법규위반,과속,단일로,횡단보도상,승용차,중형,보행자,보행자,925026,1932328,126.6530653,37.38701442
2015,2015112713,35,주간,금,1,1,0,0,0,부산,동래구,차대차,측면직각충돌,측면직각충돌,운전자법규위반,중앙선 침범,단일로,기타단일로,원동기장치자전거,원동기장치자전거,승용차,중형,1142934,1691595,129.0703189,35.20953879
2015,2015112804,20,야간,토,1,2,0,1,0,강원,홍천군,차대차,정면충돌,정면충돌,운전자법규위반,중앙선 침범,단일로,기타단일로,승용차,경형,화물차,대형,1024078,1957395,127.7728273,37.61567745
2015,2015120118,35,야간,화,1,1,0,0,0,광주,광산구,차대차,정면충돌,정면충돌,운전자법규위반,신호위반,교차로,교차로내,화물차,소형,이륜차,소형,937837,1686484,126.8173503,35.17171341
2015,2015120318,40,야간,목,1,1,0,0,0,광주,서구,차대사람,횡단중,횡단중,운전자법규위반,중앙선 침범,단일로,기타단일로,승합차,중형,보행자,보행자,942564,1684704,126.8693814,35.15594518
2015,2015120410,47,주간,금,1,1,0,0,0,경북,영주시,차대차,추돌,주정차중 추돌,운전자법규위반,안전운전 의무 불이행,단일로,기타단일로,화물차,소형,화물차,소형,1100809,1867826,128.630064,36.80323917
2015,2015120518,3,야간,토,1,1,0,0,0,경북,칠곡군,차대사람,횡단중,횡단중,운전자법규위반,안전운전 의무 불이행,교차로,교차로내,화물차,소형,보행자,보행자,1094173,1790079,128.546231,36.1031316
2015,2015120222,25,야간,수,1,1,0,0,0,경기,용인시,차대사람,횡단중,횡단중,운전자법규위반,안전운전 의무 불이행,단일로,기타단일로,승용차,중형,보행자,보행자,974636,1917344,127.2139783,37.25463706
2015,2015120221,35,야간,수,1,2,1,0,0,경기,수원시,차대차,정면충돌,정면충돌,운전자법규위반,신호위반,교차로,교차로내,승용차,소형,승용차,중형,952478,1918174,126.9640643,37.26125117
2015,2015120219,58,야간,수,1,1,0,0,0,경남,고성군,차대사람,횡단중,횡단중,운전자법규위반,안전운전 의무 불이행,단일로,기타단일로,승용차,경형,보행자,보행자,1079034,1673859,128.3666973,35.05669774
2015,2015120214,10,주간,수,1,1,0,0,0,대전,서구,차대사람,횡단중,횡단중,운전자법규위반,보행자 보호의무 위반,단일로,기타단일로,화물차,소형,보행자,보행자,987057,1811341,127.3558459,36.29930317
2015,2015120306,30,주간,목,1,1,0,0,0,충북,단양군,차대사람,차도통행중,차도통행중,운전자법규위반,안전운전 의무 불이행,단일로,기타단일로,승용차,중형,보행자,보행자,1070566,1896679,128.2937698,37.06604852
2015,2015120600,41,야간,일,1,1,0,0,0,경남,김해시,차대사람,횡단중,횡단중,운전자법규위반,안전운전 의무 불이행,단일로,기타단일로,승용차,경형,보행자,보행자,1124597,1695538,128.869515,35.24752812
2015,2015120911,35,주간,수,1,1,0,0,0,충북,음성군,차대차,정면충돌,정면충돌,운전자법규위반,과속,단일로,기타단일로,화물차,소형,이륜차,소형,1016852,1882749,127.6578766,36.88101479
2015,2015111706,30,주간,화,1,1,0,0,0,전남,여수시,차대사람,횡단중,횡단중,운전자법규위반,안전운전 의무 불이행,단일로,기타단일로,승용차,대형,보행자,보행자,1018236,1641516,127.6992819,34.76797562