발생년,발생년월일시,발생분,주야,요일,사망자수,사상자수,중상자수,경상자수,부상신고자수,발생지시도,발생지시군구,사고유형_대분류,사고유형_중분류,사고유형,법규위반_대분류,법규위반,도로형태_대분류,도로형태,당사자종별_1당_대분류,당사자종별_1당,당사자종별_2당_대분류,당사자종별_2당,발생위치X_UTMK,발생위치Y_UTMK,경도,위도
2015,2015111117,35,주간,수,1,1,0,0,0,부산,강서구,차대사람,횡단중,횡단중,운전자법규위반,보행자 보호의무 위반,단일로,기타단일로,화물차,소형,보행자,보행자,1132226,1692236,128.9528154,35.2167854
2015,2015111400,6,야간,토,1,1,0,0,0,광주,광산구,차대사람,횡단중,횡단중,운전자법규위반,과속,단일로,기타단일로,승용차,소형,보행자,보행자,936679,1687099,126.8045872,35.17718624
2015,2015111702,20,야간,화,1,1,0,0,0,대전,대덕구,차대사람,기타,기타,운전자법규위반,안전운전 의무 불이행,단일로,기타단일로,화물차,대형,보행자,보행자,993341,1817965,127.4261268,36.35911261
2015,2015121915,37,주간,토,1,1,0,0,0,제주,서귀포시,차대차,기타,기타,운전자법규위반,안전운전 의무 불이행,교차로,교차로내,승용차,대형,건설기계,건설기계,896886,1480772,126.3922766,33.31347359
2015,2015122009,30,주간,일,1,4,2,1,0,강원,정선군,차대차,추돌,진행중 추돌,운전자법규위반,중앙선 침범,단일로,기타단일로,건설기계,건설기계,화물차,소형,1116952,1945212,128.8230826,37.4987704
2015,2015121812,55,주간,금,1,1,0,0,0,경북,의성군,차대차,추돌,진행중 추돌,운전자법규위반,안전운전 의무 불이행,단일로,기타단일로,화물차,소형,이륜차,소형,1096953,1809966,128.5795691,36.28212042
2015,2015121801,20,야간,금,2,3,1,0,0,충북,음성군,차대차,추돌,주정차중 추돌,운전자법규위반,안전운전 의무 불이행,단일로,기타단일로,승합차,소형,이륜차,소형,1016343,1883473,127.6835572,36.9495182
2015,2015121812,50,주간,금,1,1,0,0,0,경남,사천시,차대차,정면충돌,정면충돌,운전자법규위반,안전운전 의무 불이행,단일로,기타단일로,농기계,농기계,이륜차,소형,1050452,1673914,128.0532833,35.05902812
2015,2015122408,30,주간,목,1,1,0,0,0,경남,거창군,차량단독,전도전복,전도전복,운전자법규위반,안전운전 의무 불이행,단일로,기타단일로,승용차,중형,0,0,1040553,1749712,127.9484982,35.74291249
2015,2015122405,5,야간,목,1,1,0,0,0,서울,동대문구,차대사람,횡단중,횡단중,운전자법규위반,안전운전 의무 불이행,단일로,횡단보도부근,화물차,중형,보행자,보행자,959154,1954389,127.0373471,37.58799152
2015,2015122104,50,야간,월,1,1,0,0,0,강원,강릉시,차량단독,전도전복,전도전복,운전자법규위반,안전운전 의무 불이행,단일로,기타단일로,승용차,소형,0,0,1124927,1968948,128.9173327,37.71160473
2015,2015122623,37,야간,토,1,1,0,0,0,전남,순천시,차대사람,기타,기타,운전자법규위반,과속,단일로,기타단일로,승합차,경형,보행자,보행자,1001500,1661915,127.5164285,34.95208863
2015,2015123005,15,야간,수,1,1,0,0,0,서울,강동구,차대사람,횡단중,횡단중,운전자법규위반,안전운전 의무 불이행,단일로,횡단보도상,화물차,소형,보행자,보행자,967496,1948595,127.1320899,37.53610049
2015,2015122903,20,야간,화,1,1,0,0,0,대구,달서구,차량단독,기타,기타,운전자법규위반,안전운전 의무 불이행,단일로,기타단일로,이륜차,소형,0,0,1095533,1762895,128.5580614,35.85795054
2015,2015122421,35,야간,목,1,1,0,0,0,경기,용인시,차대사람,횡단중,횡단중,운전자법규위반,안전운전 의무 불이행,교차로,교차로내,건설기계,건설기계,보행자,보행자,975343,1920211,127.2218558,37.28049895
2015,2015122720,45,야간,일,1,1,0,0,0,전북,남원시,차대차,측면직각충돌,측면직각충돌,운전자법규위반,안전운전 의무 불이행,단일로,기타단일로,승용차,경형,자전거,자전거,989320,1711969,127.3823809,35.40337824
2015,2015122413,41,주간,목,1,1,0,0,0,서울,용산구,차량단독,공작물충돌,공작물충돌,운전자법규위반,안전운전 의무 불이행,지하도로내,지하도로내,이륜차,대형,0,0,955179,1946840,126.9927862,37.51976559
2015,2015122806,20,주간,월,1,1,0,0,0,강원,고성군,차대사람,횡단중,횡단중,운전자법규위반,신호위반,교차로,교차로내,화물차,소형,보행자,보행자,1090821,2034211,128.5387248,38.30373309
2015,2015122910,20,주간,화,1,1,0,0,0,경북,김천시,차대사람,횡단중,횡단중,운전자법규위반,안전운전 의무 불이행,단일로,기타단일로,승용차,경형,보행자,보행자,1067899,1797686,128.2550195,36.17390153
2015,2015112019,10,야간,금,1,1,0,0,0,부산,기장군,차대사람,횡단중,횡단중,운전자법규위반,안전운전 의무 불이행,교차로,교차로내,승용차,중형,보행자,보행자,1159761,1700740,129.2568903,35.28942274
2015,2015112210,45,주간,일,1,1,0,0,0,대구,북구,차대사람,횡단중,횡단중,운전자법규위반,안전운전 의무 불이행,단일로,기타단일로,승용차,경형,보행자,보행자,1101267,1768104,128.6222191,35.90433051
2015,2015111918,0,야간,목,1,1,0,0,0,경북,성주군,차대차,추돌,진행중 추돌,운전자법규위반,안전운전 의무 불이행,기타/불명,기타/불명,승용차,중형,농기계,농기계,1072630,1769367,128.305019,35.91826302
2015,2015112017,58,주간,금,1,1,0,0,0,강원,춘천시,차대사람,횡단중,횡단중,운전자법규위반,안전운전 의무 불이행,단일로,기타단일로,승용차,중형,보행자,보행자,1008709,1981507,127.5989707,37.83328049
2015,2015082815,0,주간,금,1,1,0,0,0,경기,평택시,차대사람,횡단중,횡단중,운전자법규위반,안전운전 의무 불이행,단일로,횡단보도부근,승용차,중형,보행자,보행자,960646,1895553,127.057255,37.057497
2015,2015092806,50,주간,월,1,3,0,2,0,경북,구미시,차대차,정면충돌,정면충돌,운전자법규위반,중앙선 침범,교차로,교차로부근,승용차,중형,승합차,대형,1076695,1791889,128.352254,36.12098646
2015,2015082812,0,주간,금,1,1,0,0,0,충남,천안시,차량단독,전도전복,전도전복,운전자법규위반,안전운전 의무 불이행,단일로,기타단일로,농기계,농기계,0,0,978060,1863630,127.2541539,36.77052849
2015,2015082602,30,야간,수,1,1,0,0,0,경북,영천시,차량단독,공작물충돌,공작물충돌,운전자법규위반,안전운전 의무 불이행,단일로,기타단일로,승용차,중형,0,0,1126934,1788434,128.9098436,36.08457485
2015,2015082522,20,야간,화,1,1,0,0,0,대구,달서구,차대사람,기타,기타,운전자법규위반,안전운전 의무 불이행,교차로,교차로부근,승용차,대형,보행자,보행자,1093574,1757240,128.5357053,35.8071614
2015,2015082212,5,주간,토,1,1,0,0,0,경기,김포시,차대사람,횡단중,횡단중,운전자법규위반,안전운전 의무 불이행,교차로,교차로내,화물차,소형,보행자,보행자,920895,1965697,126.6028088,37.68740935
2015,2015082302,20,야간,일,1,1,0,0,0,서울,송파구,차대사람,횡단중,횡단중,운전자법규위반,안전운전 의무 불이행,단일로,기타단일로,승용차,중형,보행자,보행자,964919,1944574,127.1031136,37.49976305
2015,2015082619,36,야간,수,1,1,0,0,0,전북,진안군,차대사람,길가장자리구역통행중,길가장자리구역통행중,운전자법규위반,안전운전 의무 불이행,단일로,기타단일로,승합차,소형,보행자,보행자,1004374,1763416,127.5484501,35.8672972
2015,2015082711,25,주간,목,1,5,1,1,2,경기,김포시,차대차,추돌,진행중 추돌,운전자법규위반,안전거리 미확보,단일로,기타단일로,승용차,중형,승용차,소형,930954,1959995,126.7174249,37.6368324
2015,2015100120,45,야간,목,1,1,0,0,0,충북,음성군,차대사람,기타,기타,운전자법규위반,안전운전 의무 불이행,단일로,기타단일로,승용차,중형,보행자,보행자,1001808,1882128,127.5203035,36.93753379
2015,2015092809,53,주간,월,1,1,0,0,0,경남,진주시,차대차,추돌,주정차중 추돌,운전자법규위반,안전운전 의무 불이행,교차로,교차로부근,화물차,소형,승용차,소형,1052291,1690113,128.0744748,35.20499746
2015,2015092610,35,주간,토,1,1,0,0,0,경남,김해시,차대사람,횡단중,횡단중,운전자법규위반,안전운전 의무 불이행,단일로,기타단일로,화물차,소형,보행자,보행자,1123092,1693924,128.8527352,35.23316467
2015,2015100420,53,야간,일,1,1,0,0,0,서울,용산구,차대사람,횡단중,횡단중,운전자법규위반,안전운전 의무 불이행,단일로,기타단일로,승용차,중형,보행자,보행자,953123,1950395,126.9692935,37.55170539
2015,2015100603,25,야간,화,1,1,0,0,0,전남,무안군,차대차,추돌,진행중 추돌,운전자법규위반,안전운전 의무 불이행,단일로,기타단일로,승용차,대형,화물차,대형,903094,1649848,126.4401331,34.83865687
2015,2015090422,20,야간,금,1,1,0,0,0,충남,홍성군,차대차,추돌,주정차중 추돌,운전자법규위반,안전운전 의무 불이행,교차로,교차로부근,이륜차,소형,화물차,소형,925057,1844491,126.6621456,36.59530109
2015,2015090201,30,야간,수,1,2,1,0,0,대구,동구,차량단독,공작물충돌,공작물충돌,운전자법규위반,안전운전 의무 불이행,단일로,기타단일로,승용차,중형,0,0,1101733,1765990,128.6271121,35.8852258
2015,2015083008,30,주간,일,1,5,1,3,0,경기,남양주시,차대차,추돌,진행중 추돌,운전자법규위반,중앙선 침범,단일로,기타단일로,승용차,중형,승합차,중형,968939,1962532,127.1478312,37.66176924
2015,2015083010,45,주간,일,1,2,1,0,0,경기,광주시,차대차,추돌,주정차중 추돌,운전자법규위반,안전운전 의무 불이행,단일로,기타단일로,이륜차,대형,화물차,소형,979873,1940931,127.2723926,37.46737368
2015,2015090317,25,주간,목,1,1,0,0,0,경남,하동군,차대차,정면충돌,정면충돌,운전자법규위반,안전운전 의무 불이행,단일로,기타단일로,승용차,중형,이륜차,소형,1025518,1677701,127.7799648,35.09411532
2015,2015083020,50,야간,일,1,1,0,0,0,대구,달서구,차대차,추돌,주정차중 추돌,운전자법규위반,신호위반,교차로,교차로내,이륜차,소형,승용차,대형,1094738,1757368,128.548602,35.80820361
2015,2015083107,30,주간,월,1,1,0,0,0,전남,진도군,차대차,추돌,주정차중 추돌,운전자법규위반,안전운전 의무 불이행,교차로,교차로부근,이륜차,소형,승합차,대형,889832,1613650,126.2998301,34.51094798
2015,2015090716,53,주간,월,1,1,0,0,0,대구,달서구,차대사람,횡단중,횡단중,운전자법규위반,안전운전 의무 불이행,교차로,교차로내,화물차,소형,보행자,보행자,1094878,1757176,128.5501286,35.80645926
2015,2015090815,0,주간,화,1,1,0,0,0,경남,합천군,차대차,추돌,주정차중 추돌,운전자법규위반,안전운전 의무 불이행,단일로,기타단일로,이륜차,소형,화물차,소형,1074349,1737275,128.3210906,35.62881306
2015,2015091013,40,주간,목,1,1,0,0,0,경기,안성시,차대차,측면직각충돌,측면직각충돌,운전자법규위반,안전거리 미확보,단일로,기타단일로,자전거,자전거,승용차,대형,977662,1890487,127.2489024,37.01262184
2015,2015091110,40,주간,금,1,1,0,0,0,경남,산청군,차대사람,길가장자리구역통행중,길가장자리구역통행중,운전자법규위반,안전운전 의무 불이행,단일로,기타단일로,화물차,소형,보행자,보행자,1031184,1706421,127.8432157,35.35292257
2015,2015091610,55,주간,수,1,1,0,0,0,경기,고양시,차대차,기타,기타,운전자법규위반,신호위반,교차로,교차로내,이륜차,사발이,승용차,중형,937276,1964812,126.7886597,37.68070022
2015,2015091223,20,야간,토,1,1,0,0,0,경남,밀양시,차량단독,공작물충돌,공작물충돌,운전자법규위반,안전운전 의무 불이행,단일로,기타단일로,승용차,중형,0,0,1135110,1733076,128.9912586,35.58452443
2015,2015091816,44,주간,금,1,1,0,0,0,전남,신안군,차량단독,전도전복,전도전복,운전자법규위반,안전운전 의무 불이행,단일로,기타단일로,화물차,중형,0,0,866949,1652599,126.044474,34.85937039
2015,2015091212,20,주간,토,1,1,0,0,0,경기,안산시,차대차,기타,기타,운전자법규위반,중앙선 침범,단일로,기타단일로,원동기장치자전거,원동기장치자전거,승용차,대형,917858,1918040,126.5736841,37.25763257
2015,2015091314,50,주간,일,2,2,0,0,0,경남,합천군,차대사람,길가장자리구역통행중,길가장자리구역통행중,운전자법규위반,안전운전 의무 불이행,단일로,기타단일로,승용차,소형,보행자,보행자,1060267,1735209,128.1654289,35.61114578
2015,2015082519,15,야간,화,1,1,0,0,0,경남,진주시,차대사람,기타,기타,운전자법규위반,안전운전 의무 불이행,교차로,교차로부근,승합차,소형,보행자,보행자,1058956,1691125,128.1477658,35.21375269
2015,2015082310,35,주간,일,1,1,0,0,0,전북,부안군,차량단독,전도전복,전도전복,운전자법규위반,과속,단일로,기타단일로,이륜차,중형,0,0,929521,1748291,126.7206799,35.72841253
2015,2015082710,30,주간,목,1,1,0,0,0,제주,서귀포시,차대사람,기타,기타,운전자법규위반,안전운전 의무 불이행,교차로,교차로부근,건설기계,건설기계,보행자,보행자,945412,1495160,126.912671,33.44679815
2015,2015082321,10,야간,일,1,2,1,0,0,전남,영암군,차량단독,도로이탈,도로이탈 추락,운전자법규위반,안전운전 의무 불이행,단일로,기타단일로,승용차,대형,0,0,911010,1638138,126.5279389,34.73379769
2015,2015082409,40,주간,월,1,1,0,0,0,경북,경주시,차대사람,기타,기타,운전자법규위반,안전운전 의무 불이행,교차로,교차로내,화물차,소형,보행자,보행자,1154580,1762362,129.2117125,35.84561034
2015,2015093021,20,야간,수,1,3,0,1,1,경북,경산시,차대차,추돌,진행중 추돌,운전자법규위반,과속,단일로,기타단일로,화물차,소형,농기계,농기계,1114277,1762230,128.7655208,35.84994901
2015,2015092707,30,주간,일,1,1,0,0,0,충남,아산시,차량단독,전도전복,전도전복,운전자법규위반,안전운전 의무 불이행,단일로,기타단일로,원동기장치자전거,원동기장치자전거,0,0,941165,1864048,126.840716,36.77272389
2015,2015100221,40,야간,금,1,1,0,0,0,경북,칠곡군,차대차,기타,기타,운전자법규위반,과속,단일로,기타단일로,승용차,중형,원동기장치자전거,원동기장치자전거,1078734,1775470,128.3732732,35.97280878
2015,2015100213,30,주간,금,1,1,0,0,0,경남,김해시,차대차,측면직각충돌,측면직각충돌,운전자법규위반,안전운전 의무 불이행,교차로,교차로내,화물차,소형,원동기장치자전거,원동기장치자전거,1133437,1694692,128.9665156,35.23876375
2015,2015092505,47,야간,금,1,1,0,0,0,울산,남구,차대사람,기타,기타,운전자법규위반,신호위반,교차로,교차로부근,승합차,대형,보행자,보행자,1160429,1729969,129.2699877,35.55274256
2015,2015100110,40,주간,목,2,4,2,0,0,경남,진주시,차대차,정면충돌,정면충돌,운전자법규위반,중앙선 침범,단일로,기타단일로,승합차,중형,화물차,소형,1069038,1687835,128.2582558,35.18344557
2015,2015100220,15,야간,금,1,1,0,0,0,제주,제주시,차대사람,기타,기타,운전자법규위반,안전운전 의무 불이행,기타/불명,기타/불명,승용차,중형,보행자,보행자,922449,1505472,126.664732,33.53838277
2015,2015092519,40,야간,금,1,1,0,0,0,충북,청주시,차대사람,횡단중,횡단중,운전자법규위반,안전운전 의무 불이행,단일로,횡단보도부근,화물차,소형,보행자,보행자,999511,1847303,127.494531,36.62359627
2015,2015013123,10,야간,토,1,1,0,0,0,서울,금천구,차대사람,횡단중,횡단중,운전자법규위반,안전운전 의무 불이행,단일로,기타단일로,승용차,소형,보행자,보행자,947245,1941891,126.9033607,37.47473967
2015,2015020605,40,야간,금,1,1,0,0,0,전남,해남군,차량단독,도로이탈,도로이탈 기타,운전자법규위반,안전운전 의무 불이행,단일로,기타단일로,화물차,소형,0,0,893761,1623675,126.3413721,34.60174889
2015,2015020608,5,주간,금,1,1,0,0,0,경북,경산시,차대사람,길가장자리구역통행중,길가장자리구역통행중,운전자법규위반,안전운전 의무 불이행,단일로,기타단일로,승용차,소형,보행자,보행자,1113182,1759244,128.7529738,35.82316022
2015,2015020409,35,주간,수,1,1,0,0,0,경북,상주시,차대차,측면직각충돌,측면직각충돌,운전자법규위반,안전운전 의무 불이행,교차로,교차로내,화물차,소형,농기계,농기계,1058503,1830404,128.1530009,36.46946343
2015,2015020517,55,주간,목,1,2,1,0,0,전남,강진군,차대차,정면충돌,정면충돌,운전자법규위반,중앙선 침범,단일로,기타단일로,승용차,중형,승용차,대형,935479,1627999,126.7959735,34.64421183
2015,2015021020,34,야간,화,1,1,0,0,0,경북,구미시,차대사람,기타,기타,운전자법규위반,보행자 보호의무 위반,단일로,기타단일로,승용차,중형,보행자,보행자,1071997,1794466,128.3002892,36.14457778
2015,2015021201,54,야간,목,1,2,1,0,0,경기,광주시,차대차,추돌,진행중 추돌,운전자법규위반,안전운전 의무 불이행,단일로,기타단일로,승용차,경형,화물차,소형,972623,1935635,127.1906031,37.41945118
2015,2015020908,30,주간,월,1,1,0,0,0,충남,서천군,차대사람,기타,기타,운전자법규위반,보행자 보호의무 위반,단일로,횡단보도상,승용차,중형,보행자,보행자,916482,1795721,126.5715288,36.15496687
2015,2015020918,20,야간,월,1,2,1,0,0,제주,서귀포시,차대사람,횡단중,횡단중,운전자법규위반,보행자 보호의무 위반,단일로,횡단보도상,화물차,소형,보행자,보행자,914475,1474262,126.5818218,33.2563021
2015,2015020907,5,주간,월,1,1,0,0,0,서울,은평구,차대사람,횡단중,횡단중,운전자법규위반,안전운전 의무 불이행,교차로,교차로내,승용차,중형,보행자,보행자,948120,1954302,126.9123792,37.58665136
2015,2015020912,34,주간,월,1,3,0,2,0,경기,화성시,차대차,정면충돌,정면충돌,운전자법규위반,중앙선 침범,단일로,기타단일로,승용차,소형,화물차,소형,930930,1911319,126.7217064,37.19811604
2015,2015020909,23,주간,월,1,1,0,0,0,부산,연제구,차대사람,횡단중,횡단중,운전자법규위반,안전운전 의무 불이행,교차로,교차로부근,승용차,중형,보행자,보행자,1144197,1688507,129.0836495,35.18152376
2015,2015021016,10,주간,화,1,1,0,0,0,충북,보은군,차대차,정면충돌,정면충돌,운전자법규위반,중앙선 침범,단일로,기타단일로,원동기장치자전거,원동기장치자전거,화물차,중형,1021936,1824900,127.7446964,36.42137916
2015,2015020916,30,주간,월,1,4,3,0,0,경기,성남시,차대차,추돌,진행중 추돌,운전자법규위반,안전운전 의무 불이행,단일로,터널안,승용차,중형,승용차,소형,964499,1936180,127.0987666,37.42408764
2015,2015031403,25,야간,토,1,1,0,0,0,경남,김해시,차대차,기타,기타,운전자법규위반,안전운전 의무 불이행,단일로,기타단일로,승용차,중형,화물차,대형,1132170,1703279,128.9539779,35.31633589
2015,2015011113,30,주간,일,1,1,0,0,0,경북,고령군,차량단독,공작물충돌,공작물충돌,운전자법규위반,안전운전 의무 불이행,단일로,기타단일로,화물차,소형,0,0,1078770,1751886,128.3713418,35.76019383
2015,2015031723,26,야간,화,1,1,0,0,0,경남,고성군,차대사람,기타,기타,운전자법규위반,안전운전 의무 불이행,단일로,기타단일로,승용차,중형,보행자,보행자,1075574,1669936,128.3284009,35.0215914
2015,2015033105,10,야간,화,2,4,1,1,0,경기,하남시,차대차,측면직각충돌,측면직각충돌,운전자법규위반,안전운전 의무 불이행,단일로,기타단일로,화물차,중형,승용차,대형,973697,1948070,127.2022963,37.53156622
2015,2015061911,50,주간,금,1,1,0,0,0,경기,성남시,차량단독,공작물충돌,공작물충돌,운전자법규위반,안전운전 의무 불이행,단일로,기타단일로,건설기계,건설기계,0,0,962442,1933014,127.0756799,37.39546953
2015,2015072918,20,야간,수,1,1,0,0,0,전남,나주시,차대사람,횡단중,횡단중,운전자법규위반,안전운전 의무 불이행,단일로,기타단일로,승용차,중형,보행자,보행자,921499,1676078,126.638937,35.07674657
2015,2015062023,57,야간,토,1,3,1,1,0,경기,하남시,차대차,기타,기타,운전자법규위반,안전운전 의무 불이행,단일로,기타단일로,승용차,대형,승용차,중형,968965,1945772,127.1488363,37.51070612
2015,2015121513,50,주간,화,1,2,0,1,0,인천,부평구,차대차,추돌,진행중 추돌,운전자법규위반,안전운전 의무 불이행,단일로,기타단일로,화물차,소형,화물차,대형,934078,1941252,126.7545145,37.46813466
2015,2015102910,45,주간,목,1,1,0,0,0,경기,안성시,차대차,추돌,주정차중 추돌,운전자법규위반,안전운전 의무 불이행,단일로,기타단일로,승용차,경형,승합차,대형,967004,1897896,127.1287746,37.0790939
2015,2015082218,50,야간,토,1,5,4,0,0,경남,함양군,차대차,정면충돌,정면충돌,운전자법규위반,중앙선 침범,단일로,기타단일로,승용차,중형,승용차,중형,1012797,1726031,127.641155,35.53014637
2015,2015090314,30,주간,목,1,2,0,0,1,부산,강서구,차대차,추돌,진행중 추돌,운전자법규위반,안전운전 의무 불이행,단일로,기타단일로,화물차,중형,화물차,중형,1134162,1691746,128.9740008,35.21211138
2015,2015010221,54,야간,금,1,1,0,0,0,경기,용인시,차대사람,차도통행중,차도통행중,운전자법규위반,안전운전 의무 불이행,단일로,기타단일로,승용차,대형,보행자,보행자,980827,1914922,127.283854,37.23295323
2015,2015010503,39,야간,월,1,1,0,0,0,서울,구로구,차량단독,전도전복,전도전복,운전자법규위반,안전운전 의무 불이행,단일로,기타단일로,원동기장치자전거,원동기장치자전거,0,0,941717,1943013,126.8407559,37.48452015
2015,2015010418,55,야간,일,1,3,2,0,0,충남,서산시,차대차,추돌,진행중 추돌,운전자법규위반,안전운전 의무 불이행,단일로,기타단일로,화물차,소형,승용차,소형,912883,1852734,126.5251226,36.66856646
2015,2015010922,3,야간,금,1,1,0,0,0,인천,계양구,차대사람,횡단중,횡단중,운전자법규위반,안전운전 의무 불이행,단일로,기타단일로,승용차,중형,보행자,보행자,931081,1949665,126.7198367,37.54374086
2015,2015010920,40,야간,금,1,1,0,0,0,서울,중구,차대사람,횡단중,횡단중,운전자법규위반,안전운전 의무 불이행,교차로,교차로내,승용차,중형,보행자,보행자,955475,1951772,126.9958365,37.56423329
2015,2015012104,0,야간,수,1,1,0,0,0,경기,이천시,차량단독,전도전복,전도전복,운전자법규위반,안전운전 의무 불이행,교차로,교차로내,승용차,소형,0,0,999337,1919570,127.4925215,37.27504751
2015,2015012007,47,주간,화,1,4,2,1,0,경기,평택시,차대차,정면충돌,정면충돌,운전자법규위반,중앙선 침범,단일로,기타단일로,승용차,중형,승용차,중형,962830,1901402,127.0816418,37.11054086
2015,2015011804,10,야간,일,1,1,0,0,0,부산,동구,차대사람,기타,기타,운전자법규위반,안전운전 의무 불이행,단일로,기타단일로,승용차,중형,보행자,보행자,1141743,1683219,129.0557993,35.13420777
2015,2015011711,2,주간,토,1,1,0,0,0,서울,구로구,차대사람,차도통행중,차도통행중,운전자법규위반,안전운전 의무 불이행,단일로,기타단일로,승합차,대형,보행자,보행자,943638,1944333,126.8623821,37.49653671
2015,2015012413,0,주간,토,1,3,2,0,0,충남,금산군,차대차,측면직각충돌,측면직각충돌,운전자법규위반,안전운전 의무 불이행,교차로,교차로내,승용차,중형,이륜차,대형,988893,1802984,127.3764133,36.22398331
2015,2015012307,50,주간,금,1,2,0,1,0,대구,달서구,차대차,기타,기타,운전자법규위반,안전운전 의무 불이행,단일로,기타단일로,화물차,중형,화물차,중형,1095812,1759573,128.5607521,35.82797669
2015,2015020109,12,주간,일,1,1,0,0,0,서울,노원구,차대사람,횡단중,횡단중,운전자법규위반,안전운전 의무 불이행,교차로,교차로내,승용차,중형,보행자,보행자,962170,1959878,127.0712238,37.63759415
2015,2015020118,28,야간,일,1,2,0,1,0,인천,남동구,차대사람,횡단중,횡단중,운전자법규위반,안전운전 의무 불이행,단일로,기타단일로,화물차,소형,보행자,보행자,931503,1939129,126.7255946,37.44881298
2015,2015020121,20,야간,일,1,1,0,0,0,충남,천안시,차대사람,횡단중,횡단중,운전자법규위반,안전운전 의무 불이행,단일로,기타단일로,승용차,중형,보행자,보행자,967223,1867637,127.1325506,36.80633696
2015,2015020713,30,주간,토,1,1,0,0,0,서울,종로구,차대사람,길가장자리구역통행중,길가장자리구역통행중,운전자법규위반,안전운전 의무 불이행,단일로,기타단일로,승용차,중형,보행자,보행자,955710,1954189,126.9983512,37.58602954
2015,2015020707,5,주간,토,1,1,0,0,0,대전,대덕구,차대차,기타,기타,운전자법규위반,안전운전 의무 불이행,단일로,기타단일로,화물차,소형,자전거,자전거,993361,1820528,127.4259386,36.38242627
2015,2015020406,35,주간,수,1,1,0,0,0,전남,목포시,차대사람,기타,기타,운전자법규위반,안전운전 의무 불이행,단일로,기타단일로,승용차,중형,보행자,보행자,897854,1647446,126.3831248,34.81648769
2015,2015112318,0,야간,월,1,1,0,0,0,전남,고흥군,차대차,추돌,진행중 추돌,운전자법규위반,안전운전 의무 불이행,단일로,기타단일로,화물차,소형,농기계,농기계,978098,1631906,127.2609062,34.68124267
2015,2015111823,0,야간,수,1,3,2,0,0,전남,완도군,차량단독,공작물충돌,공작물충돌,운전자법규위반,안전운전 의무 불이행,단일로,기타단일로,승용차,중형,0,0,953031,1590686,126.989539,34.3086838
2015,2015112121,15,야간,토,1,1,0,0,0,충남,보령시,차대사람,기타,기타,운전자법규위반,안전운전 의무 불이행,단일로,기타단일로,승용차,경형,보행자,보행자,914920,1817081,126.5518425,36.34737708
2015,2015112309,17,주간,월,1,1,0,0,0,제주,제주시,차대사람,횡단중,횡단중,운전자법규위반,안전운전 의무 불이행,단일로,기타단일로,화물차,소형,보행자,보행자,913746,1498143,126.571712,33.47161881
2015,2015111905,5,야간,목,1,1,0,0,0,경남,거제시,차량단독,전도전복,전도전복,운전자법규위반,안전운전 의무 불이행,단일로,기타단일로,승용차,경형,0,0,1109066,1668146,128.6952271,35.0023929
2015,2015102319,50,야간,금,1,1,0,0,0,서울,관악구,차대사람,횡단중,횡단중,운전자법규위반,보행자 보호의무 위반,단일로,횡단보도상,승용차,경형,보행자,보행자,952040,1943687,126.9567389,37.49059155
2015,2015102413,0,주간,토,1,1,0,0,0,경북,경주시,차대차,정면충돌,정면충돌,운전자법규위반,중앙선 침범,단일로,기타단일로,건설기계,건설기계,화물차,소형,1156940,1785864,129.2424809,36.05703174
2015,2015103018,47,야간,금,1,1,0,0,0,대구,달성군,차대사람,횡단중,횡단중,운전자법규위반,안전운전 의무 불이행,교차로,교차로내,승용차,대형,보행자,보행자,1082342,1750157,128.4106727,35.74431389
2015,2015103021,26,야간,금,1,1,0,0,0,서울,마포구,차대차,측면직각충돌,측면직각충돌,운전자법규위반,안전운전 의무 불이행,단일로,기타단일로,승용차,중형,이륜차,대형,951505,1951003,126.9509362,37.55710165
2015,2015110300,45,야간,화,1,1,0,0,0,경기,김포시,차량단독,공작물충돌,공작물충돌,운전자법규위반,안전운전 의무 불이행,단일로,기타단일로,승용차,중형,0,0,923674,1960226,126.6348967,37.63833815
2015,2015102922,4,야간,목,1,1,0,0,0,경북,경주시,차대사람,기타,기타,운전자법규위반,안전운전 의무 불이행,단일로,기타단일로,승용차,소형,보행자,보행자,1154137,1763077,129.2069471,35.8521238
2015,2015110209,10,주간,월,1,1,0,0,0,전남,영암군,차대차,기타,기타,운전자법규위반,안전운전 의무 불이행,단일로,기타단일로,화물차,중형,이륜차,소형,923793,1644271,126.6670015,34.79013221
2015,2015103015,32,주간,금,1,1,0,0,0,울산,북구,차대차,측면직각충돌,측면직각충돌,운전자법규위반,신호위반,교차로,교차로내,승용차,중형,이륜차,중형,1168629,1732118,129.3608631,35.57074725
2015,2015110303,30,야간,화,1,1,0,0,0,경기,고양시,차량단독,공작물충돌,공작물충돌,운전자법규위반,안전운전 의무 불이행,단일로,기타단일로,승용차,중형,0,0,943390,1967183,126.8578089,37.7024674
2015,2015110218,30,야간,월,1,2,0,1,0,경북,구미시,차대차,추돌,진행중 추돌,운전자법규위반,안전운전 의무 불이행,단일로,기타단일로,화물차,소형,농기계,농기계,1076431,1804671,128.3505653,36.23623294