발생년,발생년월일시,발생분,주야,요일,사망자수,사상자수,중상자수,경상자수,부상신고자수,발생지시도,발생지시군구,사고유형_대분류,사고유형_중분류,사고유형,법규위반_대분류,법규위반,도로형태_대분류,도로형태,당사자종별_1당_대분류,당사자종별_1당,당사자종별_2당_대분류,당사자종별_2당,발생위치X_UTMK,발생위치Y_UTMK,경도,위도
2015,2015063004,0,야간,화,1,1,0,0,0,경북,영천시,차대차,추돌,진행중 추돌,운전자법규위반,안전운전 의무 불이행,단일로,기타단일로,승용차,중형,특수차,대형,1132131,1785094,128.9669903,36.05377897
2015,2015060120,45,야간,월,1,2,1,0,0,경북,김천시,차대차,추돌,진행중 추돌,운전자법규위반,안전운전 의무 불이행,단일로,기타단일로,화물차,대형,화물차,대형,1044948,1801235,128.0000246,36.20723427
2015,2015062500,20,야간,목,1,2,0,1,0,경북,김천시,차대차,추돌,진행중 추돌,운전자법규위반,안전운전 의무 불이행,단일로,기타단일로,화물차,대형,화물차,대형,1068476,1798850,128.2615366,36.18435421
2015,2015120218,30,야간,수,1,1,0,0,0,경남,사천시,차대차,기타,기타,운전자법규위반,안전운전 의무 불이행,단일로,기타단일로,승용차,중형,승용차,중형,1050088,1677067,128.0494822,35.0874766
2015,2015123013,24,주간,수,1,5,2,2,0,전남,담양군,차대차,기타,기타,운전자법규위반,안전거리 미확보,단일로,기타단일로,승용차,경형,승용차,경형,952039,1692043,126.9729807,35.22261611
2015,2015123014,15,주간,수,2,2,0,0,0,충북,음성군,차량단독,기타,기타,운전자법규위반,안전운전 의무 불이행,단일로,기타단일로,화물차,소형,0,0,1013700,1889732,127.653986,37.00598169
2015,2015122903,0,야간,화,1,1,0,0,0,경남,밀양시,차대차,추돌,진행중 추돌,운전자법규위반,안전거리 미확보,단일로,교량위,승용차,중형,화물차,대형,1115596,1720737,128.7741671,35.47576791
2015,2015082410,52,주간,월,1,1,0,0,0,부산,기장군,차량단독,공작물충돌,공작물충돌,운전자법규위반,안전운전 의무 불이행,단일로,기타단일로,화물차,경형,0,0,1158752,1710638,129.247719,35.37879148
2015,2015081222,25,야간,수,1,1,0,0,0,전북,김제시,차대차,추돌,진행중 추돌,운전자법규위반,안전운전 의무 불이행,단일로,기타단일로,승용차,소형,화물차,중형,940224,1759245,126.8384405,35.82787711
2015,2015110400,15,야간,수,1,3,1,1,0,경기,의왕시,차대차,추돌,진행중 추돌,운전자법규위반,안전운전 의무 불이행,단일로,기타단일로,승합차,중형,화물차,소형,956451,1932361,127.0080358,37.38932147
2015,2015010906,0,주간,금,1,1,0,0,0,충북,청주시,차대사람,기타,기타,운전자법규위반,안전운전 의무 불이행,단일로,기타단일로,화물차,소형,보행자,보행자,996672,1849493,127.4627699,36.6433334
2015,2015010716,50,주간,수,1,8,7,0,0,경기,고양시,차대차,측면직각충돌,측면직각충돌,운전자법규위반,교차로 통행방법 위반,교차로,교차로내,화물차,대형,승용차,중형,943330,1958735,126.8577847,37.62632316
2015,2015010706,25,주간,수,1,1,0,0,0,전남,광양시,차대사람,횡단중,횡단중,운전자법규위반,안전운전 의무 불이행,교차로,교차로내,승용차,중형,보행자,보행자,1009688,1663361,127.6061229,34.96508269
2015,2015012005,35,야간,화,2,4,1,1,0,대구,달서구,차량단독,공작물충돌,공작물충돌,운전자법규위반,안전운전 의무 불이행,단일로,기타단일로,승용차,중형,0,0,1096130,1762183,128.5645866,35.85147374
2015,2015011922,40,야간,월,1,1,0,0,0,경기,남양주시,차대사람,기타,기타,운전자법규위반,안전운전 의무 불이행,단일로,기타단일로,승합차,중형,보행자,보행자,969770,1964622,127.1571662,37.68063467
2015,2015012119,56,야간,수,1,1,0,0,0,충남,홍성군,차대사람,횡단중,횡단중,운전자법규위반,안전운전 의무 불이행,단일로,기타단일로,화물차,중형,보행자,보행자,914887,1836773,126.5493122,36.52487871
2015,2015012502,19,야간,일,1,2,1,0,0,부산,남구,차대사람,횡단중,횡단중,운전자법규위반,과속,단일로,횡단보도상,이륜차,대형,보행자,보행자,1145376,1683437,129.0957006,35.13565435
2015,2015012517,20,주간,일,1,6,4,1,0,충북,청주시,차대차,측면직각충돌,측면직각충돌,운전자법규위반,안전운전 의무 불이행,단일로,기타단일로,승용차,중형,승용차,중형,1004893,1841077,127.5546841,36.56745619
2015,2015012206,20,주간,목,1,1,0,0,0,경기,용인시,차대사람,횡단중,횡단중,운전자법규위반,신호위반,교차로,교차로내,승용차,중형,보행자,보행자,977359,1925034,127.2444501,37.32402414
2015,2015012302,30,야간,금,1,1,0,0,0,대전,중구,차대사람,차도통행중,차도통행중,운전자법규위반,안전운전 의무 불이행,교차로,교차로내,승용차,중형,보행자,보행자,990888,1813939,127.3984837,36.32276917
2015,2015012613,25,주간,월,1,1,0,0,0,충북,충주시,차대사람,횡단중,횡단중,운전자법규위반,과속,단일로,기타단일로,승용차,중형,보행자,보행자,1034735,1884820,127.8892342,36.96118537
2015,2015012723,30,야간,화,1,1,0,0,0,충남,천안시,차대사람,기타,기타,운전자법규위반,안전운전 의무 불이행,단일로,기타단일로,승합차,대형,보행자,보행자,972833,1874351,127.195201,36.86703834
2015,2015021103,52,야간,수,1,1,0,0,0,인천,연수구,차대사람,기타,기타,운전자법규위반,안전운전 의무 불이행,단일로,기타단일로,승합차,소형,보행자,보행자,926432,1936317,126.6685492,37.4230794
2015,2015021108,40,주간,수,1,2,1,0,0,경기,포천시,차대차,측면직각충돌,측면직각충돌,운전자법규위반,신호위반,교차로,교차로내,승용차,소형,승용차,중형,982461,1993530,127.3003916,37.94151694
2015,2015021023,50,야간,화,2,3,1,0,0,경북,경주시,차량단독,공작물충돌,공작물충돌,운전자법규위반,안전운전 의무 불이행,단일로,기타단일로,승용차,소형,0,0,1152455,1779253,129.19143,35.99816706
2015,2015020823,0,야간,일,1,3,0,2,0,충남,아산시,차대차,측면직각충돌,측면직각충돌,운전자법규위반,신호위반,교차로,교차로내,승용차,경형,승용차,중형,956908,1865194,127.0170549,36.78390125
2015,2015020903,50,야간,월,1,1,0,0,0,충북,청주시,차량단독,공작물충돌,공작물충돌,운전자법규위반,안전운전 의무 불이행,단일로,기타단일로,승용차,중형,0,0,1000760,1844492,127.5084971,36.59825487
2015,2015021500,19,야간,일,1,2,1,0,0,서울,도봉구,차대사람,횡단중,횡단중,운전자법규위반,안전운전 의무 불이행,단일로,횡단보도상,이륜차,소형,보행자,보행자,958948,1961091,127.0346376,37.64838873
2015,2015021518,48,야간,일,1,1,0,0,0,경기,포천시,차대차,기타,기타,운전자법규위반,안전운전 의무 불이행,교차로,교차로부근,화물차,대형,자전거,자전거,970359,1979094,127.1632554,37.81109198
2015,2015021420,30,야간,토,1,1,0,0,0,충북,단양군,차량단독,전도전복,전도전복,운전자법규위반,안전운전 의무 불이행,단일로,기타단일로,승용차,중형,0,0,1075018,1886267,128.3428066,36.9718551
2015,2015021404,25,야간,토,1,1,0,0,0,경남,함양군,차대사람,차도통행중,차도통행중,운전자법규위반,안전운전 의무 불이행,단일로,기타단일로,화물차,소형,보행자,보행자,1026599,1719606,127.7931835,35.47194062
2015,2015102621,55,야간,월,1,1,0,0,0,경기,부천시,차대차,측면직각충돌,측면직각충돌,운전자법규위반,신호위반,교차로,교차로내,이륜차,중형,승용차,중형,935390,1945943,126.7689383,37.51050707
2015,2015103113,20,주간,토,1,1,0,0,0,충북,단양군,차대사람,횡단중,횡단중,운전자법규위반,안전운전 의무 불이행,단일로,기타단일로,승용차,중형,보행자,보행자,1076919,1880656,128.3635905,36.92112692
2015,2015110417,30,주간,수,1,1,0,0,0,경남,창녕군,차대차,추돌,진행중 추돌,운전자법규위반,안전운전 의무 불이행,단일로,기타단일로,화물차,중형,농기계,농기계,1092143,1717705,128.5153516,35.4508858
2015,2015110407,3,주간,수,1,2,1,0,0,전북,고창군,차대차,측면직각충돌,측면직각충돌,운전자법규위반,신호위반,교차로,교차로내,화물차,소형,승합차,중형,926725,1716454,126.6926524,35.44117653
2015,2015110110,55,주간,일,1,1,0,0,0,충남,서산시,차대사람,횡단중,횡단중,운전자법규위반,과속,교차로,교차로부근,승용차,중형,보행자,보행자,917752,1854550,126.5794073,36.68536896
2015,2015110703,30,야간,토,1,1,0,0,0,충남,천안시,차대사람,횡단중,횡단중,운전자법규위반,안전운전 의무 불이행,단일로,기타단일로,승용차,중형,보행자,보행자,967422,1868588,127.1347407,36.81491666
2015,2015111012,54,주간,화,1,1,0,0,0,전남,장흥군,차대차,추돌,진행중 추돌,운전자법규위반,안전운전 의무 불이행,단일로,기타단일로,승용차,소형,농기계,농기계,943865,1611878,126.8885383,34.49933366
2015,2015101712,17,주간,토,1,1,0,0,0,강원,고성군,차량단독,공작물충돌,공작물충돌,운전자법규위반,안전운전 의무 불이행,교차로,교차로부근,이륜차,중형,0,0,1090465,2034743,128.5347219,38.3085629
2015,2015101407,4,주간,수,1,2,1,0,0,강원,춘천시,차대차,정면충돌,정면충돌,운전자법규위반,중앙선 침범,단일로,기타단일로,승용차,소형,승합차,소형,1018061,1994120,127.705564,37.94682434
2015,2015101115,5,주간,일,1,1,0,0,0,전남,나주시,차대사람,횡단중,횡단중,운전자법규위반,보행자 보호의무 위반,단일로,횡단보도상,승용차,대형,보행자,보행자,918441,1670946,126.6059025,35.03023235
2015,2015101013,20,주간,토,1,4,3,0,0,전남,해남군,차대차,정면충돌,정면충돌,운전자법규위반,중앙선 침범,단일로,기타단일로,화물차,중형,승합차,소형,899186,1634936,126.3991849,34.70382875
2015,2015100921,13,야간,금,1,1,0,0,0,경기,하남시,차대차,측면직각충돌,측면직각충돌,운전자법규위반,신호위반,교차로,교차로내,승용차,중형,이륜차,중형,975027,1948098,127.2173485,37.53185558
2015,2015091913,0,주간,토,1,1,0,0,0,경기,광명시,차대차,추돌,주정차중 추돌,운전자법규위반,중앙선 침범,단일로,기타단일로,승용차,중형,이륜차,중형,944580,1940133,126.8733545,37.45873847
2015,2015092410,40,주간,목,1,1,0,0,0,전남,나주시,차대사람,횡단중,횡단중,운전자법규위반,보행자 보호의무 위반,교차로,교차로내,건설기계,건설기계,보행자,보행자,934148,1669635,126.7781821,35.01955799
2015,2015092013,40,주간,일,1,2,0,1,0,충북,청주시,차대차,기타,기타,운전자법규위반,앞지르기 금지위반,교차로,교차로내,이륜차,소형,자전거,자전거,999150,1847689,127.4904931,36.6270758
2015,2015102613,40,주간,월,1,1,0,0,0,경남,고성군,차대차,추돌,주정차중 추돌,운전자법규위반,안전운전 의무 불이행,단일로,기타단일로,원동기장치자전거,원동기장치자전거,화물차,소형,1076806,1665554,128.3414995,34.98198833
2015,2015102704,55,야간,화,1,1,0,0,0,서울,관악구,차대사람,횡단중,횡단중,운전자법규위반,안전운전 의무 불이행,교차로,교차로부근,승용차,중형,보행자,보행자,951957,1943630,126.9565359,37.49067084
2015,2015102909,56,주간,목,1,1,0,0,0,인천,남동구,차대차,기타,기타,운전자법규위반,안전운전 의무 불이행,단일로,기타단일로,승합차,소형,승합차,중형,931468,1939890,126.7158785,37.44936724
2015,2015102813,50,주간,수,1,2,1,0,0,충남,공주시,차대차,추돌,진행중 추돌,운전자법규위반,안전운전 의무 불이행,단일로,기타단일로,승용차,중형,승합차,경형,957519,1814740,127.0266845,36.32909649
2015,2015102405,40,야간,토,1,2,1,0,0,서울,강서구,차량단독,공작물충돌,공작물충돌,운전자법규위반,안전운전 의무 불이행,단일로,기타단일로,이륜차,중형,0,0,943562,1948285,126.8612188,37.53215177
2015,2015102318,30,야간,금,1,2,0,1,0,경북,청도군,차대차,추돌,진행중 추돌,운전자법규위반,안전운전 의무 불이행,단일로,기타단일로,승용차,중형,농기계,농기계,1109103,1740331,128.7052543,35.65313435
2015,2015102523,55,야간,일,1,1,0,0,0,경기,양평군,차대사람,기타,기타,운전자법규위반,안전운전 의무 불이행,단일로,기타단일로,승용차,중형,보행자,보행자,1013861,1946364,127.6568506,37.51646005
2015,2015102519,5,야간,일,1,1,0,0,0,경기,화성시,차대사람,기타,기타,운전자법규위반,안전운전 의무 불이행,교차로,교차로내,승용차,중형,보행자,보행자,947864,1904526,126.912985,37.1379859
2015,2015110101,40,야간,일,1,1,0,0,0,서울,구로구,차대사람,횡단중,횡단중,운전자법규위반,보행자 보호의무 위반,단일로,횡단보도상,승용차,중형,보행자,보행자,946286,1944601,126.8923175,37.49911012
2015,2015110909,15,주간,월,1,1,0,0,0,경기,안양시,차대사람,횡단중,횡단중,운전자법규위반,안전운전 의무 불이행,교차로,교차로부근,이륜차,소형,보행자,보행자,948177,1933153,126.9145146,37.39603426
2015,2015111011,20,주간,화,1,1,0,0,0,전남,순천시,차대사람,횡단중,횡단중,운전자법규위반,안전운전 의무 불이행,단일로,기타단일로,승용차,중형,보행자,보행자,998921,1662835,127.4881813,34.96038527
2015,2015110713,20,주간,토,1,1,0,0,0,경기,시흥시,차대사람,횡단중,횡단중,운전자법규위반,안전운전 의무 불이행,단일로,횡단보도부근,승용차,경형,보행자,보행자,939578,1935697,126.8171627,37.41844284
2015,2015102214,14,주간,목,1,1,0,0,0,경기,평택시,차량단독,전도전복,전도전복,운전자법규위반,안전운전 의무 불이행,교차로,교차로내,화물차,소형,0,0,959426,1902775,127.0432556,37.12277567
2015,2015102218,25,야간,목,1,1,0,0,0,제주,제주시,차대사람,횡단중,횡단중,운전자법규위반,안전운전 의무 불이행,교차로,교차로부근,화물차,소형,보행자,보행자,877833,1485527,126.1869957,33.35435872
2015,2015102002,52,야간,화,1,1,0,0,0,충북,청주시,차대사람,기타,기타,운전자법규위반,안전운전 의무 불이행,단일로,기타단일로,화물차,소형,보행자,보행자,997328,1846594,127.4701186,36.61720101
2015,2015101613,25,주간,금,1,3,1,1,0,전남,무안군,차대차,추돌,진행중 추돌,운전자법규위반,안전운전 의무 불이행,단일로,기타단일로,승용차,소형,원동기장치자전거,원동기장치자전거,909363,1653122,126.508334,34.8687543
2015,2015101310,30,주간,화,1,2,1,0,0,충남,서산시,차대차,측면직각충돌,측면직각충돌,운전자법규위반,안전운전 의무 불이행,단일로,기타단일로,이륜차,소형,승용차,중형,913715,1857945,126.5338443,36.71561224
2015,2015101012,50,주간,토,1,2,1,0,0,경기,평택시,차대차,기타,기타,운전자법규위반,중앙선 침범,단일로,기타단일로,승용차,중형,승용차,경형,962589,1902589,127.0788701,37.12123089
2015,2015101013,26,주간,토,1,1,0,0,0,서울,구로구,차대차,기타,기타,운전자법규위반,기타(운전자법규위반),교차로,교차로부근,승용차,중형,승용차,중형,943201,1944943,126.8573915,37.50200791
2015,2015101011,10,주간,토,1,1,0,0,0,경북,경산시,차대사람,길가장자리구역통행중,길가장자리구역통행중,운전자법규위반,안전운전 의무 불이행,단일로,기타단일로,승용차,경형,보행자,보행자,1112415,1760171,128.7446151,35.83160447
2015,2015092407,50,주간,목,1,1,0,0,0,경북,포항시,차량단독,공작물충돌,공작물충돌,운전자법규위반,안전운전 의무 불이행,단일로,기타단일로,승용차,소형,0,0,1166295,1787989,129.3467485,36.07462598
2015,2015092208,22,주간,화,1,1,0,0,0,충남,논산시,차대차,추돌,진행중 추돌,운전자법규위반,안전운전 의무 불이행,교차로,교차로부근,승용차,소형,자전거,자전거,962986,1801345,127.0882298,36.20856217
2015,2015092000,40,야간,일,1,2,1,0,0,대구,달성군,차대차,추돌,진행중 추돌,운전자법규위반,과속,단일로,기타단일로,승용차,소형,화물차,중형,1084170,1763128,128.4322528,35.86109333
2015,2015102823,45,야간,수,1,1,0,0,0,강원,원주시,차량단독,공작물충돌,공작물충돌,운전자법규위반,안전운전 의무 불이행,교차로,교차로내,승용차,중형,0,0,1031825,1931590,127.8594902,37.38284876
2015,2015102909,40,주간,목,1,3,0,2,0,전남,영광군,차대차,측면직각충돌,측면직각충돌,운전자법규위반,중앙선 침범,단일로,기타단일로,승용차,중형,승용차,대형,910614,1698303,126.5171471,35.27621747
2015,2015102812,35,주간,수,1,3,0,2,0,경기,용인시,차대차,정면충돌,정면충돌,운전자법규위반,중앙선 침범,단일로,기타단일로,원동기장치자전거,원동기장치자전거,화물차,중형,964914,1918209,127.1043077,37.26211844
2015,2015102402,44,야간,토,1,1,0,0,0,경북,울진군,차대사람,기타,기타,운전자법규위반,안전운전 의무 불이행,단일로,기타단일로,승용차,대형,보행자,보행자,1170224,1896681,129.4143817,37.0532727
2015,2015102318,10,야간,금,1,1,0,0,0,울산,울주군,차대차,측면직각충돌,측면직각충돌,운전자법규위반,안전운전 의무 불이행,교차로,교차로내,자전거,자전거,승합차,소형,1153361,1746233,129.1951308,35.70044211
2015,2015120519,0,야간,토,1,1,0,0,0,전남,순천시,차대사람,기타,기타,운전자법규위반,안전운전 의무 불이행,단일로,기타단일로,승용차,중형,보행자,보행자,998767,1664236,127.4864924,34.9730186
2015,2015111318,25,야간,금,1,1,0,0,0,경남,사천시,차대사람,횡단중,횡단중,운전자법규위반,안전운전 의무 불이행,교차로,교차로내,승용차,경형,보행자,보행자,1052782,1661968,128.0780759,34.95119212
2015,2015111209,10,주간,목,1,1,0,0,0,경기,평택시,차량단독,도로이탈,도로이탈 기타,운전자법규위반,안전운전 의무 불이행,기타/불명,기타/불명,승용차,소형,0,0,959165,1901589,127.0403823,37.11207376
2015,2015111213,50,주간,목,1,1,0,0,0,강원,횡성군,차대차,측면직각충돌,측면직각충돌,운전자법규위반,신호위반,교차로,교차로내,원동기장치자전거,원동기장치자전거,화물차,소형,1040912,1948563,127.9630753,37.53547723
2015,2015111700,44,야간,화,1,1,0,0,0,서울,서초구,차대사람,횡단중,횡단중,운전자법규위반,안전운전 의무 불이행,단일로,기타단일로,승합차,소형,보행자,보행자,955781,1944701,126.9997271,37.50051518
2015,2015111502,45,야간,일,1,1,0,0,0,전북,부안군,차량단독,공작물충돌,공작물충돌,운전자법규위반,안전운전 의무 불이행,단일로,기타단일로,승용차,소형,0,0,936528,1747758,126.7981964,35.72408402
2015,2015111209,45,주간,목,1,1,0,0,0,서울,금천구,차대사람,횡단중,횡단중,운전자법규위반,보행자 보호의무 위반,교차로,교차로내,승용차,대형,보행자,보행자,946962,1939260,126.9003497,37.45100966
2015,2015111217,20,주간,목,1,2,1,0,0,경남,창녕군,차대차,기타,기타,운전자법규위반,안전운전 의무 불이행,단일로,기타단일로,화물차,중형,화물차,소형,1088122,1731298,128.4725256,35.57379631
2015,2015122205,35,야간,화,1,2,1,0,0,인천,연수구,차량단독,전도전복,전도전복,운전자법규위반,안전운전 의무 불이행,단일로,기타단일로,승용차,경형,0,0,924133,1937280,126.64247,37.4315731
2015,2015122219,45,야간,화,1,1,0,0,0,경기,용인시,차대차,추돌,진행중 추돌,운전자법규위반,중앙선 침범,단일로,기타단일로,승용차,중형,승용차,소형,978910,1910157,127.2623777,37.18995996
2015,2015121907,5,주간,토,1,1,0,0,0,서울,마포구,차대차,추돌,진행중 추돌,운전자법규위반,안전운전 의무 불이행,단일로,기타단일로,승용차,중형,자전거,자전거,947121,1953037,126.9011559,37.57519299
2015,2015122004,27,야간,일,1,2,0,0,1,경남,창원시(통합),차대차,추돌,진행중 추돌,운전자법규위반,안전운전 의무 불이행,단일로,교량위,승용차,경형,화물차,대형,1110925,1689345,128.7184358,35.19330503
2015,2015122321,11,야간,수,1,1,0,0,0,인천,계양구,차대사람,차도통행중,차도통행중,운전자법규위반,안전운전 의무 불이행,단일로,기타단일로,승합차,소형,보행자,보행자,931659,1949620,126.7263833,37.54337833
2015,2015121616,0,주간,수,1,1,0,0,0,경기,안산시,차대사람,기타,기타,운전자법규위반,안전운전 의무 불이행,단일로,기타단일로,건설기계,건설기계,보행자,보행자,943879,1921024,126.8668778,37.28646086
2015,2015121706,16,주간,목,1,1,0,0,0,인천,남동구,차대차,측면직각충돌,측면직각충돌,운전자법규위반,중앙선 침범,단일로,기타단일로,이륜차,소형,승합차,대형,931465,1940385,126.7250482,37.46013037
2015,2015123003,6,야간,수,1,1,0,0,0,서울,도봉구,차대사람,횡단중,횡단중,운전자법규위반,안전운전 의무 불이행,교차로,교차로내,화물차,소형,보행자,보행자,959926,1964657,127.0455278,37.68057277
2015,2015122820,50,야간,월,1,1,0,0,0,경북,경주시,차대차,기타,기타,운전자법규위반,안전운전 의무 불이행,단일로,기타단일로,승용차,중형,자전거,자전거,1160099,1763824,129.2730937,35.85789971
2015,2015122922,6,야간,화,1,2,1,0,0,전북,전주시,차대차,측면직각충돌,측면직각충돌,운전자법규위반,신호위반,교차로,교차로내,이륜차,중형,승용차,소형,964390,1757251,127.1058326,35.81107598
2015,2015122910,2,주간,화,1,1,0,0,0,강원,춘천시,차대차,측면직각충돌,측면직각충돌,운전자법규위반,안전운전 의무 불이행,단일로,기타단일로,승용차,대형,자전거,자전거,1024197,1983784,127.7750542,37.85352376
2015,2015123100,20,야간,목,1,7,4,2,0,전남,무안군,차량단독,공작물충돌,공작물충돌,운전자법규위반,안전운전 의무 불이행,단일로,기타단일로,승용차,경형,0,0,907622,1667640,126.4876811,34.99949365
2015,2015123022,20,야간,수,1,1,0,0,0,경북,경산시,차대사람,횡단중,횡단중,운전자법규위반,안전운전 의무 불이행,단일로,횡단보도상,승용차,중형,보행자,보행자,1111808,1757619,128.7375389,35.80866987
2015,2015112301,30,야간,월,1,1,0,0,0,대전,서구,차량단독,공작물충돌,공작물충돌,운전자법규위반,안전운전 의무 불이행,단일로,기타단일로,승용차,중형,0,0,989908,1816088,127.3875377,36.34213355
2015,2015112304,50,야간,월,1,1,0,0,0,인천,부평구,차대차,기타,기타,운전자법규위반,안전운전 의무 불이행,단일로,기타단일로,승용차,중형,자전거,자전거,930183,1946682,126.7099559,37.51678819
2015,2015111817,48,주간,수,1,2,0,0,1,경북,봉화군,차대차,추돌,진행중 추돌,운전자법규위반,안전운전 의무 불이행,단일로,기타단일로,승용차,중형,농기계,농기계,1110356,1880955,128.7389727,36.92049973
2015,2015111904,55,야간,목,1,1,0,0,0,서울,노원구,차대사람,횡단중,횡단중,운전자법규위반,안전운전 의무 불이행,단일로,기타단일로,승용차,중형,보행자,보행자,962106,1959141,127.0705366,37.63094878
2015,2015112918,20,야간,일,1,1,0,0,0,강원,춘천시,차대사람,횡단중,횡단중,운전자법규위반,안전운전 의무 불이행,단일로,기타단일로,승합차,대형,보행자,보행자,1022570,1985662,127.7566185,37.87049196
2015,2015112605,45,야간,목,1,3,1,1,0,울산,북구,차대차,측면직각충돌,측면직각충돌,운전자법규위반,신호위반,교차로,교차로내,승용차,경형,화물차,소형,1168700,1731106,129.3614352,35.56161519
2015,2015112618,10,야간,목,1,1,0,0,0,인천,서구,차대차,측면직각충돌,측면직각충돌,운전자법규위반,신호위반,교차로,교차로내,승합차,대형,원동기장치자전거,원동기장치자전거,926869,1946363,126.6727272,37.51339573
2015,2015120409,10,주간,금,1,1,0,0,0,충북,청주시,차대사람,횡단중,횡단중,운전자법규위반,안전운전 의무 불이행,교차로,교차로부근,화물차,대형,보행자,보행자,987357,1847296,127.3585999,36.62344939
2015,2015120414,30,주간,금,1,2,1,0,0,경북,안동시,차대차,기타,기타,운전자법규위반,안전운전 의무 불이행,단일로,기타단일로,화물차,소형,화물차,소형,1102767,1843932,128.6488,36.58767029
2015,2015120819,20,야간,화,1,1,0,0,0,충북,청주시,차대사람,횡단중,횡단중,운전자법규위반,안전운전 의무 불이행,단일로,기타단일로,승용차,중형,보행자,보행자,999466,1847368,127.4940277,36.62418222
2015,2015120818,10,야간,화,1,1,0,0,0,전북,전주시,차대사람,횡단중,횡단중,운전자법규위반,안전운전 의무 불이행,교차로,교차로내,승용차,중형,보행자,보행자,967995,1759134,127.1456602,35.8281774
2015,2015120607,20,주간,일,1,2,0,1,0,전북,군산시,차대차,정면충돌,정면충돌,운전자법규위반,중앙선 침범,단일로,기타단일로,승용차,소형,화물차,대형,932391,1772253,126.7503829,35.94464132
2015,2015120621,40,야간,일,1,3,2,0,0,경기,고양시,차대차,정면충돌,정면충돌,운전자법규위반,신호위반,교차로,교차로내,승용차,경형,승용차,경형,940875,1960837,126.8297948,37.64511345
2015,2015120417,20,주간,금,1,1,0,0,0,인천,남구,차대차,기타,기타,운전자법규위반,안전운전 의무 불이행,교차로,교차로내,건설기계,건설기계,자전거,자전거,927766,1941484,126.6831182,37.46975377
2015,2015120821,40,야간,화,2,5,2,1,0,충남,보령시,차대차,정면충돌,정면충돌,운전자법규위반,과속,교차로,교차로내,승용차,대형,특수차,대형,919719,1818046,126.6052185,36.35648825
2015,2015120906,35,주간,수,1,1,0,0,0,서울,강북구,차대사람,횡단중,횡단중,운전자법규위반,안전운전 의무 불이행,단일로,기타단일로,승용차,소형,보행자,보행자,959479,1957546,127.0408534,37.61646062
2015,2015111718,40,야간,화,1,1,0,0,0,경북,포항시,차대사람,횡단중,횡단중,운전자법규위반,안전운전 의무 불이행,단일로,기타단일로,화물차,중형,보행자,보행자,1167792,1781632,129.3620153,36.01708517
2015,2015111718,43,야간,화,1,1,0,0,0,부산,금정구,차대사람,보도통행중,보도통행중,운전자법규위반,보행자 보호의무 위반,단일로,기타단일로,승용차,중형,보행자,보행자,1144916,1695721,129.0928132,35.2464446
2015,2015111807,0,주간,수,1,1,0,0,0,경기,평택시,차대사람,횡단중,횡단중,운전자법규위반,보행자 보호의무 위반,단일로,기타단일로,승용차,대형,보행자,보행자,964583,1889908,127.1019135,37.00700052
2015,2015111717,50,주간,화,1,1,0,0,0,충북,보은군,차대사람,차도통행중,차도통행중,운전자법규위반,안전운전 의무 불이행,단일로,기타단일로,화물차,소형,보행자,보행자,1021423,1833189,127.7392033,36.49611752
2015,2015111717,40,주간,화,1,2,1,0,0,서울,동대문구,차대사람,횡단중,횡단중,운전자법규위반,안전운전 의무 불이행,교차로,교차로내,승용차,경형,보행자,보행자,962271,1951730,127.0727887,37.56415826
2015,2015070710,40,주간,화,1,4,3,0,0,충남,보령시,차량단독,도로이탈,도로이탈 추락,운전자법규위반,안전운전 의무 불이행,단일로,기타단일로,승용차,대형,0,0,914837,1817008,126.5509257,36.3467117
2015,2015070515,0,주간,일,1,2,0,1,0,강원,홍천군,차량단독,공작물충돌,공작물충돌,운전자법규위반,안전운전 의무 불이행,단일로,기타단일로,화물차,소형,0,0,1049390,1972074,128.0606225,37.74696707
2015,2015070510,50,주간,일,1,1,0,0,0,경남,양산시,차량단독,전도전복,전도전복,운전자법규위반,안전운전 의무 불이행,단일로,기타단일로,이륜차,소형,0,0,1132899,1718307,128.9644418,35.45170039
2015,2015070517,15,주간,일,1,1,0,0,0,전남,여수시,차대차,측면직각충돌,측면직각충돌,운전자법규위반,안전운전 의무 불이행,교차로,교차로내,원동기장치자전거,원동기장치자전거,승용차,대형,1015374,1643104,127.6680353,34.78234296
2015,2015070402,5,야간,토,1,2,0,1,0,전남,나주시,차대차,추돌,주정차중 추돌,운전자법규위반,안전운전 의무 불이행,단일로,기타단일로,승용차,중형,화물차,소형,930592,1671454,126.739055,35.03572111
2015,2015071004,55,야간,금,1,1,0,0,0,경북,경주시,차대사람,기타,기타,운전자법규위반,안전운전 의무 불이행,단일로,기타단일로,승용차,중형,보행자,보행자,1155084,1762972,129.2174097,35.85102811
2015,2015071003,55,야간,금,1,2,1,0,0,광주,북구,차대차,추돌,주정차중 추돌,운전자법규위반,안전운전 의무 불이행,단일로,기타단일로,승용차,중형,원동기장치자전거,원동기장치자전거,948719,1687361,126.9367919,35.18023559
2015,2015052110,14,주간,목,1,1,0,0,0,서울,송파구,차대사람,횡단중,횡단중,운전자법규위반,안전운전 의무 불이행,단일로,횡단보도상,승합차,대형,보행자,보행자,966098,1944032,127.1164769,37.49492181