발생년,발생년월일시,발생분,주야,요일,사망자수,사상자수,중상자수,경상자수,부상신고자수,발생지시도,발생지시군구,사고유형_대분류,사고유형_중분류,사고유형,법규위반_대분류,법규위반,도로형태_대분류,도로형태,당사자종별_1당_대분류,당사자종별_1당,당사자종별_2당_대분류,당사자종별_2당,발생위치X_UTMK,발생위치Y_UTMK,경도,위도
2015,2015122423,40,야간,목,1,1,0,0,0,경북,김천시,차대사람,횡단중,횡단중,운전자법규위반,보행자 보호의무 위반,교차로,교차로부근,승용차,중형,보행자,보행자,1065608,1799592,128.2297054,36.19124193
2015,2015123018,47,야간,수,1,1,0,0,0,경기,양평군,차대사람,횡단중,횡단중,운전자법규위반,안전운전 의무 불이행,단일로,기타단일로,화물차,경형,보행자,보행자,1003415,1936331,127.5385976,37.42612334
2015,2015123018,5,야간,수,1,2,0,1,0,서울,송파구,차대사람,차도통행중,차도통행중,운전자법규위반,안전운전 의무 불이행,단일로,기타단일로,원동기장치자전거,원동기장치자전거,보행자,보행자,964138,1944384,127.0942873,37.49802048
2015,2015122417,30,주간,목,1,1,0,0,0,전남,담양군,차대차,측면직각충돌,측면직각충돌,운전자법규위반,안전운전 의무 불이행,단일로,기타단일로,이륜차,소형,화물차,소형,950474,1697245,126.9554709,35.26944472
2015,2015122501,53,야간,금,1,1,0,0,0,경기,안산시,차대사람,차도통행중,차도통행중,운전자법규위반,안전운전 의무 불이행,단일로,기타단일로,승용차,중형,보행자,보행자,942564,1923883,126.8518225,37.31214989
2015,2015120917,58,주간,수,1,1,0,0,0,대전,동구,차대사람,횡단중,횡단중,운전자법규위반,안전운전 의무 불이행,단일로,기타단일로,승용차,중형,보행자,보행자,993007,1816226,127.4220708,36.34340518
2015,2015121622,35,야간,수,1,1,0,0,0,전남,여수시,차대차,정면충돌,정면충돌,운전자법규위반,안전운전 의무 불이행,교차로,교차로내,승용차,경형,화물차,대형,1012216,1640700,127.6334841,34.76070702
2015,2015120206,45,주간,수,1,1,0,0,0,인천,남동구,차대차,추돌,주정차중 추돌,운전자법규위반,안전운전 의무 불이행,교차로,교차로부근,승용차,소형,화물차,대형,932681,1934564,126.739328,37.40775524
2015,2015112901,26,야간,일,1,1,0,0,0,경북,군위군,차량단독,공작물충돌,공작물충돌,운전자법규위반,안전운전 의무 불이행,단일로,교량위,승용차,소형,0,0,1095647,1800769,128.563905,36.19934887
2015,2015120102,0,야간,화,1,1,0,0,0,서울,강남구,차대사람,기타,기타,운전자법규위반,안전운전 의무 불이행,단일로,기타단일로,승용차,중형,보행자,보행자,960166,1945216,127.0493076,37.50535675
2015,2015120707,50,주간,월,1,1,0,0,0,전남,완도군,차대차,추돌,진행중 추돌,운전자법규위반,안전운전 의무 불이행,단일로,기타단일로,승용차,중형,농기계,농기계,914687,1578683,126.5740385,34.1980032
2015,2015120708,20,주간,월,1,1,0,0,0,전남,완도군,차대차,측면직각충돌,측면직각충돌,운전자법규위반,안전거리 미확보,단일로,기타단일로,승용차,중형,농기계,농기계,913634,1576320,126.5628466,34.17660821
2015,2015120707,21,주간,월,1,1,0,0,0,전남,진도군,차대차,정면충돌,정면충돌,운전자법규위반,안전거리 미확보,지하도로내,지하도로내,화물차,소형,농기계,농기계,888998,1614750,126.2906029,34.52077615
2015,2015111222,25,야간,목,1,2,0,1,0,대전,중구,차대차,추돌,진행중 추돌,운전자법규위반,차로위반(진로변경 위반),단일로,기타단일로,승용차,중형,원동기장치자전거,원동기장치자전거,991612,1813719,127.4065521,36.32079235
2015,2015111118,20,야간,수,1,1,0,0,0,전남,광양시,차대사람,횡단중,횡단중,운전자법규위반,안전운전 의무 불이행,단일로,기타단일로,승용차,대형,보행자,보행자,1004768,1666137,127.5522449,34.99015032
2015,2015111206,32,주간,목,1,1,0,0,0,경기,화성시,차대사람,차도통행중,차도통행중,운전자법규위반,안전운전 의무 불이행,단일로,기타단일로,승용차,경형,보행자,보행자,954237,1900588,126.9849783,37.10282286
2015,2015122106,50,주간,월,1,2,1,0,0,경북,상주시,차량단독,전도전복,전도전복,운전자법규위반,안전운전 의무 불이행,단일로,교량위,화물차,소형,0,0,1064784,1824187,128.2225838,36.41301575
2015,2015122118,15,야간,월,1,1,0,0,0,강원,속초시,차대사람,횡단중,횡단중,운전자법규위반,안전운전 의무 불이행,단일로,기타단일로,승용차,경형,보행자,보행자,1095977,2021273,128.5959325,38.18661353
2015,2015122300,13,야간,수,1,1,0,0,0,전남,완도군,차대사람,기타,기타,운전자법규위반,안전운전 의무 불이행,교차로,교차로내,승용차,중형,보행자,보행자,914642,1576290,126.5737861,34.17642072
2015,2015121820,25,야간,금,1,2,0,1,0,충북,청주시,차대차,정면충돌,정면충돌,운전자법규위반,안전운전 의무 불이행,단일로,기타단일로,승용차,경형,건설기계,건설기계,1001270,1851115,127.5142101,36.65796063
2015,2015122814,50,주간,월,1,1,0,0,0,부산,동래구,차대사람,횡단중,횡단중,운전자법규위반,안전운전 의무 불이행,교차로,교차로부근,승합차,소형,보행자,보행자,1145634,1691929,129.1000309,35.21216103
2015,2015122622,2,야간,토,1,1,0,0,0,경기,포천시,차대사람,횡단중,횡단중,운전자법규위반,안전운전 의무 불이행,단일로,횡단보도상,승용차,경형,보행자,보행자,974074,1989552,127.2050848,37.905463
2015,2015123111,5,주간,목,1,6,3,2,0,경북,영천시,차대차,정면충돌,정면충돌,운전자법규위반,안전운전 의무 불이행,단일로,교량위,승용차,소형,화물차,소형,1130415,1776245,128.9464856,35.97425419
2015,2015122323,30,야간,수,1,1,0,0,0,경기,이천시,차대사람,횡단중,횡단중,운전자법규위반,안전운전 의무 불이행,교차로,교차로부근,승용차,중형,보행자,보행자,994815,1919621,127.4415142,37.27549301
2015,2015121706,25,주간,목,1,1,0,0,0,경기,광명시,차대차,정면충돌,정면충돌,운전자법규위반,안전운전 의무 불이행,단일로,기타단일로,이륜차,소형,건설기계,건설기계,945770,1940426,126.8867878,37.46144992
2015,2015121618,23,야간,수,1,1,0,0,0,충남,논산시,차대사람,횡단중,횡단중,운전자법규위반,안전운전 의무 불이행,교차로,교차로부근,화물차,소형,보행자,보행자,964343,1794457,127.1036386,36.14651467
2015,2015112304,10,야간,월,1,1,0,0,0,경기,수원시,차대차,추돌,진행중 추돌,운전자법규위반,안전운전 의무 불이행,교차로,교차로부근,승용차,중형,승용차,중형,959815,1916373,127.0469029,37.24536302
2015,2015112309,5,주간,월,1,2,0,1,0,광주,동구,차대차,정면충돌,정면충돌,운전자법규위반,중앙선 침범,교차로,교차로부근,이륜차,소형,승용차,경형,948237,1684499,126.9316781,35.15440492
2015,2015112000,0,야간,금,1,1,0,0,0,경기,평택시,차대사람,횡단중,횡단중,운전자법규위반,안전운전 의무 불이행,단일로,기타단일로,승용차,경형,보행자,보행자,948065,1896438,126.9158081,37.06509343
2015,2015112500,20,야간,수,1,1,0,0,0,서울,영등포구,차대사람,횡단중,횡단중,운전자법규위반,보행자 보호의무 위반,단일로,횡단보도상,승용차,중형,보행자,보행자,949756,1946786,126.9314235,37.51899939
2015,2015111820,56,야간,수,1,1,0,0,0,광주,광산구,차대사람,횡단중,횡단중,운전자법규위반,과속,단일로,기타단일로,승용차,경형,보행자,보행자,940731,1690341,126.8488518,35.20666527
2015,2015112220,19,야간,일,1,1,0,0,0,경기,화성시,차대차,추돌,진행중 추돌,운전자법규위반,안전운전 의무 불이행,단일로,기타단일로,승합차,소형,이륜차,소형,950995,1913513,126.9476469,37.2191617
2015,2015120117,53,주간,화,1,1,0,0,0,강원,삼척시,차량단독,도로이탈,도로이탈 추락,운전자법규위반,안전운전 의무 불이행,단일로,기타단일로,이륜차,소형,0,0,1147261,1935699,129.1639502,37.40872185
2015,2015120109,30,주간,화,1,3,0,2,0,충남,당진시,차대차,추돌,진행중 추돌,운전자법규위반,안전운전 의무 불이행,단일로,기타단일로,승용차,대형,화물차,소형,919256,1881459,126.5933842,36.92804475
2015,2015120206,30,주간,수,1,3,0,2,0,경기,성남시,차대차,추돌,주정차중 추돌,운전자법규위반,안전운전 의무 불이행,교차로,교차로부근,승용차,중형,승용차,중형,964131,1933506,127.0947374,37.39997115
2015,2015120118,25,야간,화,1,8,0,5,2,경기,평택시,차대차,추돌,주정차중 추돌,운전자법규위반,안전운전 의무 불이행,단일로,기타단일로,화물차,소형,승합차,경형,961504,1884939,127.0675601,36.96208787
2015,2015112506,30,주간,수,1,1,0,0,0,경기,평택시,차대차,기타,기타,운전자법규위반,안전운전 의무 불이행,단일로,기타단일로,화물차,중형,자전거,자전거,966268,1891748,127.1207701,37.02364868
2015,2015120506,45,주간,토,1,2,1,0,0,경남,창녕군,차대사람,기타,기타,운전자법규위반,안전운전 의무 불이행,단일로,기타단일로,승용차,중형,보행자,보행자,1087860,1732938,128.4698128,35.58860466
2015,2015060811,43,주간,월,1,1,0,0,0,서울,도봉구,차대사람,차도통행중,차도통행중,운전자법규위반,부당한 회전,교차로,교차로내,승용차,중형,보행자,보행자,959899,1963616,127.0452789,37.67118894
2015,2015061622,30,야간,화,1,1,0,0,0,전남,영암군,차량단독,공작물충돌,공작물충돌,운전자법규위반,안전운전 의무 불이행,단일로,기타단일로,화물차,소형,0,0,928721,1649294,126.7204371,34.83578072
2015,2015061618,3,야간,화,1,1,0,0,0,경기,화성시,차대사람,차도통행중,차도통행중,운전자법규위반,안전운전 의무 불이행,단일로,기타단일로,승용차,중형,보행자,보행자,966651,1905936,127.1244454,37.15155444
2015,2015062110,30,주간,일,1,2,1,0,0,경남,통영시,차대차,정면충돌,정면충돌,운전자법규위반,중앙선 침범,단일로,기타단일로,승용차,중형,승용차,소형,1084455,1650981,128.4238206,34.84998281
2015,2015062004,40,야간,토,1,3,2,0,0,전남,함평군,차대차,추돌,주정차중 추돌,운전자법규위반,안전운전 의무 불이행,단일로,기타단일로,승용차,소형,승용차,소형,917369,1687936,126.5924552,35.18332959
2015,2015061918,5,야간,금,1,1,0,0,0,경기,의정부시,차대차,추돌,진행중 추돌,운전자법규위반,안전운전 의무 불이행,단일로,기타단일로,화물차,중형,자전거,자전거,963966,1973830,127.0908892,37.76341756
2015,2015062602,0,야간,금,1,1,0,0,0,충북,청주시,차대사람,기타,기타,운전자법규위반,안전운전 의무 불이행,단일로,기타단일로,승용차,중형,보행자,보행자,998983,1850779,127.4886212,36.65493191
2015,2015062521,32,야간,목,1,2,1,0,0,경남,창원시(통합),차대차,추돌,진행중 추돌,운전자법규위반,안전운전 의무 불이행,단일로,기타단일로,승용차,대형,승용차,대형,1087661,1680679,128.4620126,35.11747436
2015,2015062408,0,주간,수,1,2,1,0,0,경기,화성시,차대차,정면충돌,정면충돌,운전자법규위반,중앙선 침범,단일로,기타단일로,승용차,소형,승용차,중형,952756,1915284,126.9673827,37.23521584
2015,2015062307,50,주간,화,1,1,0,0,0,대구,수성구,차대사람,기타,기타,운전자법규위반,안전운전 의무 불이행,단일로,기타단일로,승용차,중형,보행자,보행자,1101567,1759886,128.6244959,35.83021905
2015,2015062311,37,주간,화,1,1,0,0,0,경기,화성시,차량단독,공작물충돌,공작물충돌,운전자법규위반,안전운전 의무 불이행,단일로,기타단일로,자전거,자전거,0,0,938796,1907918,126.8106144,37.16801028
2015,2015062322,29,야간,화,1,1,0,0,0,전남,목포시,차대사람,횡단중,횡단중,운전자법규위반,안전운전 의무 불이행,기타/불명,기타/불명,승용차,중형,보행자,보행자,898731,1644955,126.3930127,34.79411636
2015,2015062909,35,주간,월,1,1,0,0,0,경북,김천시,차대사람,횡단중,횡단중,운전자법규위반,안전운전 의무 불이행,단일로,기타단일로,승용차,중형,보행자,보행자,1060298,1792214,128.1700841,36.12507407
2015,2015062912,40,주간,월,1,1,0,0,0,경기,양주시,차대사람,횡단중,횡단중,운전자법규위반,신호위반,교차로,교차로내,승합차,소형,보행자,보행자,963567,1977074,127.0861963,37.79263993
2015,2015062804,27,야간,일,1,1,0,0,0,전북,김제시,차량단독,공작물충돌,공작물충돌,운전자법규위반,안전운전 의무 불이행,단일로,기타단일로,승용차,대형,0,0,941920,1755378,126.8572593,35.79311687
2015,2015062611,40,주간,금,1,1,0,0,0,경기,평택시,차대사람,횡단중,횡단중,운전자법규위반,안전운전 의무 불이행,교차로,교차로내,화물차,소형,보행자,보행자,960848,1894295,127.0597051,37.04639725
2015,2015062712,20,주간,토,1,1,0,0,0,울산,남구,차대차,기타,기타,운전자법규위반,중앙선 침범,단일로,기타단일로,자전거,자전거,승합차,경형,1164245,1728736,129.3118203,35.54100536
2015,2015070102,0,야간,수,1,4,2,1,0,광주,서구,차대차,측면직각충돌,측면직각충돌,운전자법규위반,기타(운전자법규위반),단일로,기타단일로,승용차,소형,승용차,중형,939165,1682979,126.8321913,35.14019155
2015,2015063018,15,야간,화,1,2,1,0,0,경남,창녕군,차량단독,도로이탈,도로이탈 기타,운전자법규위반,안전운전 의무 불이행,단일로,기타단일로,화물차,소형,0,0,1091876,1720979,128.5127799,35.48042671
2015,2015070601,6,야간,월,1,2,0,1,0,경북,경주시,차량단독,기타,기타,운전자법규위반,안전운전 의무 불이행,단일로,기타단일로,원동기장치자전거,원동기장치자전거,0,0,1133427,1758552,128.9769175,35.81437819
2015,2015070606,10,주간,월,1,1,0,0,0,충남,홍성군,차대사람,기타,기타,운전자법규위반,안전운전 의무 불이행,단일로,기타단일로,화물차,소형,보행자,보행자,927032,1843844,126.6842852,36.58962212
2015,2015070515,5,주간,일,1,1,0,0,0,경북,영덕군,차대차,측면직각충돌,측면직각충돌,운전자법규위반,안전운전 의무 불이행,교차로,교차로내,승용차,소형,이륜차,소형,1168431,1825847,129.378607,36.41538666
2015,2015070915,10,주간,목,1,1,0,0,0,경북,포항시,차대차,기타,기타,운전자법규위반,안전운전 의무 불이행,단일로,기타단일로,화물차,대형,자전거,자전거,1168416,1779411,129.3684642,35.99696377
2015,2015071012,10,주간,금,1,1,0,0,0,경북,포항시,차대사람,기타,기타,운전자법규위반,안전운전 의무 불이행,단일로,기타단일로,승용차,중형,보행자,보행자,1157799,1789939,129.2528292,36.09361503
2015,2015070822,0,야간,수,1,1,0,0,0,경남,밀양시,차대사람,횡단중,횡단중,운전자법규위반,보행자 보호의무 위반,단일로,횡단보도상,화물차,소형,보행자,보행자,1115254,1720511,128.7703662,35.47377036
2015,2015071001,45,야간,금,1,1,0,0,0,부산,동래구,차대사람,횡단중,횡단중,운전자법규위반,안전운전 의무 불이행,단일로,기타단일로,화물차,소형,보행자,보행자,1142464,1690420,129.0649538,35.19901447
2015,2015071003,40,야간,금,1,2,0,1,0,서울,용산구,차대차,측면직각충돌,측면직각충돌,운전자법규위반,기타(운전자법규위반),단일로,기타단일로,이륜차,중형,화물차,중형,952600,1947400,126.9635661,37.52468406
2015,2015052106,21,주간,목,1,1,0,0,0,부산,진구,차대차,기타,기타,운전자법규위반,신호위반,단일로,횡단보도상,승합차,대형,자전거,자전거,1142730,1687767,129.0674155,35.17506312
2015,2015052620,10,야간,화,1,1,0,0,0,대구,북구,차대차,추돌,진행중 추돌,운전자법규위반,안전운전 의무 불이행,단일로,기타단일로,화물차,소형,자전거,자전거,1098374,1769091,128.5902869,35.91352307
2015,2015052618,40,야간,화,1,1,0,0,0,경북,김천시,차량단독,공작물충돌,공작물충돌,운전자법규위반,안전운전 의무 불이행,단일로,기타단일로,농기계,농기계,0,0,1055954,1796781,128.1221375,36.16650675
2015,2015052622,30,야간,화,1,2,0,1,0,서울,동작구,차대차,측면직각충돌,측면직각충돌,운전자법규위반,신호위반,교차로,교차로내,이륜차,중형,이륜차,소형,950892,1945244,126.9443813,37.50516219
2015,2015052621,0,야간,화,1,1,0,0,0,전북,익산시,차대차,추돌,진행중 추돌,운전자법규위반,안전운전 의무 불이행,단일로,기타단일로,화물차,소형,자전거,자전거,955516,1778694,127.00641,36.0040385
2015,2015032405,30,야간,화,1,1,0,0,0,경북,칠곡군,차대사람,기타,기타,운전자법규위반,안전운전 의무 불이행,단일로,기타단일로,화물차,소형,보행자,보행자,1094688,1778361,128.550547,35.99745139
2015,2015060913,20,주간,화,1,2,1,0,0,경남,김해시,차대차,추돌,진행중 추돌,운전자법규위반,안전운전 의무 불이행,단일로,기타단일로,승합차,소형,화물차,소형,1117926,1691040,128.7955627,35.2077871
2015,2015102923,40,야간,목,1,1,0,0,0,경기,군포시,차대차,추돌,진행중 추돌,운전자법규위반,안전운전 의무 불이행,단일로,기타단일로,화물차,소형,화물차,대형,950310,1925658,126.9391148,37.32859537
2015,2015121217,4,주간,토,1,34,13,16,4,경기,성남시,차대차,추돌,주정차중 추돌,운전자법규위반,안전운전 의무 불이행,단일로,기타단일로,승합차,대형,승합차,경형,964402,1934252,127.0979017,37.40658724
2015,2015082303,20,야간,일,1,2,0,1,0,전남,장성군,차량단독,공작물충돌,공작물충돌,운전자법규위반,안전운전 의무 불이행,단일로,기타단일로,승용차,소형,0,0,938675,1692789,126.8260829,35.22861407
2015,2015101403,50,야간,수,1,2,0,1,0,경기,용인시,차대차,추돌,진행중 추돌,운전자법규위반,안전운전 의무 불이행,단일로,기타단일로,승용차,중형,화물차,대형,964322,1921282,127.0974839,37.2897953
2015,2015080713,20,주간,금,2,6,4,0,0,경기,남양주시,차대차,측면직각충돌,측면직각충돌,운전자법규위반,안전운전 의무 불이행,단일로,기타단일로,승용차,중형,승용차,중형,979917,1956985,127.2724508,37.61207792
2015,2015081105,0,야간,화,1,1,0,0,0,경남,함안군,차대차,추돌,주정차중 추돌,운전자법규위반,안전운전 의무 불이행,단일로,기타단일로,화물차,대형,화물차,대형,1082263,1699432,128.4046536,35.28700734
2015,2015122121,25,야간,월,1,1,0,0,0,경남,산청군,차대차,추돌,진행중 추돌,운전자법규위반,안전운전 의무 불이행,단일로,기타단일로,화물차,중형,화물차,대형,1040616,1700083,127.9467088,35.29543548
2015,2015112806,30,주간,토,1,1,0,0,0,경기,시흥시,차대차,추돌,주정차중 추돌,운전자법규위반,안전운전 의무 불이행,단일로,기타단일로,화물차,중형,승용차,중형,938941,1938607,126.8097236,37.44462921
2015,2015041314,0,주간,월,1,1,0,0,0,경기,성남시,차대사람,기타,기타,운전자법규위반,안전운전 의무 불이행,단일로,기타단일로,승합차,대형,보행자,보행자,963564,1933882,127.0883128,37.40333813
2015,2015032818,0,야간,토,1,2,1,0,0,경기,안산시,차량단독,공작물충돌,공작물충돌,운전자법규위반,안전운전 의무 불이행,단일로,기타단일로,승용차,중형,0,0,946999,1921772,126.9020205,37.29338599
2015,2015010400,3,야간,일,1,1,0,0,0,서울,관악구,차대사람,횡단중,횡단중,운전자법규위반,안전운전 의무 불이행,단일로,기타단일로,승합차,대형,보행자,보행자,951585,1942458,126.9524051,37.48008785
2015,2015032705,54,야간,금,1,1,0,0,0,충남,서산시,차대차,추돌,진행중 추돌,운전자법규위반,안전운전 의무 불이행,단일로,기타단일로,승용차,중형,건설기계,건설기계,916325,1858185,126.5630393,36.71800912
2015,2015062202,11,야간,월,1,1,0,0,0,경기,안성시,차대차,기타,기타,운전자법규위반,안전운전 의무 불이행,단일로,기타단일로,화물차,중형,승합차,소형,967630,1893018,127.1360274,37.03514466
2015,2015092305,30,야간,수,1,1,0,0,0,경남,창원시(통합),차대차,추돌,진행중 추돌,운전자법규위반,안전운전 의무 불이행,단일로,기타단일로,화물차,대형,화물차,소형,1101231,1699321,128.6132009,35.28426694
2015,2015101423,35,야간,수,1,2,1,0,0,강원,평창군,차대차,추돌,진행중 추돌,운전자법규위반,안전거리 미확보,단일로,기타단일로,승용차,대형,승용차,중형,1081298,1955414,128.4217998,37.59538726
2015,2015090208,55,주간,수,1,5,4,0,0,강원,홍천군,차대차,측면직각충돌,측면직각충돌,운전자법규위반,신호위반,교차로,교차로내,건설기계,건설기계,승용차,중형,1040075,1973818,127.9549883,37.76314121
2015,2015010307,10,주간,토,1,3,1,1,0,경남,남해군,차량단독,공작물충돌,공작물충돌,운전자법규위반,안전운전 의무 불이행,단일로,기타단일로,승합차,소형,0,0,1033939,1660770,127.8716609,34.94119617
2015,2015010412,58,주간,일,1,2,1,0,0,세종,세종,차대차,추돌,주정차중 추돌,운전자법규위반,안전운전 의무 불이행,단일로,기타단일로,이륜차,중형,승용차,중형,981784,1843164,127.2963693,36.58610925
2015,2015010800,0,야간,목,1,1,0,0,0,충남,태안군,차량단독,공작물충돌,공작물충돌,운전자법규위반,안전운전 의무 불이행,단일로,기타단일로,승용차,경형,0,0,893342,1861357,126.3052868,36.74429429
2015,2015010723,30,야간,수,1,1,0,0,0,충북,충주시,차량단독,도로이탈,도로이탈 기타,운전자법규위반,안전운전 의무 불이행,단일로,기타단일로,승용차,중형,0,0,1044193,1871926,127.995675,36.84453528
2015,2015010613,20,주간,화,1,1,0,0,0,경기,광주시,차대사람,횡단중,횡단중,운전자법규위반,안전운전 의무 불이행,단일로,기타단일로,승용차,중형,보행자,보행자,978110,1934663,127.2526418,37.41083588
2015,2015010614,10,주간,화,1,1,0,0,0,경기,하남시,차량단독,전도전복,전도전복,운전자법규위반,안전운전 의무 불이행,기타/불명,기타/불명,승용차,중형,0,0,975229,1943173,127.2198007,37.48746933
2015,2015010602,30,야간,화,1,1,0,0,0,제주,제주시,차대사람,횡단중,횡단중,운전자법규위반,안전운전 의무 불이행,단일로,기타단일로,승용차,경형,보행자,보행자,906416,1499335,126.4927104,33.48175278
2015,2015011613,16,주간,금,1,1,0,0,0,경기,수원시,차량단독,전도전복,전도전복,운전자법규위반,안전운전 의무 불이행,교차로,교차로내,이륜차,중형,0,0,956515,1922640,127.0093292,37.30170355
2015,2015011703,10,야간,토,1,1,0,0,0,대구,북구,차대사람,횡단중,횡단중,운전자법규위반,안전운전 의무 불이행,단일로,횡단보도상,승용차,소형,보행자,보행자,1094505,1770550,128.5475864,35.92705699
2015,2015011812,25,주간,일,1,1,0,0,0,강원,철원군,차대차,추돌,진행중 추돌,운전자법규위반,안전운전 의무 불이행,단일로,기타단일로,승용차,소형,자전거,자전거,993767,2027246,127.4287688,38.24553872
2015,2015012414,0,주간,토,1,1,0,0,0,대구,서구,차대사람,횡단중,횡단중,운전자법규위반,보행자 보호의무 위반,교차로,교차로부근,화물차,대형,보행자,보행자,1094631,1762514,128.5480277,35.85460351
2015,2015012400,28,야간,토,1,2,1,0,0,충남,공주시,차대차,측면직각충돌,측면직각충돌,운전자법규위반,중앙선 침범,단일로,기타단일로,승용차,중형,승합차,경형,967466,1828963,127.136914,36.45770672
2015,2015012316,25,주간,금,1,2,0,1,0,충남,태안군,차대차,정면충돌,정면충돌,운전자법규위반,신호위반,교차로,교차로내,이륜차,소형,화물차,소형,891271,1864560,126.281637,36.77292701
2015,2015012719,42,야간,화,1,1,0,0,0,전남,순천시,차대사람,기타,기타,운전자법규위반,안전운전 의무 불이행,교차로,교차로내,승용차,중형,보행자,보행자,998380,1664343,127.4822525,34.97398293
2015,2015012623,5,야간,월,1,1,0,0,0,경북,포항시,차대사람,횡단중,횡단중,운전자법규위반,안전운전 의무 불이행,교차로,교차로내,승용차,대형,보행자,보행자,1172185,1777161,129.4097693,35.97603068
2015,2015020222,44,야간,월,1,1,0,0,0,대구,북구,차량단독,기타,기타,운전자법규위반,안전운전 의무 불이행,단일로,기타단일로,이륜차,소형,0,0,1097396,1772851,128.5799102,35.94751531
2015,2015020701,0,야간,토,1,2,0,1,0,경북,구미시,차대차,추돌,주정차중 추돌,운전자법규위반,안전운전 의무 불이행,교차로,교차로부근,화물차,소형,화물차,대형,1078556,1791742,128.3729171,36.1195124
2015,2015020707,15,주간,토,1,1,0,0,0,대구,동구,차량단독,기타,기타,운전자법규위반,안전운전 의무 불이행,단일로,기타단일로,이륜차,소형,0,0,1108912,1763972,128.706358,35.86626267
2015,2015020705,20,야간,토,1,1,0,0,0,충남,천안시,차대차,기타,기타,운전자법규위반,안전운전 의무 불이행,단일로,기타단일로,승용차,중형,화물차,대형,964358,1861705,127.1007104,36.75275911
2015,2015020704,0,야간,토,1,1,0,0,0,서울,영등포구,차대차,측면직각충돌,측면직각충돌,운전자법규위반,안전운전 의무 불이행,교차로,교차로부근,자전거,자전거,화물차,소형,948447,1946627,126.9166223,37.51749406
2015,2015020519,17,야간,목,1,1,0,0,0,대구,북구,차대차,기타,기타,운전자법규위반,안전운전 의무 불이행,교차로,교차로내,승용차,경형,자전거,자전거,1097322,1766463,128.5783079,35.88993829
2015,2015021101,15,야간,수,1,1,0,0,0,경기,수원시,차대사람,기타,기타,운전자법규위반,안전운전 의무 불이행,단일로,기타단일로,승용차,중형,보행자,보행자,956034,1920239,127.004044,37.28003916
2015,2015020801,15,야간,일,2,5,3,0,0,전남,광양시,차량단독,공작물충돌,공작물충돌,운전자법규위반,안전운전 의무 불이행,단일로,기타단일로,승용차,중형,0,0,1009001,1664469,127.5986094,34.97508039
2015,2015020801,50,야간,일,1,1,0,0,0,경남,김해시,차량단독,공작물충돌,공작물충돌,운전자법규위반,안전운전 의무 불이행,단일로,기타단일로,승용차,경형,0,0,1134925,1695142,128.9829382,35.24262084
2015,2015020811,6,주간,일,1,1,0,0,0,충남,당진시,차량단독,전도전복,전도전복,운전자법규위반,안전운전 의무 불이행,단일로,기타단일로,승용차,중형,0,0,930717,1881664,126.722041,36.93080505
2015,2015021408,9,주간,토,1,3,1,1,0,인천,중구,차대차,정면충돌,정면충돌,운전자법규위반,신호위반,교차로,교차로내,건설기계,건설기계,승용차,중형,916005,1944443,126.549793,37.49542736
2015,2015021400,50,야간,토,1,1,0,0,0,대전,유성구,차대사람,횡단중,횡단중,운전자법규위반,안전운전 의무 불이행,단일로,기타단일로,승용차,중형,보행자,보행자,982672,1822843,127.3067516,36.40292902
2015,2015021404,35,야간,토,1,1,0,0,0,대구,달서구,차대차,기타,기타,운전자법규위반,안전운전 의무 불이행,단일로,횡단보도상,화물차,소형,자전거,자전거,1094348,1761026,128.5447181,35.84121698
2015,2015021207,9,주간,목,1,1,0,0,0,경기,김포시,차량단독,공작물충돌,공작물충돌,운전자법규위반,안전운전 의무 불이행,교차로,교차로내,승용차,경형,0,0,928778,1959958,126.6927677,37.63633278
2015,2015021307,36,주간,금,1,1,0,0,0,전남,함평군,차량단독,공작물충돌,공작물충돌,운전자법규위반,안전운전 의무 불이행,교차로,교차로내,승용차,소형,0,0,908919,1670499,126.5015791,35.02538822
2015,2015021115,20,주간,수,1,1,0,0,0,부산,영도구,차대사람,기타,기타,운전자법규위반,부당한 회전,단일로,기타단일로,승용차,중형,보행자,보행자,1143161,1677161,129.0703104,35.07940088
2015,2015050700,57,야간,목,1,8,0,7,0,충남,서산시,차량단독,공작물충돌,공작물충돌,정비불량,정비불량 제차의 운전금지위반,단일로,기타단일로,승합차,소형,0,0,915934,1855781,126.5589259,36.69630575
2015,2015040423,1,야간,토,1,1,0,0,0,충북,청주시,차대차,기타,기타,운전자법규위반,안전운전 의무 불이행,단일로,기타단일로,승용차,중형,승용차,중형,993982,1836180,127.4327811,36.52330274
2015,2015070717,0,주간,화,1,1,0,0,0,충남,서산시,차량단독,전도전복,전도전복,운전자법규위반,안전운전 의무 불이행,교차로,교차로부근,이륜차,사발이,0,0,906032,1877250,126.4454452,36.88888286
2015,2015071820,40,야간,토,1,1,0,0,0,제주,제주시,차대사람,기타,기타,운전자법규위반,보행자 보호의무 위반,교차로,교차로내,승용차,중형,보행자,보행자,898053,1499545,126.4027761,33.48285158
2015,2015100701,25,야간,수,1,1,0,0,0,경남,창원시(통합),차대사람,차도통행중,차도통행중,운전자법규위반,안전운전 의무 불이행,단일로,기타단일로,승용차,대형,보행자,보행자,1100637,1702338,128.6070403,35.31152606